timestamp,vehicule_id,lat,lon,vitesse_kmh
2026-08-01T00:00:00,VH-001,47.44198,-1.39471,50
2026-08-01T00:30:00,VH-001,47.36277,-1.5204,70
2026-08-01T01:00:00,VH-001,46.95579,-1.84379,50
2026-08-01T01:30:00,VH-001,47.41016,-1.69403,70
2026-08-01T02:00:00,VH-001,46.95629,-1.40059,50
2026-08-01T02:30:00,VH-001,47.02407,-1.36528,0
2026-08-01T03:00:00,VH-001,47.28756,-1.31457,0
2026-08-01T03:30:00,VH-001,47.21464,-1.71728,0
2026-08-01T04:00:00,VH-001,47.18087,-1.52799,110
2026-08-01T04:30:00,VH-001,47.16615,-1.75912,0
2026-08-01T05:00:00,VH-001,47.25802,-1.42233,0
2026-08-01T05:30:00,VH-001,47.20662,-1.31723,50
2026-08-01T06:00:00,VH-001,47.43945,-1.40234,30
2026-08-01T06:30:00,VH-001,47.05785,-1.57369,30
2026-08-01T07:00:00,VH-001,47.35508,-1.34039,0
2026-08-01T07:30:00,VH-001,47.05827,-1.48897,0
2026-08-01T08:00:00,VH-001,47.12373,-1.34987,0
2026-08-01T08:30:00,VH-001,47.50022,-1.34979,90
2026-08-01T09:00:00,VH-001,47.33856,-1.39278,70
2026-08-01T09:30:00,VH-001,47.39862,-1.27408,50
2026-08-01T10:00:00,VH-001,46.98899,-1.74586,50
2026-08-01T10:30:00,VH-001,47.44617,-1.60503,0
2026-08-01T11:00:00,VH-001,47.14422,-1.50404,70
2026-08-01T11:30:00,VH-001,47.46967,-1.43464,90
2026-08-01T12:00:00,VH-001,47.1439,-1.42335,70
2026-08-01T12:30:00,VH-001,47.17469,-1.46323,70
2026-08-01T13:00:00,VH-001,47.30556,-1.73642,50
2026-08-01T13:30:00,VH-001,47.3466,-1.55374,90
2026-08-01T14:00:00,VH-001,47.12849,-1.55412,110
2026-08-01T14:30:00,VH-001,47.47693,-1.32416,0
2026-08-01T15:00:00,VH-001,47.18135,-1.27909,30
2026-08-01T15:30:00,VH-001,47.15658,-1.34168,50
2026-08-01T16:00:00,VH-001,47.15721,-1.76227,110
2026-08-01T16:30:00,VH-001,47.22596,-1.84956,110
2026-08-01T17:00:00,VH-001,47.5098,-1.60705,90
2026-08-01T17:30:00,VH-001,47.46449,-1.76767,70
2026-08-01T18:00:00,VH-001,47.35283,-1.61752,0
2026-08-01T18:30:00,VH-001,47.26943,-1.51733,70
2026-08-01T19:00:00,VH-001,47.39019,-1.69599,110
2026-08-01T19:30:00,VH-001,47.2226,-1.58954,70
2026-08-01T20:00:00,VH-001,47.43197,-1.7304,0
2026-08-01T20:30:00,VH-001,47.48029,-1.77831,30
2026-08-01T21:00:00,VH-001,47.12895,-1.38438,0
2026-08-01T21:30:00,VH-001,47.17145,-1.60705,90
2026-08-01T22:00:00,VH-001,47.4553,-1.61974,110
2026-08-01T22:30:00,VH-001,47.43886,-1.28883,30
2026-08-01T23:00:00,VH-001,47.40262,-1.69268,0
2026-08-01T23:30:00,VH-001,47.48041,-1.51172,30
2026-08-02T00:00:00,VH-001,47.36372,-1.43826,0
2026-08-02T00:30:00,VH-001,47.36577,-1.69079,30
2026-08-02T01:00:00,VH-001,47.4277,-1.56398,30
2026-08-02T01:30:00,VH-001,47.18978,-1.71335,0
2026-08-02T02:00:00,VH-001,47.19485,-1.34834,110
2026-08-02T02:30:00,VH-001,47.44376,-1.68228,50
2026-08-02T03:00:00,VH-001,47.13931,-1.6858,0
2026-08-02T03:30:00,VH-001,47.21208,-1.69663,0
2026-08-02T04:00:00,VH-001,47.31785,-1.63473,50
2026-08-02T04:30:00,VH-001,47.07073,-1.59502,30
2026-08-02T05:00:00,VH-001,47.31619,-1.52007,110
2026-08-02T05:30:00,VH-001,47.25278,-1.42739,30
2026-08-02T06:00:00,VH-001,47.29245,-1.35994,110
2026-08-02T06:30:00,VH-001,47.26449,-1.65772,110
2026-08-02T07:00:00,VH-001,47.09444,-1.84125,30
2026-08-02T07:30:00,VH-001,47.30377,-1.57408,110
2026-08-02T08:00:00,VH-001,47.09134,-1.66095,110
2026-08-02T08:30:00,VH-001,47.08175,-1.71143,70
2026-08-02T09:00:00,VH-001,47.07732,-1.31921,0
2026-08-02T09:30:00,VH-001,47.51062,-1.38102,0
2026-08-02T10:00:00,VH-001,47.11636,-1.51765,90
2026-08-02T10:30:00,VH-001,47.10718,-1.60949,90
2026-08-02T11:00:00,VH-001,47.1086,-1.75646,0
2026-08-02T11:30:00,VH-001,47.48899,-1.4276,50
2026-08-02T12:00:00,VH-001,46.94487,-1.57734,0
2026-08-02T12:30:00,VH-001,47.48564,-1.63847,70
2026-08-02T13:00:00,VH-001,47.03869,-1.44997,0
2026-08-02T13:30:00,VH-001,46.94318,-1.69215,90
2026-08-02T14:00:00,VH-001,47.10416,-1.6699,110
2026-08-02T14:30:00,VH-001,47.2389,-1.81247,0
2026-08-02T15:00:00,VH-001,47.33774,-1.67074,70
2026-08-02T15:30:00,VH-001,47.17862,-1.82013,30
2026-08-02T16:00:00,VH-001,47.09014,-1.32691,110
2026-08-02T16:30:00,VH-001,46.93485,-1.47534,0
2026-08-02T17:00:00,VH-001,47.23265,-1.78143,0
2026-08-02T17:30:00,VH-001,47.50595,-1.41324,30
2026-08-02T18:00:00,VH-001,47.03937,-1.53193,110
2026-08-02T18:30:00,VH-001,46.94913,-1.34078,50
2026-08-02T19:00:00,VH-001,47.20765,-1.51763,30
2026-08-02T19:30:00,VH-001,47.0576,-1.72528,70
2026-08-02T20:00:00,VH-001,47.14317,-1.70343,110
2026-08-02T20:30:00,VH-001,47.2027,-1.27283,0
2026-08-02T21:00:00,VH-001,47.34897,-1.27751,30
2026-08-02T21:30:00,VH-001,47.51635,-1.43649,110
2026-08-02T22:00:00,VH-001,47.04553,-1.65244,110
2026-08-02T22:30:00,VH-001,47.47873,-1.51505,70
2026-08-02T23:00:00,VH-001,47.33061,-1.30098,0
2026-08-02T23:30:00,VH-001,47.18988,-1.59175,30
2026-08-03T00:00:00,VH-001,47.06832,-1.52276,0
2026-08-03T00:30:00,VH-001,47.46838,-1.53183,90
2026-08-03T01:00:00,VH-001,47.16435,-1.48512,50
2026-08-03T01:30:00,VH-001,47.39601,-1.42178,0
2026-08-03T02:00:00,VH-001,47.50943,-1.6986,70
2026-08-03T02:30:00,VH-001,46.95998,-1.46116,0
2026-08-03T03:00:00,VH-001,47.50259,-1.77952,50
2026-08-03T03:30:00,VH-001,47.17084,-1.52702,70
2026-08-03T04:00:00,VH-001,47.45293,-1.77001,70
2026-08-03T04:30:00,VH-001,47.51854,-1.62182,30
2026-08-03T05:00:00,VH-001,47.33777,-1.27244,70
2026-08-03T05:30:00,VH-001,47.04001,-1.45812,110
2026-08-03T06:00:00,VH-001,47.11014,-1.48888,90
2026-08-03T06:30:00,VH-001,47.17168,-1.29258,110
2026-08-03T07:00:00,VH-001,47.05809,-1.33248,0
2026-08-03T07:30:00,VH-001,47.12037,-1.32944,110
2026-08-03T08:00:00,VH-001,47.2431,-1.5865,50
2026-08-03T08:30:00,VH-001,47.06543,-1.58481,0
2026-08-03T09:00:00,VH-001,47.16048,-1.71588,90
2026-08-03T09:30:00,VH-001,47.31896,-1.76754,30
2026-08-03T10:00:00,VH-001,47.15928,-1.35118,70
2026-08-03T10:30:00,VH-001,47.13861,-1.60799,0
2026-08-03T11:00:00,VH-001,47.13083,-1.70811,30
2026-08-03T11:30:00,VH-001,46.92423,-1.72583,0
2026-08-03T12:00:00,VH-001,47.25376,-1.42754,0
2026-08-03T12:30:00,VH-001,47.11993,-1.75958,0
2026-08-03T13:00:00,VH-001,47.25353,-1.36642,0
2026-08-03T13:30:00,VH-001,47.1846,-1.56391,50
2026-08-03T14:00:00,VH-001,47.16284,-1.5686,110
2026-08-03T14:30:00,VH-001,46.9757,-1.45804,30
2026-08-03T15:00:00,VH-001,47.39003,-1.83487,90
2026-08-03T15:30:00,VH-001,47.29004,-1.80825,110
2026-08-03T16:00:00,VH-001,47.22705,-1.46442,90
2026-08-03T16:30:00,VH-001,47.43278,-1.57892,50
2026-08-03T17:00:00,VH-001,47.24638,-1.39472,30
2026-08-03T17:30:00,VH-001,47.05449,-1.6223,90
2026-08-03T18:00:00,VH-001,47.32136,-1.37557,0
2026-08-03T18:30:00,VH-001,47.33508,-1.76878,0
2026-08-03T19:00:00,VH-001,47.48797,-1.46427,50
2026-08-03T19:30:00,VH-001,47.17077,-1.6329,110
2026-08-03T20:00:00,VH-001,47.38753,-1.52813,0
2026-08-03T20:30:00,VH-001,47.24903,-1.61344,0
2026-08-03T21:00:00,VH-001,47.39924,-1.63028,0
2026-08-03T21:30:00,VH-001,47.43522,-1.78556,110
2026-08-03T22:00:00,VH-001,47.20506,-1.56588,90
2026-08-03T22:30:00,VH-001,47.20213,-1.38584,90
2026-08-03T23:00:00,VH-001,46.93347,-1.64462,50
2026-08-03T23:30:00,VH-001,47.06133,-1.75605,70
2026-08-01T00:00:00,VH-002,43.58486,5.36378,70
2026-08-01T00:30:00,VH-002,43.16087,5.19457,0
2026-08-01T01:00:00,VH-002,43.30789,5.33144,0
2026-08-01T01:30:00,VH-002,43.0287,5.18002,30
2026-08-01T02:00:00,VH-002,43.2008,5.26635,110
2026-08-01T02:30:00,VH-002,43.51264,5.16425,30
2026-08-01T03:00:00,VH-002,43.07375,5.20771,70
2026-08-01T03:30:00,VH-002,43.46117,5.2123,90
2026-08-01T04:00:00,VH-002,43.37805,5.6497,110
2026-08-01T04:30:00,VH-002,43.02048,5.22461,30
2026-08-01T05:00:00,VH-002,43.08717,5.40069,30
2026-08-01T05:30:00,VH-002,43.02058,5.10093,50
2026-08-01T06:00:00,VH-002,43.13734,5.4506,30
2026-08-01T06:30:00,VH-002,43.38658,5.65608,70
2026-08-01T07:00:00,VH-002,43.47658,5.30667,90
2026-08-01T07:30:00,VH-002,43.11004,5.15661,30
2026-08-01T08:00:00,VH-002,43.12656,5.38924,30
2026-08-01T08:30:00,VH-002,43.49407,5.39085,0
2026-08-01T09:00:00,VH-002,43.44892,5.28119,50
2026-08-01T09:30:00,VH-002,43.22597,5.20281,90
2026-08-01T10:00:00,VH-002,43.34102,5.63834,0
2026-08-01T10:30:00,VH-002,43.04173,5.31564,110
2026-08-01T11:00:00,VH-002,43.15182,5.1146,70
2026-08-01T11:30:00,VH-002,43.5513,5.19691,110
2026-08-01T12:00:00,VH-002,43.17297,5.63598,30
2026-08-01T12:30:00,VH-002,43.30332,5.14947,70
2026-08-01T13:00:00,VH-002,43.15367,5.19602,0
2026-08-01T13:30:00,VH-002,43.333,5.09855,30
2026-08-01T14:00:00,VH-002,43.45447,5.34376,110
2026-08-01T14:30:00,VH-002,43.03427,5.40668,0
2026-08-01T15:00:00,VH-002,43.13387,5.41875,0
2026-08-01T15:30:00,VH-002,43.34525,5.62528,30
2026-08-01T16:00:00,VH-002,43.55533,5.09711,70
2026-08-01T16:30:00,VH-002,43.31219,5.18029,50
2026-08-01T17:00:00,VH-002,43.22172,5.17269,90
2026-08-01T17:30:00,VH-002,43.3155,5.61577,0
2026-08-01T18:00:00,VH-002,43.01837,5.27981,50
2026-08-01T18:30:00,VH-002,43.1889,5.18449,0
2026-08-01T19:00:00,VH-002,43.34087,5.42949,0
2026-08-01T19:30:00,VH-002,43.56101,5.238,0
2026-08-01T20:00:00,VH-002,43.11352,5.56914,30
2026-08-01T20:30:00,VH-002,43.46419,5.25662,110
2026-08-01T21:00:00,VH-002,43.17202,5.42793,110
2026-08-01T21:30:00,VH-002,43.56329,5.3711,70
2026-08-01T22:00:00,VH-002,43.33033,5.28371,90
2026-08-01T22:30:00,VH-002,43.19389,5.65454,50
2026-08-01T23:00:00,VH-002,43.03544,5.14524,30
2026-08-01T23:30:00,VH-002,43.41246,5.66446,0
2026-08-02T00:00:00,VH-002,43.08739,5.46517,30
2026-08-02T00:30:00,VH-002,43.03053,5.3394,90
2026-08-02T01:00:00,VH-002,43.39533,5.52309,70
2026-08-02T01:30:00,VH-002,43.34157,5.34204,0
2026-08-02T02:00:00,VH-002,43.35304,5.2392,90
2026-08-02T02:30:00,VH-002,43.19581,5.60381,50
2026-08-02T03:00:00,VH-002,43.01514,5.07857,0
2026-08-02T03:30:00,VH-002,43.0808,5.4179,90
2026-08-02T04:00:00,VH-002,43.08203,5.23286,30
2026-08-02T04:30:00,VH-002,43.07784,5.19963,0
2026-08-02T05:00:00,VH-002,43.41691,5.54745,30
2026-08-02T05:30:00,VH-002,43.33967,5.61516,0
2026-08-02T06:00:00,VH-002,43.46403,5.44758,90
2026-08-02T06:30:00,VH-002,43.23362,5.20338,90
2026-08-02T07:00:00,VH-002,43.21593,5.29592,0
2026-08-02T07:30:00,VH-002,43.24378,5.26713,0
2026-08-02T08:00:00,VH-002,43.59847,5.29547,110
2026-08-02T08:30:00,VH-002,43.24393,5.09373,0
2026-08-02T09:00:00,VH-002,43.10523,5.35312,70
2026-08-02T09:30:00,VH-002,43.41498,5.46808,70
2026-08-02T10:00:00,VH-002,43.07472,5.66794,90
2026-08-02T10:30:00,VH-002,43.16855,5.35692,50
2026-08-02T11:00:00,VH-002,43.1309,5.455,0
2026-08-02T11:30:00,VH-002,43.29483,5.57893,50
2026-08-02T12:00:00,VH-002,43.22995,5.2367,0
2026-08-02T12:30:00,VH-002,43.11711,5.14279,110
2026-08-02T13:00:00,VH-002,43.42658,5.36451,110
2026-08-02T13:30:00,VH-002,43.1667,5.58759,30
2026-08-02T14:00:00,VH-002,43.41401,5.59877,70
2026-08-02T14:30:00,VH-002,43.26527,5.30171,90
2026-08-02T15:00:00,VH-002,43.07716,5.14747,70
2026-08-02T15:30:00,VH-002,43.14032,5.59321,90
2026-08-02T16:00:00,VH-002,43.07579,5.24066,30
2026-08-02T16:30:00,VH-002,43.24867,5.11301,70
2026-08-02T17:00:00,VH-002,43.34201,5.40009,110
2026-08-02T17:30:00,VH-002,43.551,5.4683,110
2026-08-02T18:00:00,VH-002,43.02066,5.54244,70
2026-08-02T18:30:00,VH-002,43.55658,5.13516,110
2026-08-02T19:00:00,VH-002,43.43711,5.38113,50
2026-08-02T19:30:00,VH-002,43.48679,5.1583,30
2026-08-02T20:00:00,VH-002,43.34592,5.07716,0
2026-08-02T20:30:00,VH-002,43.08163,5.42121,0
2026-08-02T21:00:00,VH-002,43.11798,5.58102,110
2026-08-02T21:30:00,VH-002,43.33258,5.61634,0
2026-08-02T22:00:00,VH-002,43.17248,5.62714,50
2026-08-02T22:30:00,VH-002,43.26342,5.50521,50
2026-08-02T23:00:00,VH-002,43.12008,5.30656,110
2026-08-02T23:30:00,VH-002,43.01627,5.29437,0
2026-08-03T00:00:00,VH-002,43.50447,5.38379,90
2026-08-03T00:30:00,VH-002,43.39162,5.59183,110
2026-08-03T01:00:00,VH-002,43.50694,5.14214,50
2026-08-03T01:30:00,VH-002,43.18384,5.46307,0
2026-08-03T02:00:00,VH-002,43.0724,5.3307,50
2026-08-03T02:30:00,VH-002,43.03156,5.28775,0
2026-08-03T03:00:00,VH-002,43.40415,5.5389,110
2026-08-03T03:30:00,VH-002,43.49416,5.35758,50
2026-08-03T04:00:00,VH-002,43.20449,5.11194,90
2026-08-03T04:30:00,VH-002,43.4368,5.26324,50
2026-08-03T05:00:00,VH-002,43.01201,5.62112,50
2026-08-03T05:30:00,VH-002,43.28776,5.66792,70
2026-08-03T06:00:00,VH-002,43.39841,5.16133,90
2026-08-03T06:30:00,VH-002,43.43712,5.09945,110
2026-08-03T07:00:00,VH-002,43.07246,5.25437,110
2026-08-03T07:30:00,VH-002,43.49636,5.65882,0
2026-08-03T08:00:00,VH-002,43.03192,5.36183,50
2026-08-03T08:30:00,VH-002,43.40523,5.48114,0
2026-08-03T09:00:00,VH-002,43.31727,5.59465,0
2026-08-03T09:30:00,VH-002,43.21202,5.61705,90
2026-08-03T10:00:00,VH-002,43.11416,5.42724,50
2026-08-03T10:30:00,VH-002,43.3994,5.15851,0
2026-08-03T11:00:00,VH-002,43.23841,5.33452,0
2026-08-03T11:30:00,VH-002,43.20693,5.07756,110
2026-08-03T12:00:00,VH-002,43.29252,5.53653,70
2026-08-03T12:30:00,VH-002,43.14163,5.32379,50
2026-08-03T13:00:00,VH-002,43.47936,5.60574,50
2026-08-03T13:30:00,VH-002,43.47708,5.46341,110
2026-08-03T14:00:00,VH-002,43.14857,5.32838,30
2026-08-03T14:30:00,VH-002,43.04975,5.3805,30
2026-08-03T15:00:00,VH-002,43.29673,5.1375,50
2026-08-03T15:30:00,VH-002,43.14662,5.63735,0
2026-08-03T16:00:00,VH-002,43.13064,5.50215,50
2026-08-03T16:30:00,VH-002,43.56212,5.24563,110
2026-08-03T17:00:00,VH-002,43.35159,5.22658,110
2026-08-03T17:30:00,VH-002,43.37987,5.32906,70
2026-08-03T18:00:00,VH-002,43.20985,5.24009,90
2026-08-03T18:30:00,VH-002,43.083,5.62786,70
2026-08-03T19:00:00,VH-002,43.40425,5.49869,0
2026-08-03T19:30:00,VH-002,43.23285,5.40789,70
2026-08-03T20:00:00,VH-002,43.39654,5.14999,110
2026-08-03T20:30:00,VH-002,43.10556,5.66771,50
2026-08-03T21:00:00,VH-002,43.50794,5.59157,90
2026-08-03T21:30:00,VH-002,43.25815,5.54899,0
2026-08-03T22:00:00,VH-002,43.1696,5.28367,90
2026-08-03T22:30:00,VH-002,43.57427,5.38571,0
2026-08-03T23:00:00,VH-002,43.25527,5.47715,0
2026-08-03T23:30:00,VH-002,43.4992,5.10235,0
2026-08-01T00:00:00,VH-003,45.45417,5.09382,50
2026-08-01T00:30:00,VH-003,45.96846,4.88858,0
2026-08-01T01:00:00,VH-003,46.00893,4.67357,30
2026-08-01T01:30:00,VH-003,45.61929,4.91621,0
2026-08-01T02:00:00,VH-003,46.04256,4.73685,70
2026-08-01T02:30:00,VH-003,45.97926,4.85371,70
2026-08-01T03:00:00,VH-003,45.46105,4.99283,0
2026-08-01T03:30:00,VH-003,45.72715,5.01162,90
2026-08-01T04:00:00,VH-003,45.70525,4.97716,30
2026-08-01T04:30:00,VH-003,46.00695,5.12334,70
2026-08-01T05:00:00,VH-003,45.94438,4.57915,30
2026-08-01T05:30:00,VH-003,45.79017,4.99766,0
2026-08-01T06:00:00,VH-003,46.04394,5.05394,110
2026-08-01T06:30:00,VH-003,45.93407,5.04424,110
2026-08-01T07:00:00,VH-003,46.01917,5.05215,30
2026-08-01T07:30:00,VH-003,45.91933,4.75875,90
2026-08-01T08:00:00,VH-003,45.81634,4.87525,0
2026-08-01T08:30:00,VH-003,45.55995,4.6338,90
2026-08-01T09:00:00,VH-003,45.62222,4.86794,90
2026-08-01T09:30:00,VH-003,45.91212,4.93145,110
2026-08-01T10:00:00,VH-003,45.63893,4.68629,70
2026-08-01T10:30:00,VH-003,45.7536,5.06252,90
2026-08-01T11:00:00,VH-003,45.66121,4.60758,110
2026-08-01T11:30:00,VH-003,46.04859,5.03683,70
2026-08-01T12:00:00,VH-003,45.89914,4.74262,90
2026-08-01T12:30:00,VH-003,45.68276,4.86633,0
2026-08-01T13:00:00,VH-003,45.96083,4.66492,70
2026-08-01T13:30:00,VH-003,45.80392,4.75288,0
2026-08-01T14:00:00,VH-003,45.91161,4.98321,30
2026-08-01T14:30:00,VH-003,45.72894,5.08689,0
2026-08-01T15:00:00,VH-003,45.56018,5.05952,90
2026-08-01T15:30:00,VH-003,45.66268,4.82161,90
2026-08-01T16:00:00,VH-003,45.736,4.82578,50
2026-08-01T16:30:00,VH-003,45.8326,4.88433,70
2026-08-01T17:00:00,VH-003,45.83224,4.89344,90
2026-08-01T17:30:00,VH-003,45.5293,5.06729,50
2026-08-01T18:00:00,VH-003,45.50287,5.13305,110
2026-08-01T18:30:00,VH-003,46.00477,4.66935,110
2026-08-01T19:00:00,VH-003,46.01375,4.92269,110
2026-08-01T19:30:00,VH-003,46.04612,4.84891,90
2026-08-01T20:00:00,VH-003,45.46047,4.87979,30
2026-08-01T20:30:00,VH-003,45.95165,5.0538,0
2026-08-01T21:00:00,VH-003,46.01371,5.10667,110
2026-08-01T21:30:00,VH-003,45.63491,4.75686,90
2026-08-01T22:00:00,VH-003,45.63292,4.7331,0
2026-08-01T22:30:00,VH-003,45.7602,5.00062,110
2026-08-01T23:00:00,VH-003,45.99705,4.91305,50
2026-08-01T23:30:00,VH-003,45.66659,4.70538,110
2026-08-02T00:00:00,VH-003,45.60389,4.80959,0
2026-08-02T00:30:00,VH-003,45.62637,4.86987,0
2026-08-02T01:00:00,VH-003,45.9544,4.87492,30
2026-08-02T01:30:00,VH-003,45.85499,4.60841,0
2026-08-02T02:00:00,VH-003,45.89858,5.11672,70
2026-08-02T02:30:00,VH-003,45.99847,4.94526,90
2026-08-02T03:00:00,VH-003,45.656,5.10707,70
2026-08-02T03:30:00,VH-003,45.81323,5.13648,0
2026-08-02T04:00:00,VH-003,45.87799,5.14464,30
2026-08-02T04:30:00,VH-003,45.74138,4.89745,0
2026-08-02T05:00:00,VH-003,45.8636,5.13542,110
2026-08-02T05:30:00,VH-003,45.66969,5.12254,0
2026-08-02T06:00:00,VH-003,45.51164,5.13056,70
2026-08-02T06:30:00,VH-003,45.4708,4.90374,70
2026-08-02T07:00:00,VH-003,45.93141,4.6261,30
2026-08-02T07:30:00,VH-003,46.02098,4.65264,0
2026-08-02T08:00:00,VH-003,45.48147,4.86531,0
2026-08-02T08:30:00,VH-003,45.66899,4.62032,70
2026-08-02T09:00:00,VH-003,45.62863,5.01492,0
2026-08-02T09:30:00,VH-003,45.73011,4.81151,70
2026-08-02T10:00:00,VH-003,45.91684,4.83134,50
2026-08-02T10:30:00,VH-003,45.93759,4.63928,90
2026-08-02T11:00:00,VH-003,45.99693,5.07761,90
2026-08-02T11:30:00,VH-003,45.52291,4.73587,70
2026-08-02T12:00:00,VH-003,45.81379,4.98377,110
2026-08-02T12:30:00,VH-003,45.91567,4.84423,70
2026-08-02T13:00:00,VH-003,45.99961,5.00712,30
2026-08-02T13:30:00,VH-003,45.67815,4.58242,110
2026-08-02T14:00:00,VH-003,45.51853,5.14229,0
2026-08-02T14:30:00,VH-003,45.9108,4.86929,30
2026-08-02T15:00:00,VH-003,45.66386,5.13958,30
2026-08-02T15:30:00,VH-003,46.03388,4.65398,70
2026-08-02T16:00:00,VH-003,45.78234,4.57204,30
2026-08-02T16:30:00,VH-003,45.59747,4.78667,70
2026-08-02T17:00:00,VH-003,45.70463,4.61771,0
2026-08-02T17:30:00,VH-003,45.47626,4.91728,70
2026-08-02T18:00:00,VH-003,45.79171,4.72249,90
2026-08-02T18:30:00,VH-003,45.66006,4.56332,0
2026-08-02T19:00:00,VH-003,45.78209,4.61815,50
2026-08-02T19:30:00,VH-003,45.8167,5.03541,0
2026-08-02T20:00:00,VH-003,45.77255,4.82734,110
2026-08-02T20:30:00,VH-003,45.48102,4.73912,50
2026-08-02T21:00:00,VH-003,45.71647,4.65095,0
2026-08-02T21:30:00,VH-003,45.5829,4.7346,50
2026-08-02T22:00:00,VH-003,45.94508,4.63252,90
2026-08-02T22:30:00,VH-003,45.89085,4.56842,0
2026-08-02T23:00:00,VH-003,45.74342,4.99788,0
2026-08-02T23:30:00,VH-003,45.64067,4.7964,0
2026-08-03T00:00:00,VH-003,45.5019,5.04796,90
2026-08-03T00:30:00,VH-003,45.75549,4.70946,0
2026-08-03T01:00:00,VH-003,45.84911,5.13583,90
2026-08-03T01:30:00,VH-003,45.58352,4.67119,0
2026-08-03T02:00:00,VH-003,45.61867,5.06495,70
2026-08-03T02:30:00,VH-003,45.45467,4.84583,0
2026-08-03T03:00:00,VH-003,46.01308,5.03382,90
2026-08-03T03:30:00,VH-003,45.50413,4.56495,90
2026-08-03T04:00:00,VH-003,45.59782,4.81372,0
2026-08-03T04:30:00,VH-003,45.85931,4.64014,50
2026-08-03T05:00:00,VH-003,45.57278,4.702,110
2026-08-03T05:30:00,VH-003,45.51633,4.5999,0
2026-08-03T06:00:00,VH-003,45.78304,5.00875,0
2026-08-03T06:30:00,VH-003,45.69258,4.84452,110
2026-08-03T07:00:00,VH-003,45.48439,5.06013,70
2026-08-03T07:30:00,VH-003,45.47825,4.7515,0
2026-08-03T08:00:00,VH-003,45.89258,5.08492,70
2026-08-03T08:30:00,VH-003,45.51685,5.13274,0
2026-08-03T09:00:00,VH-003,45.61627,5.13345,0
2026-08-03T09:30:00,VH-003,45.46977,4.57381,90
2026-08-03T10:00:00,VH-003,45.78795,5.09702,50
2026-08-03T10:30:00,VH-003,45.45618,4.72921,0
2026-08-03T11:00:00,VH-003,45.55404,4.87794,50
2026-08-03T11:30:00,VH-003,45.64392,4.74974,90
2026-08-03T12:00:00,VH-003,45.47979,5.07563,70
2026-08-03T12:30:00,VH-003,45.76592,4.81922,0
2026-08-03T13:00:00,VH-003,46.00994,4.8126,90
2026-08-03T13:30:00,VH-003,45.94675,4.63134,0
2026-08-03T14:00:00,VH-003,45.7158,4.8235,30
2026-08-03T14:30:00,VH-003,45.8428,4.80212,50
2026-08-03T15:00:00,VH-003,45.57535,5.0746,0
2026-08-03T15:30:00,VH-003,45.61896,4.71762,0
2026-08-03T16:00:00,VH-003,46.04123,4.77246,110
2026-08-03T16:30:00,VH-003,45.59137,4.85031,70
2026-08-03T17:00:00,VH-003,45.62477,4.62106,70
2026-08-03T17:30:00,VH-003,45.64239,4.73703,0
2026-08-03T18:00:00,VH-003,45.52992,5.01842,90
2026-08-03T18:30:00,VH-003,45.88534,4.9291,30
2026-08-03T19:00:00,VH-003,45.56159,5.14396,110
2026-08-03T19:30:00,VH-003,45.69895,4.773,70
2026-08-03T20:00:00,VH-003,45.86231,5.05226,90
2026-08-03T20:30:00,VH-003,45.95731,4.84789,90
2026-08-03T21:00:00,VH-003,45.69819,5.04904,0
2026-08-03T21:30:00,VH-003,45.53567,5.08479,70
2026-08-03T22:00:00,VH-003,45.63202,4.83203,0
2026-08-03T22:30:00,VH-003,45.54983,4.83384,50
2026-08-03T23:00:00,VH-003,46.01296,4.60905,30
2026-08-03T23:30:00,VH-003,45.77411,4.78136,90
2026-08-01T00:00:00,VH-004,43.83108,1.40058,0
2026-08-01T00:30:00,VH-004,43.37279,1.70787,50
2026-08-01T01:00:00,VH-004,43.84015,1.60638,110
2026-08-01T01:30:00,VH-004,43.48772,1.62782,70
2026-08-01T02:00:00,VH-004,43.49669,1.52464,0
2026-08-01T02:30:00,VH-004,43.36546,1.19238,0
2026-08-01T03:00:00,VH-004,43.80219,1.6572,0
2026-08-01T03:30:00,VH-004,43.64061,1.38842,50
2026-08-01T04:00:00,VH-004,43.31688,1.72465,0
2026-08-01T04:30:00,VH-004,43.7929,1.35364,30
2026-08-01T05:00:00,VH-004,43.7287,1.29142,110
2026-08-01T05:30:00,VH-004,43.49583,1.69702,110
2026-08-01T06:00:00,VH-004,43.87386,1.72423,110
2026-08-01T06:30:00,VH-004,43.59884,1.14876,70
2026-08-01T07:00:00,VH-004,43.8412,1.65,70
2026-08-01T07:30:00,VH-004,43.86483,1.30368,70
2026-08-01T08:00:00,VH-004,43.86793,1.72035,90
2026-08-01T08:30:00,VH-004,43.40417,1.35715,30
2026-08-01T09:00:00,VH-004,43.43532,1.62325,30
2026-08-01T09:30:00,VH-004,43.56514,1.20681,90
2026-08-01T10:00:00,VH-004,43.67795,1.22005,110
2026-08-01T10:30:00,VH-004,43.31187,1.39667,70
2026-08-01T11:00:00,VH-004,43.62031,1.69209,0
2026-08-01T11:30:00,VH-004,43.45894,1.59882,110
2026-08-01T12:00:00,VH-004,43.65018,1.55075,50
2026-08-01T12:30:00,VH-004,43.58478,1.26666,30
2026-08-01T13:00:00,VH-004,43.33853,1.34846,30
2026-08-01T13:30:00,VH-004,43.36004,1.61753,0
2026-08-01T14:00:00,VH-004,43.64276,1.23436,90
2026-08-01T14:30:00,VH-004,43.58053,1.24837,0
2026-08-01T15:00:00,VH-004,43.71784,1.44399,90
2026-08-01T15:30:00,VH-004,43.43755,1.60208,50
2026-08-01T16:00:00,VH-004,43.63825,1.51155,110
2026-08-01T16:30:00,VH-004,43.80779,1.56191,0
2026-08-01T17:00:00,VH-004,43.50373,1.72916,110
2026-08-01T17:30:00,VH-004,43.30718,1.71662,110
2026-08-01T18:00:00,VH-004,43.80884,1.72502,90
2026-08-01T18:30:00,VH-004,43.71123,1.44663,0
2026-08-01T19:00:00,VH-004,43.65621,1.23257,50
2026-08-01T19:30:00,VH-004,43.77663,1.43182,0
2026-08-01T20:00:00,VH-004,43.7253,1.26104,110
2026-08-01T20:30:00,VH-004,43.3764,1.68491,0
2026-08-01T21:00:00,VH-004,43.33317,1.30466,90
2026-08-01T21:30:00,VH-004,43.57942,1.65609,50
2026-08-01T22:00:00,VH-004,43.40753,1.59083,0
2026-08-01T22:30:00,VH-004,43.62361,1.71209,50
2026-08-01T23:00:00,VH-004,43.30276,1.49436,90
2026-08-01T23:30:00,VH-004,43.47182,1.359,90
2026-08-02T00:00:00,VH-004,43.74088,1.70591,90
2026-08-02T00:30:00,VH-004,43.45135,1.35096,70
2026-08-02T01:00:00,VH-004,43.8349,1.58886,70
2026-08-02T01:30:00,VH-004,43.58589,1.42389,0
2026-08-02T02:00:00,VH-004,43.64453,1.59375,50
2026-08-02T02:30:00,VH-004,43.32466,1.48182,0
2026-08-02T03:00:00,VH-004,43.67685,1.31859,70
2026-08-02T03:30:00,VH-004,43.39213,1.44084,90
2026-08-02T04:00:00,VH-004,43.54844,1.63634,110
2026-08-02T04:30:00,VH-004,43.31656,1.52365,90
2026-08-02T05:00:00,VH-004,43.52506,1.5527,0
2026-08-02T05:30:00,VH-004,43.48585,1.30285,50
2026-08-02T06:00:00,VH-004,43.32414,1.57415,0
2026-08-02T06:30:00,VH-004,43.30887,1.37861,110
2026-08-02T07:00:00,VH-004,43.64318,1.67881,0
2026-08-02T07:30:00,VH-004,43.3887,1.42945,110
2026-08-02T08:00:00,VH-004,43.68194,1.49588,110
2026-08-02T08:30:00,VH-004,43.54925,1.18171,0
2026-08-02T09:00:00,VH-004,43.67211,1.20462,50
2026-08-02T09:30:00,VH-004,43.66284,1.58711,0
2026-08-02T10:00:00,VH-004,43.40794,1.28158,0
2026-08-02T10:30:00,VH-004,43.86713,1.63983,30
2026-08-02T11:00:00,VH-004,43.7643,1.63804,70
2026-08-02T11:30:00,VH-004,43.7895,1.62894,90
2026-08-02T12:00:00,VH-004,43.56741,1.20834,30
2026-08-02T12:30:00,VH-004,43.35386,1.72805,0
2026-08-02T13:00:00,VH-004,43.41762,1.58545,90
2026-08-02T13:30:00,VH-004,43.89569,1.38022,110
2026-08-02T14:00:00,VH-004,43.52166,1.24519,0
2026-08-02T14:30:00,VH-004,43.53131,1.17481,50
2026-08-02T15:00:00,VH-004,43.72497,1.31424,30
2026-08-02T15:30:00,VH-004,43.37854,1.238,0
2026-08-02T16:00:00,VH-004,43.50999,1.4222,0
2026-08-02T16:30:00,VH-004,43.78392,1.53351,0
2026-08-02T17:00:00,VH-004,43.30729,1.16746,30
2026-08-02T17:30:00,VH-004,43.80295,1.68941,90
2026-08-02T18:00:00,VH-004,43.31201,1.4074,0
2026-08-02T18:30:00,VH-004,43.88387,1.59489,30
2026-08-02T19:00:00,VH-004,43.42157,1.51453,70
2026-08-02T19:30:00,VH-004,43.50802,1.50414,50
2026-08-02T20:00:00,VH-004,43.56695,1.22719,110
2026-08-02T20:30:00,VH-004,43.75768,1.48442,30
2026-08-02T21:00:00,VH-004,43.38787,1.65094,0
2026-08-02T21:30:00,VH-004,43.75326,1.49609,30
2026-08-02T22:00:00,VH-004,43.47881,1.50198,110
2026-08-02T22:30:00,VH-004,43.69982,1.30996,50
2026-08-02T23:00:00,VH-004,43.64503,1.35076,0
2026-08-02T23:30:00,VH-004,43.76657,1.70638,0
2026-08-03T00:00:00,VH-004,43.32318,1.20804,70
2026-08-03T00:30:00,VH-004,43.80405,1.29703,110
2026-08-03T01:00:00,VH-004,43.40513,1.29092,70
2026-08-03T01:30:00,VH-004,43.55479,1.21845,90
2026-08-03T02:00:00,VH-004,43.54655,1.38247,70
2026-08-03T02:30:00,VH-004,43.72678,1.66518,110
2026-08-03T03:00:00,VH-004,43.80299,1.34386,0
2026-08-03T03:30:00,VH-004,43.65089,1.4977,50
2026-08-03T04:00:00,VH-004,43.87335,1.41257,0
2026-08-03T04:30:00,VH-004,43.53284,1.49205,50
2026-08-03T05:00:00,VH-004,43.71785,1.70287,0
2026-08-03T05:30:00,VH-004,43.43303,1.39488,50
2026-08-03T06:00:00,VH-004,43.46463,1.32018,0
2026-08-03T06:30:00,VH-004,43.34255,1.51727,50
2026-08-03T07:00:00,VH-004,43.65077,1.28398,50
2026-08-03T07:30:00,VH-004,43.42523,1.71553,110
2026-08-03T08:00:00,VH-004,43.88867,1.68127,0
2026-08-03T08:30:00,VH-004,43.72402,1.51655,50
2026-08-03T09:00:00,VH-004,43.40042,1.27852,0
2026-08-03T09:30:00,VH-004,43.89472,1.20998,0
2026-08-03T10:00:00,VH-004,43.77164,1.3977,50
2026-08-03T10:30:00,VH-004,43.50241,1.22535,90
2026-08-03T11:00:00,VH-004,43.54404,1.62529,90
2026-08-03T11:30:00,VH-004,43.72121,1.34864,90
2026-08-03T12:00:00,VH-004,43.856,1.66558,0
2026-08-03T12:30:00,VH-004,43.42687,1.57282,110
2026-08-03T13:00:00,VH-004,43.71933,1.53395,70
2026-08-03T13:30:00,VH-004,43.60285,1.23757,0
2026-08-03T14:00:00,VH-004,43.70188,1.4016,0
2026-08-03T14:30:00,VH-004,43.59772,1.55302,110
2026-08-03T15:00:00,VH-004,43.69664,1.15207,90
2026-08-03T15:30:00,VH-004,43.59081,1.46347,30
2026-08-03T16:00:00,VH-004,43.65668,1.71167,30
2026-08-03T16:30:00,VH-004,43.60002,1.34953,110
2026-08-03T17:00:00,VH-004,43.81302,1.55292,0
2026-08-03T17:30:00,VH-004,43.79775,1.71144,30
2026-08-03T18:00:00,VH-004,43.80533,1.28491,50
2026-08-03T18:30:00,VH-004,43.44458,1.58788,0
2026-08-03T19:00:00,VH-004,43.76607,1.22118,90
2026-08-03T19:30:00,VH-004,43.5571,1.26641,0
2026-08-03T20:00:00,VH-004,43.36466,1.73971,70
2026-08-03T20:30:00,VH-004,43.50905,1.40629,70
2026-08-03T21:00:00,VH-004,43.68676,1.60502,90
2026-08-03T21:30:00,VH-004,43.30487,1.40257,90
2026-08-03T22:00:00,VH-004,43.596,1.14897,110
2026-08-03T22:30:00,VH-004,43.30515,1.45783,90
2026-08-03T23:00:00,VH-004,43.84478,1.47735,70
2026-08-03T23:30:00,VH-004,43.79109,1.17627,110
2026-08-01T00:00:00,VH-005,43.7974,1.34252,90
2026-08-01T00:30:00,VH-005,43.82209,1.56341,70
2026-08-01T01:00:00,VH-005,43.77158,1.71058,30
2026-08-01T01:30:00,VH-005,43.44732,1.56461,50
2026-08-01T02:00:00,VH-005,43.81499,1.44006,70
2026-08-01T02:30:00,VH-005,43.78973,1.17256,50
2026-08-01T03:00:00,VH-005,43.41528,1.59439,30
2026-08-01T03:30:00,VH-005,43.88017,1.41933,110
2026-08-01T04:00:00,VH-005,43.52173,1.50498,50
2026-08-01T04:30:00,VH-005,43.50517,1.22821,90
2026-08-01T05:00:00,VH-005,43.58462,1.73127,0
2026-08-01T05:30:00,VH-005,43.73508,1.50726,0
2026-08-01T06:00:00,VH-005,43.60872,1.59261,30
2026-08-01T06:30:00,VH-005,43.55162,1.71474,50
2026-08-01T07:00:00,VH-005,43.549,1.39778,50
2026-08-01T07:30:00,VH-005,43.43128,1.15007,0
2026-08-01T08:00:00,VH-005,43.85508,1.34927,110
2026-08-01T08:30:00,VH-005,43.69287,1.49357,110
2026-08-01T09:00:00,VH-005,43.77473,1.21632,70
2026-08-01T09:30:00,VH-005,43.41129,1.17924,110
2026-08-01T10:00:00,VH-005,43.87328,1.24401,70
2026-08-01T10:30:00,VH-005,43.75492,1.37757,90
2026-08-01T11:00:00,VH-005,43.73399,1.44253,70
2026-08-01T11:30:00,VH-005,43.50497,1.5842,90
2026-08-01T12:00:00,VH-005,43.64667,1.43985,0
2026-08-01T12:30:00,VH-005,43.83428,1.63162,30
2026-08-01T13:00:00,VH-005,43.70659,1.7007,0
2026-08-01T13:30:00,VH-005,43.83312,1.14687,0
2026-08-01T14:00:00,VH-005,43.89101,1.14156,90
2026-08-01T14:30:00,VH-005,43.35539,1.67384,110
2026-08-01T15:00:00,VH-005,43.7106,1.70362,110
2026-08-01T15:30:00,VH-005,43.30781,1.73583,0
2026-08-01T16:00:00,VH-005,43.62748,1.47206,0
2026-08-01T16:30:00,VH-005,43.70523,1.44039,0
2026-08-01T17:00:00,VH-005,43.64726,1.2585,110
2026-08-01T17:30:00,VH-005,43.55362,1.36193,30
2026-08-01T18:00:00,VH-005,43.75428,1.7204,0
2026-08-01T18:30:00,VH-005,43.64979,1.68648,50
2026-08-01T19:00:00,VH-005,43.47651,1.15057,0
2026-08-01T19:30:00,VH-005,43.40992,1.5685,110
2026-08-01T20:00:00,VH-005,43.60005,1.18071,70
2026-08-01T20:30:00,VH-005,43.54142,1.62348,90
2026-08-01T21:00:00,VH-005,43.5517,1.47917,90
2026-08-01T21:30:00,VH-005,43.66948,1.53932,30
2026-08-01T22:00:00,VH-005,43.72159,1.35961,50
2026-08-01T22:30:00,VH-005,43.45013,1.6028,70
2026-08-01T23:00:00,VH-005,43.33745,1.215,50
2026-08-01T23:30:00,VH-005,43.41585,1.6067,90
2026-08-02T00:00:00,VH-005,43.8869,1.45293,90
2026-08-02T00:30:00,VH-005,43.73613,1.16155,0
2026-08-02T01:00:00,VH-005,43.46767,1.25768,0
2026-08-02T01:30:00,VH-005,43.52639,1.57751,50
2026-08-02T02:00:00,VH-005,43.60862,1.72851,50
2026-08-02T02:30:00,VH-005,43.73256,1.32385,110
2026-08-02T03:00:00,VH-005,43.39424,1.2069,50
2026-08-02T03:30:00,VH-005,43.80149,1.17406,0
2026-08-02T04:00:00,VH-005,43.64946,1.5283,110
2026-08-02T04:30:00,VH-005,43.38431,1.57496,110
2026-08-02T05:00:00,VH-005,43.57287,1.21483,90
2026-08-02T05:30:00,VH-005,43.53693,1.32907,70
2026-08-02T06:00:00,VH-005,43.33526,1.3177,70
2026-08-02T06:30:00,VH-005,43.72471,1.47586,110
2026-08-02T07:00:00,VH-005,43.53043,1.23393,70
2026-08-02T07:30:00,VH-005,43.67525,1.26971,0
2026-08-02T08:00:00,VH-005,43.66237,1.31836,0
2026-08-02T08:30:00,VH-005,43.85046,1.63358,0
2026-08-02T09:00:00,VH-005,43.33057,1.7092,30
2026-08-02T09:30:00,VH-005,43.36445,1.21481,30
2026-08-02T10:00:00,VH-005,43.82563,1.21368,50
2026-08-02T10:30:00,VH-005,43.86812,1.54278,110
2026-08-02T11:00:00,VH-005,43.79866,1.46411,90
2026-08-02T11:30:00,VH-005,43.51323,1.44375,0
2026-08-02T12:00:00,VH-005,43.83443,1.15069,70
2026-08-02T12:30:00,VH-005,43.3536,1.27932,0
2026-08-02T13:00:00,VH-005,43.30944,1.21954,50
2026-08-02T13:30:00,VH-005,43.67668,1.48681,0
2026-08-02T14:00:00,VH-005,43.87834,1.44241,90
2026-08-02T14:30:00,VH-005,43.78662,1.47734,0
2026-08-02T15:00:00,VH-005,43.56846,1.71758,90
2026-08-02T15:30:00,VH-005,43.75886,1.14105,0
2026-08-02T16:00:00,VH-005,43.75539,1.51997,50
2026-08-02T16:30:00,VH-005,43.53137,1.31151,110
2026-08-02T17:00:00,VH-005,43.85624,1.29146,90
2026-08-02T17:30:00,VH-005,43.86678,1.17541,70
2026-08-02T18:00:00,VH-005,43.56878,1.43747,30
2026-08-02T18:30:00,VH-005,43.61687,1.17343,50
2026-08-02T19:00:00,VH-005,43.81126,1.58886,90
2026-08-02T19:30:00,VH-005,43.83676,1.57192,90
2026-08-02T20:00:00,VH-005,43.35375,1.37553,0
2026-08-02T20:30:00,VH-005,43.60923,1.66326,50
2026-08-02T21:00:00,VH-005,43.39967,1.2445,30
2026-08-02T21:30:00,VH-005,43.55861,1.44835,90
2026-08-02T22:00:00,VH-005,43.32349,1.29873,90
2026-08-02T22:30:00,VH-005,43.87295,1.57693,90
2026-08-02T23:00:00,VH-005,43.51549,1.24214,70
2026-08-02T23:30:00,VH-005,43.56237,1.7024,50
2026-08-03T00:00:00,VH-005,43.64643,1.25898,110
2026-08-03T00:30:00,VH-005,43.85103,1.43314,50
2026-08-03T01:00:00,VH-005,43.30778,1.1669,0
2026-08-03T01:30:00,VH-005,43.68946,1.30242,30
2026-08-03T02:00:00,VH-005,43.46761,1.20743,0
2026-08-03T02:30:00,VH-005,43.32844,1.62868,30
2026-08-03T03:00:00,VH-005,43.5378,1.39289,50
2026-08-03T03:30:00,VH-005,43.59127,1.31132,0
2026-08-03T04:00:00,VH-005,43.60077,1.69783,70
2026-08-03T04:30:00,VH-005,43.33815,1.14161,50
2026-08-03T05:00:00,VH-005,43.6098,1.25071,110
2026-08-03T05:30:00,VH-005,43.706,1.44058,30
2026-08-03T06:00:00,VH-005,43.80925,1.32532,0
2026-08-03T06:30:00,VH-005,43.34156,1.49085,0
2026-08-03T07:00:00,VH-005,43.32969,1.62849,90
2026-08-03T07:30:00,VH-005,43.57628,1.70644,50
2026-08-03T08:00:00,VH-005,43.34637,1.33823,30
2026-08-03T08:30:00,VH-005,43.31459,1.56014,0
2026-08-03T09:00:00,VH-005,43.65239,1.42703,90
2026-08-03T09:30:00,VH-005,43.67641,1.71817,0
2026-08-03T10:00:00,VH-005,43.42501,1.7096,110
2026-08-03T10:30:00,VH-005,43.8224,1.61553,0
2026-08-03T11:00:00,VH-005,43.46435,1.37198,30
2026-08-03T11:30:00,VH-005,43.36242,1.55313,0
2026-08-03T12:00:00,VH-005,43.42308,1.32058,0
2026-08-03T12:30:00,VH-005,43.70059,1.23024,70
2026-08-03T13:00:00,VH-005,43.55002,1.72344,50
2026-08-03T13:30:00,VH-005,43.77835,1.45025,0
2026-08-03T14:00:00,VH-005,43.61042,1.71385,110
2026-08-03T14:30:00,VH-005,43.82906,1.42018,30
2026-08-03T15:00:00,VH-005,43.74619,1.25495,0
2026-08-03T15:30:00,VH-005,43.33961,1.5266,30
2026-08-03T16:00:00,VH-005,43.50025,1.22899,30
2026-08-03T16:30:00,VH-005,43.83229,1.60538,0
2026-08-03T17:00:00,VH-005,43.39288,1.37046,0
2026-08-03T17:30:00,VH-005,43.65871,1.52455,30
2026-08-03T18:00:00,VH-005,43.82638,1.16548,30
2026-08-03T18:30:00,VH-005,43.63169,1.61428,50
2026-08-03T19:00:00,VH-005,43.82795,1.60991,70
2026-08-03T19:30:00,VH-005,43.60967,1.19111,0
2026-08-03T20:00:00,VH-005,43.3827,1.46568,0
2026-08-03T20:30:00,VH-005,43.81224,1.28138,30
2026-08-03T21:00:00,VH-005,43.87536,1.73653,70
2026-08-03T21:30:00,VH-005,43.63271,1.29597,110
2026-08-03T22:00:00,VH-005,43.71376,1.48537,0
2026-08-03T22:30:00,VH-005,43.80956,1.47767,30
2026-08-03T23:00:00,VH-005,43.73794,1.16307,0
2026-08-03T23:30:00,VH-005,43.82908,1.58055,0
2026-08-01T00:00:00,VH-006,43.84102,1.23732,30
2026-08-01T00:30:00,VH-006,43.54732,1.42078,30
2026-08-01T01:00:00,VH-006,43.62174,1.15387,0
2026-08-01T01:30:00,VH-006,43.30228,1.53806,50
2026-08-01T02:00:00,VH-006,43.4211,1.72544,0
2026-08-01T02:30:00,VH-006,43.50472,1.70952,90
2026-08-01T03:00:00,VH-006,43.30198,1.71237,30
2026-08-01T03:30:00,VH-006,43.57725,1.18835,90
2026-08-01T04:00:00,VH-006,43.58841,1.5213,30
2026-08-01T04:30:00,VH-006,43.84612,1.37497,0
2026-08-01T05:00:00,VH-006,43.63663,1.49132,0
2026-08-01T05:30:00,VH-006,43.48014,1.17116,0
2026-08-01T06:00:00,VH-006,43.77867,1.42859,70
2026-08-01T06:30:00,VH-006,43.76225,1.60969,0
2026-08-01T07:00:00,VH-006,43.37785,1.4429,50
2026-08-01T07:30:00,VH-006,43.52921,1.30969,0
2026-08-01T08:00:00,VH-006,43.63432,1.63394,50
2026-08-01T08:30:00,VH-006,43.88104,1.5454,90
2026-08-01T09:00:00,VH-006,43.70398,1.2967,70
2026-08-01T09:30:00,VH-006,43.3906,1.6243,30
2026-08-01T10:00:00,VH-006,43.72149,1.39924,0
2026-08-01T10:30:00,VH-006,43.50752,1.62761,70
2026-08-01T11:00:00,VH-006,43.39299,1.7007,50
2026-08-01T11:30:00,VH-006,43.57188,1.17375,50
2026-08-01T12:00:00,VH-006,43.88319,1.27739,70
2026-08-01T12:30:00,VH-006,43.50739,1.49587,90
2026-08-01T13:00:00,VH-006,43.82662,1.54746,70
2026-08-01T13:30:00,VH-006,43.30053,1.67795,70
2026-08-01T14:00:00,VH-006,43.56507,1.7234,90
2026-08-01T14:30:00,VH-006,43.71838,1.46998,70
2026-08-01T15:00:00,VH-006,43.85187,1.4952,70
2026-08-01T15:30:00,VH-006,43.54546,1.22567,90
2026-08-01T16:00:00,VH-006,43.69373,1.59838,30
2026-08-01T16:30:00,VH-006,43.7606,1.50729,0
2026-08-01T17:00:00,VH-006,43.49893,1.65911,110
2026-08-01T17:30:00,VH-006,43.30171,1.3555,50
2026-08-01T18:00:00,VH-006,43.73784,1.59113,70
2026-08-01T18:30:00,VH-006,43.37256,1.52167,0
2026-08-01T19:00:00,VH-006,43.51538,1.63944,30
2026-08-01T19:30:00,VH-006,43.70765,1.55189,0
2026-08-01T20:00:00,VH-006,43.40536,1.65847,0
2026-08-01T20:30:00,VH-006,43.80187,1.50332,0
2026-08-01T21:00:00,VH-006,43.45742,1.65714,110
2026-08-01T21:30:00,VH-006,43.51205,1.48052,70
2026-08-01T22:00:00,VH-006,43.8872,1.4687,0
2026-08-01T22:30:00,VH-006,43.76723,1.17348,90
2026-08-01T23:00:00,VH-006,43.35273,1.27575,30
2026-08-01T23:30:00,VH-006,43.3668,1.72341,0
2026-08-02T00:00:00,VH-006,43.79399,1.64625,0
2026-08-02T00:30:00,VH-006,43.58445,1.36737,50
2026-08-02T01:00:00,VH-006,43.33132,1.219,50
2026-08-02T01:30:00,VH-006,43.4524,1.21546,110
2026-08-02T02:00:00,VH-006,43.41596,1.39838,30
2026-08-02T02:30:00,VH-006,43.59757,1.19326,70
2026-08-02T03:00:00,VH-006,43.50522,1.56159,30
2026-08-02T03:30:00,VH-006,43.4059,1.60395,0
2026-08-02T04:00:00,VH-006,43.68088,1.43094,50
2026-08-02T04:30:00,VH-006,43.70785,1.29373,50
2026-08-02T05:00:00,VH-006,43.46468,1.28333,0
2026-08-02T05:30:00,VH-006,43.88758,1.15193,0
2026-08-02T06:00:00,VH-006,43.5502,1.57357,110
2026-08-02T06:30:00,VH-006,43.61621,1.55875,90
2026-08-02T07:00:00,VH-006,43.52707,1.37304,30
2026-08-02T07:30:00,VH-006,43.84112,1.40591,0
2026-08-02T08:00:00,VH-006,43.8034,1.30289,0
2026-08-02T08:30:00,VH-006,43.45487,1.31989,110
2026-08-02T09:00:00,VH-006,43.62669,1.65037,110
2026-08-02T09:30:00,VH-006,43.77171,1.50145,30
2026-08-02T10:00:00,VH-006,43.67251,1.71614,0
2026-08-02T10:30:00,VH-006,43.65805,1.64083,0
2026-08-02T11:00:00,VH-006,43.72122,1.15542,70
2026-08-02T11:30:00,VH-006,43.71437,1.52662,0
2026-08-02T12:00:00,VH-006,43.35246,1.36616,0
2026-08-02T12:30:00,VH-006,43.81342,1.57816,0
2026-08-02T13:00:00,VH-006,43.61941,1.59059,0
2026-08-02T13:30:00,VH-006,43.83236,1.31367,110
2026-08-02T14:00:00,VH-006,43.61562,1.67354,0
2026-08-02T14:30:00,VH-006,43.60059,1.16197,30
2026-08-02T15:00:00,VH-006,43.53139,1.67121,70
2026-08-02T15:30:00,VH-006,43.53929,1.36922,50
2026-08-02T16:00:00,VH-006,43.87084,1.17364,50
2026-08-02T16:30:00,VH-006,43.89845,1.26499,110
2026-08-02T17:00:00,VH-006,43.54895,1.46992,90
2026-08-02T17:30:00,VH-006,43.85664,1.40851,50
2026-08-02T18:00:00,VH-006,43.47618,1.14535,70
2026-08-02T18:30:00,VH-006,43.5879,1.4115,110
2026-08-02T19:00:00,VH-006,43.70146,1.63544,0
2026-08-02T19:30:00,VH-006,43.79714,1.2699,70
2026-08-02T20:00:00,VH-006,43.75985,1.26674,50
2026-08-02T20:30:00,VH-006,43.48475,1.31312,50
2026-08-02T21:00:00,VH-006,43.72871,1.40677,0
2026-08-02T21:30:00,VH-006,43.4631,1.23078,50
2026-08-02T22:00:00,VH-006,43.81226,1.15203,70
2026-08-02T22:30:00,VH-006,43.8842,1.31102,0
2026-08-02T23:00:00,VH-006,43.6345,1.70055,0
2026-08-02T23:30:00,VH-006,43.50236,1.68581,90
2026-08-03T00:00:00,VH-006,43.61587,1.50983,50
2026-08-03T00:30:00,VH-006,43.49916,1.21792,50
2026-08-03T01:00:00,VH-006,43.63919,1.44302,70
2026-08-03T01:30:00,VH-006,43.82113,1.34138,90
2026-08-03T02:00:00,VH-006,43.46152,1.30734,110
2026-08-03T02:30:00,VH-006,43.47301,1.64425,0
2026-08-03T03:00:00,VH-006,43.76284,1.61944,0
2026-08-03T03:30:00,VH-006,43.87965,1.31498,50
2026-08-03T04:00:00,VH-006,43.515,1.53156,30
2026-08-03T04:30:00,VH-006,43.80053,1.28705,0
2026-08-03T05:00:00,VH-006,43.81833,1.45307,50
2026-08-03T05:30:00,VH-006,43.80753,1.28664,50
2026-08-03T06:00:00,VH-006,43.37274,1.68871,90
2026-08-03T06:30:00,VH-006,43.36686,1.53711,110
2026-08-03T07:00:00,VH-006,43.63229,1.21209,30
2026-08-03T07:30:00,VH-006,43.84204,1.73458,30
2026-08-03T08:00:00,VH-006,43.6521,1.71286,30
2026-08-03T08:30:00,VH-006,43.72738,1.6789,70
2026-08-03T09:00:00,VH-006,43.68188,1.68024,50
2026-08-03T09:30:00,VH-006,43.84155,1.55153,110
2026-08-03T10:00:00,VH-006,43.54945,1.39536,110
2026-08-03T10:30:00,VH-006,43.80555,1.35549,30
2026-08-03T11:00:00,VH-006,43.60483,1.30733,0
2026-08-03T11:30:00,VH-006,43.61354,1.39228,30
2026-08-03T12:00:00,VH-006,43.30651,1.15802,70
2026-08-03T12:30:00,VH-006,43.30009,1.55633,30
2026-08-03T13:00:00,VH-006,43.59073,1.32054,70
2026-08-03T13:30:00,VH-006,43.41304,1.50706,50
2026-08-03T14:00:00,VH-006,43.44677,1.24787,0
2026-08-03T14:30:00,VH-006,43.76706,1.7272,70
2026-08-03T15:00:00,VH-006,43.474,1.1728,110
2026-08-03T15:30:00,VH-006,43.88295,1.70972,70
2026-08-03T16:00:00,VH-006,43.84666,1.65413,70
2026-08-03T16:30:00,VH-006,43.44862,1.54068,90
2026-08-03T17:00:00,VH-006,43.81962,1.22035,110
2026-08-03T17:30:00,VH-006,43.47706,1.25077,30
2026-08-03T18:00:00,VH-006,43.82594,1.64402,30
2026-08-03T18:30:00,VH-006,43.6571,1.57501,50
2026-08-03T19:00:00,VH-006,43.76986,1.66673,0
2026-08-03T19:30:00,VH-006,43.81758,1.67792,70
2026-08-03T20:00:00,VH-006,43.64001,1.15312,0
2026-08-03T20:30:00,VH-006,43.50648,1.5622,30
2026-08-03T21:00:00,VH-006,43.42839,1.70334,0
2026-08-03T21:30:00,VH-006,43.81069,1.4802,50
2026-08-03T22:00:00,VH-006,43.54086,1.2458,0
2026-08-03T22:30:00,VH-006,43.78227,1.38872,0
2026-08-03T23:00:00,VH-006,43.64639,1.56632,0
2026-08-03T23:30:00,VH-006,43.3592,1.19337,0
2026-08-01T00:00:00,VH-007,43.81542,1.62158,70
2026-08-01T00:30:00,VH-007,43.34421,1.72321,0
2026-08-01T01:00:00,VH-007,43.32622,1.32993,90
2026-08-01T01:30:00,VH-007,43.70221,1.65684,0
2026-08-01T02:00:00,VH-007,43.74596,1.45771,0
2026-08-01T02:30:00,VH-007,43.38594,1.46408,0
2026-08-01T03:00:00,VH-007,43.86287,1.6848,50
2026-08-01T03:30:00,VH-007,43.30442,1.56035,50
2026-08-01T04:00:00,VH-007,43.71586,1.652,90
2026-08-01T04:30:00,VH-007,43.34184,1.22862,50
2026-08-01T05:00:00,VH-007,43.85937,1.15807,0
2026-08-01T05:30:00,VH-007,43.64597,1.44542,0
2026-08-01T06:00:00,VH-007,43.64249,1.56517,0
2026-08-01T06:30:00,VH-007,43.68271,1.25363,50
2026-08-01T07:00:00,VH-007,43.75759,1.17686,30
2026-08-01T07:30:00,VH-007,43.40487,1.27691,90
2026-08-01T08:00:00,VH-007,43.55754,1.73331,110
2026-08-01T08:30:00,VH-007,43.57281,1.63389,90
2026-08-01T09:00:00,VH-007,43.77191,1.55089,0
2026-08-01T09:30:00,VH-007,43.55152,1.16324,70
2026-08-01T10:00:00,VH-007,43.88392,1.48636,0
2026-08-01T10:30:00,VH-007,43.69746,1.67112,30
2026-08-01T11:00:00,VH-007,43.30484,1.69892,110
2026-08-01T11:30:00,VH-007,43.76993,1.47012,90
2026-08-01T12:00:00,VH-007,43.847,1.25575,50
2026-08-01T12:30:00,VH-007,43.31437,1.22958,90
2026-08-01T13:00:00,VH-007,43.68397,1.27136,50
2026-08-01T13:30:00,VH-007,43.72492,1.32352,90
2026-08-01T14:00:00,VH-007,43.64498,1.50443,0
2026-08-01T14:30:00,VH-007,43.43435,1.2466,70
2026-08-01T15:00:00,VH-007,43.67896,1.58919,70
2026-08-01T15:30:00,VH-007,43.4999,1.52282,0
2026-08-01T16:00:00,VH-007,43.58447,1.28515,110
2026-08-01T16:30:00,VH-007,43.77635,1.17543,30
2026-08-01T17:00:00,VH-007,43.41477,1.73627,0
2026-08-01T17:30:00,VH-007,43.70042,1.29818,110
2026-08-01T18:00:00,VH-007,43.75612,1.43465,30
2026-08-01T18:30:00,VH-007,43.77648,1.69562,30
2026-08-01T19:00:00,VH-007,43.72796,1.3977,30
2026-08-01T19:30:00,VH-007,43.85628,1.5262,50
2026-08-01T20:00:00,VH-007,43.84292,1.22573,90
2026-08-01T20:30:00,VH-007,43.71824,1.33013,50
2026-08-01T21:00:00,VH-007,43.36425,1.67996,90
2026-08-01T21:30:00,VH-007,43.55378,1.39916,0
2026-08-01T22:00:00,VH-007,43.4423,1.2139,90
2026-08-01T22:30:00,VH-007,43.32532,1.54372,90
2026-08-01T23:00:00,VH-007,43.52987,1.31737,50
2026-08-01T23:30:00,VH-007,43.75554,1.41032,0
2026-08-02T00:00:00,VH-007,43.30384,1.27752,70
2026-08-02T00:30:00,VH-007,43.74262,1.71572,50
2026-08-02T01:00:00,VH-007,43.88111,1.4833,30
2026-08-02T01:30:00,VH-007,43.69226,1.48599,0
2026-08-02T02:00:00,VH-007,43.73334,1.20017,110
2026-08-02T02:30:00,VH-007,43.68851,1.69204,50
2026-08-02T03:00:00,VH-007,43.71204,1.2412,110
2026-08-02T03:30:00,VH-007,43.64597,1.6654,30
2026-08-02T04:00:00,VH-007,43.51396,1.41295,0
2026-08-02T04:30:00,VH-007,43.72636,1.49093,0
2026-08-02T05:00:00,VH-007,43.50134,1.62716,70
2026-08-02T05:30:00,VH-007,43.775,1.17881,90
2026-08-02T06:00:00,VH-007,43.56068,1.56526,0
2026-08-02T06:30:00,VH-007,43.48434,1.2775,0
2026-08-02T07:00:00,VH-007,43.4183,1.51014,90
2026-08-02T07:30:00,VH-007,43.57573,1.42788,0
2026-08-02T08:00:00,VH-007,43.84975,1.21263,0
2026-08-02T08:30:00,VH-007,43.4975,1.38794,50
2026-08-02T09:00:00,VH-007,43.36979,1.32009,70
2026-08-02T09:30:00,VH-007,43.4647,1.37967,110
2026-08-02T10:00:00,VH-007,43.54444,1.25937,0
2026-08-02T10:30:00,VH-007,43.74398,1.73106,30
2026-08-02T11:00:00,VH-007,43.35528,1.61091,30
2026-08-02T11:30:00,VH-007,43.60555,1.54963,0
2026-08-02T12:00:00,VH-007,43.36207,1.23373,0
2026-08-02T12:30:00,VH-007,43.3898,1.70658,30
2026-08-02T13:00:00,VH-007,43.50443,1.68759,50
2026-08-02T13:30:00,VH-007,43.575,1.47748,70
2026-08-02T14:00:00,VH-007,43.74469,1.2719,0
2026-08-02T14:30:00,VH-007,43.45936,1.64315,50
2026-08-02T15:00:00,VH-007,43.8082,1.7066,110
2026-08-02T15:30:00,VH-007,43.81824,1.14719,0
2026-08-02T16:00:00,VH-007,43.55531,1.51049,0
2026-08-02T16:30:00,VH-007,43.60091,1.502,30
2026-08-02T17:00:00,VH-007,43.69503,1.47651,50
2026-08-02T17:30:00,VH-007,43.56105,1.41689,0
2026-08-02T18:00:00,VH-007,43.55913,1.31232,0
2026-08-02T18:30:00,VH-007,43.80715,1.65844,0
2026-08-02T19:00:00,VH-007,43.81078,1.68179,0
2026-08-02T19:30:00,VH-007,43.80909,1.61161,110
2026-08-02T20:00:00,VH-007,43.64388,1.53388,0
2026-08-02T20:30:00,VH-007,43.72774,1.38418,70
2026-08-02T21:00:00,VH-007,43.41126,1.15691,90
2026-08-02T21:30:00,VH-007,43.32878,1.31491,0
2026-08-02T22:00:00,VH-007,43.33545,1.53564,30
2026-08-02T22:30:00,VH-007,43.66988,1.7236,110
2026-08-02T23:00:00,VH-007,43.35878,1.69899,50
2026-08-02T23:30:00,VH-007,43.67365,1.31231,0
2026-08-03T00:00:00,VH-007,43.34227,1.43109,50
2026-08-03T00:30:00,VH-007,43.35269,1.16191,0
2026-08-03T01:00:00,VH-007,43.34097,1.24668,0
2026-08-03T01:30:00,VH-007,43.81074,1.44802,0
2026-08-03T02:00:00,VH-007,43.39306,1.25438,30
2026-08-03T02:30:00,VH-007,43.78515,1.17597,70
2026-08-03T03:00:00,VH-007,43.69059,1.52813,0
2026-08-03T03:30:00,VH-007,43.70385,1.40454,0
2026-08-03T04:00:00,VH-007,43.39563,1.44695,0
2026-08-03T04:30:00,VH-007,43.75102,1.51563,50
2026-08-03T05:00:00,VH-007,43.4998,1.3887,70
2026-08-03T05:30:00,VH-007,43.60076,1.35037,30
2026-08-03T06:00:00,VH-007,43.87747,1.61437,110
2026-08-03T06:30:00,VH-007,43.83727,1.63117,110
2026-08-03T07:00:00,VH-007,43.88507,1.49804,0
2026-08-03T07:30:00,VH-007,43.47548,1.58497,50
2026-08-03T08:00:00,VH-007,43.84556,1.25163,110
2026-08-03T08:30:00,VH-007,43.8785,1.17558,90
2026-08-03T09:00:00,VH-007,43.7366,1.20579,70
2026-08-03T09:30:00,VH-007,43.59507,1.66558,50
2026-08-03T10:00:00,VH-007,43.82958,1.6885,0
2026-08-03T10:30:00,VH-007,43.39404,1.50141,50
2026-08-03T11:00:00,VH-007,43.65628,1.25011,0
2026-08-03T11:30:00,VH-007,43.64419,1.48082,50
2026-08-03T12:00:00,VH-007,43.63964,1.36485,30
2026-08-03T12:30:00,VH-007,43.83989,1.31658,30
2026-08-03T13:00:00,VH-007,43.83201,1.52611,110
2026-08-03T13:30:00,VH-007,43.72538,1.36192,30
2026-08-03T14:00:00,VH-007,43.79659,1.36597,70
2026-08-03T14:30:00,VH-007,43.66453,1.44977,110
2026-08-03T15:00:00,VH-007,43.71049,1.57428,30
2026-08-03T15:30:00,VH-007,43.88658,1.68625,0
2026-08-03T16:00:00,VH-007,43.51808,1.65017,70
2026-08-03T16:30:00,VH-007,43.3249,1.21307,90
2026-08-03T17:00:00,VH-007,43.69067,1.17407,0
2026-08-03T17:30:00,VH-007,43.32463,1.40302,0
2026-08-03T18:00:00,VH-007,43.39828,1.36367,30
2026-08-03T18:30:00,VH-007,43.67234,1.27574,30
2026-08-03T19:00:00,VH-007,43.36131,1.6961,110
2026-08-03T19:30:00,VH-007,43.83235,1.21798,0
2026-08-03T20:00:00,VH-007,43.42447,1.20815,30
2026-08-03T20:30:00,VH-007,43.70959,1.31232,0
2026-08-03T21:00:00,VH-007,43.4596,1.45236,0
2026-08-03T21:30:00,VH-007,43.54549,1.69012,70
2026-08-03T22:00:00,VH-007,43.30249,1.61824,110
2026-08-03T22:30:00,VH-007,43.34703,1.56837,110
2026-08-03T23:00:00,VH-007,43.44971,1.54864,90
2026-08-03T23:30:00,VH-007,43.7788,1.22726,110
2026-08-01T00:00:00,VH-008,45.54292,4.98241,90
2026-08-01T00:30:00,VH-008,45.62724,4.93274,50
2026-08-01T01:00:00,VH-008,45.76331,4.59267,0
2026-08-01T01:30:00,VH-008,45.51068,5.08146,110
2026-08-01T02:00:00,VH-008,45.5943,4.60512,110
2026-08-01T02:30:00,VH-008,45.76327,5.01766,0
2026-08-01T03:00:00,VH-008,45.66946,4.83424,70
2026-08-01T03:30:00,VH-008,45.86414,4.68674,50
2026-08-01T04:00:00,VH-008,45.84189,4.91149,70
2026-08-01T04:30:00,VH-008,45.74573,5.08855,70
2026-08-01T05:00:00,VH-008,45.91461,4.61634,70
2026-08-01T05:30:00,VH-008,45.54376,5.06449,30
2026-08-01T06:00:00,VH-008,45.6416,4.69501,70
2026-08-01T06:30:00,VH-008,45.7618,4.56793,0
2026-08-01T07:00:00,VH-008,45.65286,4.72794,0
2026-08-01T07:30:00,VH-008,45.6497,5.10005,50
2026-08-01T08:00:00,VH-008,46.01818,4.80158,70
2026-08-01T08:30:00,VH-008,45.66589,4.83928,0
2026-08-01T09:00:00,VH-008,45.81852,4.61486,0
2026-08-01T09:30:00,VH-008,45.45547,4.68187,90
2026-08-01T10:00:00,VH-008,45.93279,5.11701,50
2026-08-01T10:30:00,VH-008,45.70391,4.93107,90
2026-08-01T11:00:00,VH-008,45.66783,5.04924,0
2026-08-01T11:30:00,VH-008,45.53638,4.83459,110
2026-08-01T12:00:00,VH-008,45.68536,4.63972,0
2026-08-01T12:30:00,VH-008,45.7675,5.13309,0
2026-08-01T13:00:00,VH-008,46.02238,4.61094,110
2026-08-01T13:30:00,VH-008,45.75416,5.1208,0
2026-08-01T14:00:00,VH-008,45.6453,4.76524,30
2026-08-01T14:30:00,VH-008,45.87413,5.13168,110
2026-08-01T15:00:00,VH-008,45.90564,4.71868,30
2026-08-01T15:30:00,VH-008,45.78018,4.92411,70
2026-08-01T16:00:00,VH-008,45.82849,4.93236,30
2026-08-01T16:30:00,VH-008,45.47925,4.84929,90
2026-08-01T17:00:00,VH-008,45.87673,4.90938,70
2026-08-01T17:30:00,VH-008,45.71043,4.70979,0
2026-08-01T18:00:00,VH-008,45.76353,4.81993,50
2026-08-01T18:30:00,VH-008,45.59389,4.80978,110
2026-08-01T19:00:00,VH-008,45.62312,4.80907,70
2026-08-01T19:30:00,VH-008,45.96165,4.58683,110
2026-08-01T20:00:00,VH-008,45.64269,4.87578,70
2026-08-01T20:30:00,VH-008,45.62316,5.01358,90
2026-08-01T21:00:00,VH-008,45.90037,4.57042,30
2026-08-01T21:30:00,VH-008,45.78306,4.61987,0
2026-08-01T22:00:00,VH-008,45.96715,4.98597,70
2026-08-01T22:30:00,VH-008,45.85413,4.74338,70
2026-08-01T23:00:00,VH-008,45.86385,4.98647,30
2026-08-01T23:30:00,VH-008,45.97929,4.55888,0
2026-08-02T00:00:00,VH-008,45.76347,4.86849,50
2026-08-02T00:30:00,VH-008,45.57483,4.60782,0
2026-08-02T01:00:00,VH-008,45.75045,4.87375,110
2026-08-02T01:30:00,VH-008,45.63145,4.81843,0
2026-08-02T02:00:00,VH-008,45.88514,5.12607,70
2026-08-02T02:30:00,VH-008,46.01739,4.7644,50
2026-08-02T03:00:00,VH-008,45.96679,4.83147,90
2026-08-02T03:30:00,VH-008,45.53359,4.84826,0
2026-08-02T04:00:00,VH-008,45.85307,5.04979,110
2026-08-02T04:30:00,VH-008,45.81166,4.99675,90
2026-08-02T05:00:00,VH-008,45.98584,4.95205,30
2026-08-02T05:30:00,VH-008,45.52719,4.76496,50
2026-08-02T06:00:00,VH-008,45.68306,4.67253,110
2026-08-02T06:30:00,VH-008,45.59547,4.94305,50
2026-08-02T07:00:00,VH-008,45.97118,4.69387,30
2026-08-02T07:30:00,VH-008,45.61648,4.81945,0
2026-08-02T08:00:00,VH-008,45.74314,5.11971,0
2026-08-02T08:30:00,VH-008,45.64719,4.80071,30
2026-08-02T09:00:00,VH-008,45.79345,5.12293,90
2026-08-02T09:30:00,VH-008,45.98271,4.61375,50
2026-08-02T10:00:00,VH-008,45.6527,4.73697,90
2026-08-02T10:30:00,VH-008,45.89223,4.63402,30
2026-08-02T11:00:00,VH-008,45.62328,4.89222,50
2026-08-02T11:30:00,VH-008,45.90525,5.07209,70
2026-08-02T12:00:00,VH-008,45.93526,4.75412,50
2026-08-02T12:30:00,VH-008,45.80514,4.71745,110
2026-08-02T13:00:00,VH-008,45.72317,4.61017,110
2026-08-02T13:30:00,VH-008,45.48939,4.59598,70
2026-08-02T14:00:00,VH-008,45.46439,4.77537,110
2026-08-02T14:30:00,VH-008,45.88218,5.10415,30
2026-08-02T15:00:00,VH-008,45.96715,4.65589,50
2026-08-02T15:30:00,VH-008,45.64137,4.89769,50
2026-08-02T16:00:00,VH-008,45.7169,4.7102,0
2026-08-02T16:30:00,VH-008,45.52353,4.59327,110
2026-08-02T17:00:00,VH-008,45.84381,4.74411,0
2026-08-02T17:30:00,VH-008,46.00618,4.6289,50
2026-08-02T18:00:00,VH-008,45.72577,4.96687,30
2026-08-02T18:30:00,VH-008,45.7132,4.5924,0
2026-08-02T19:00:00,VH-008,45.75435,4.72777,90
2026-08-02T19:30:00,VH-008,45.55499,5.05261,50
2026-08-02T20:00:00,VH-008,45.58021,5.11775,0
2026-08-02T20:30:00,VH-008,45.52299,4.58775,70
2026-08-02T21:00:00,VH-008,45.96648,4.71868,50
2026-08-02T21:30:00,VH-008,45.99472,4.65411,110
2026-08-02T22:00:00,VH-008,45.55095,4.80532,0
2026-08-02T22:30:00,VH-008,45.94034,5.1391,0
2026-08-02T23:00:00,VH-008,45.91171,4.8187,50
2026-08-02T23:30:00,VH-008,45.53594,4.8408,30
2026-08-03T00:00:00,VH-008,45.58159,4.56434,0
2026-08-03T00:30:00,VH-008,45.91507,4.66932,50
2026-08-03T01:00:00,VH-008,45.70393,4.99545,50
2026-08-03T01:30:00,VH-008,45.95526,4.68424,30
2026-08-03T02:00:00,VH-008,45.86236,4.73923,90
2026-08-03T02:30:00,VH-008,45.91876,4.97449,70
2026-08-03T03:00:00,VH-008,45.45217,5.07772,70
2026-08-03T03:30:00,VH-008,45.52849,5.06664,110
2026-08-03T04:00:00,VH-008,45.63681,5.11891,90
2026-08-03T04:30:00,VH-008,45.76508,4.5994,70
2026-08-03T05:00:00,VH-008,45.7774,4.68078,50
2026-08-03T05:30:00,VH-008,45.45803,4.95521,110
2026-08-03T06:00:00,VH-008,45.94446,5.11861,50
2026-08-03T06:30:00,VH-008,45.58897,4.98033,30
2026-08-03T07:00:00,VH-008,45.9772,4.80259,30
2026-08-03T07:30:00,VH-008,45.82736,4.55761,70
2026-08-03T08:00:00,VH-008,45.80672,4.95916,0
2026-08-03T08:30:00,VH-008,45.97,4.96311,90
2026-08-03T09:00:00,VH-008,45.48864,4.84497,70
2026-08-03T09:30:00,VH-008,45.76816,4.69375,30
2026-08-03T10:00:00,VH-008,45.92002,4.55227,110
2026-08-03T10:30:00,VH-008,46.03872,5.04213,0
2026-08-03T11:00:00,VH-008,46.03564,4.84122,0
2026-08-03T11:30:00,VH-008,45.84997,4.91858,90
2026-08-03T12:00:00,VH-008,45.74469,5.12931,70
2026-08-03T12:30:00,VH-008,46.00568,4.98145,50
2026-08-03T13:00:00,VH-008,45.59388,4.86965,110
2026-08-03T13:30:00,VH-008,45.9893,4.77325,70
2026-08-03T14:00:00,VH-008,45.58349,4.55341,70
2026-08-03T14:30:00,VH-008,45.71681,5.05929,50
2026-08-03T15:00:00,VH-008,45.57527,5.07526,0
2026-08-03T15:30:00,VH-008,45.7848,5.06037,0
2026-08-03T16:00:00,VH-008,45.92806,4.75685,50
2026-08-03T16:30:00,VH-008,45.83174,5.08364,70
2026-08-03T17:00:00,VH-008,45.73867,5.02906,0
2026-08-03T17:30:00,VH-008,46.00024,4.81515,90
2026-08-03T18:00:00,VH-008,45.98807,4.82366,0
2026-08-03T18:30:00,VH-008,45.70647,4.96044,110
2026-08-03T19:00:00,VH-008,45.52919,4.88489,0
2026-08-03T19:30:00,VH-008,45.57616,5.02115,70
2026-08-03T20:00:00,VH-008,45.85746,5.01803,0
2026-08-03T20:30:00,VH-008,45.52204,4.9001,30
2026-08-03T21:00:00,VH-008,45.60353,5.06786,50
2026-08-03T21:30:00,VH-008,45.62858,4.87938,30
2026-08-03T22:00:00,VH-008,46.00517,5.07412,110
2026-08-03T22:30:00,VH-008,45.9578,4.97002,70
2026-08-03T23:00:00,VH-008,45.74685,4.66454,0
2026-08-03T23:30:00,VH-008,45.78945,5.02525,0
2026-08-01T00:00:00,VH-009,50.50686,2.95906,50
2026-08-01T00:30:00,VH-009,50.81276,3.2804,30
2026-08-01T01:00:00,VH-009,50.72299,2.91321,50
2026-08-01T01:30:00,VH-009,50.47705,2.98814,70
2026-08-01T02:00:00,VH-009,50.50559,3.27343,0
2026-08-01T02:30:00,VH-009,50.57242,3.1774,0
2026-08-01T03:00:00,VH-009,50.69755,3.17653,50
2026-08-01T03:30:00,VH-009,50.84689,3.02184,0
2026-08-01T04:00:00,VH-009,50.40633,3.24314,110
2026-08-01T04:30:00,VH-009,50.33955,3.18087,30
2026-08-01T05:00:00,VH-009,50.56932,2.88679,30
2026-08-01T05:30:00,VH-009,50.69945,2.82192,70
2026-08-01T06:00:00,VH-009,50.89752,2.96619,0
2026-08-01T06:30:00,VH-009,50.78485,2.98776,0
2026-08-01T07:00:00,VH-009,50.74503,2.79768,110
2026-08-01T07:30:00,VH-009,50.83774,3.08574,0
2026-08-01T08:00:00,VH-009,50.61169,2.9878,90
2026-08-01T08:30:00,VH-009,50.54772,3.35004,70
2026-08-01T09:00:00,VH-009,50.69271,3.05365,0
2026-08-01T09:30:00,VH-009,50.41332,2.79692,70
2026-08-01T10:00:00,VH-009,50.73589,3.21476,90
2026-08-01T10:30:00,VH-009,50.41455,2.81612,0
2026-08-01T11:00:00,VH-009,50.71182,3.23583,50
2026-08-01T11:30:00,VH-009,50.59902,3.11678,50
2026-08-01T12:00:00,VH-009,50.71261,2.80226,90
2026-08-01T12:30:00,VH-009,50.58337,3.12992,110
2026-08-01T13:00:00,VH-009,50.73351,2.81897,30
2026-08-01T13:30:00,VH-009,50.7768,2.94194,110
2026-08-01T14:00:00,VH-009,50.90473,3.13576,70
2026-08-01T14:30:00,VH-009,50.48799,3.18757,30
2026-08-01T15:00:00,VH-009,50.65481,2.89072,110
2026-08-01T15:30:00,VH-009,50.51379,2.97905,0
2026-08-01T16:00:00,VH-009,50.63606,2.76057,0
2026-08-01T16:30:00,VH-009,50.43396,2.99106,90
2026-08-01T17:00:00,VH-009,50.70386,2.78644,0
2026-08-01T17:30:00,VH-009,50.88184,3.00044,110
2026-08-01T18:00:00,VH-009,50.76437,3.01905,0
2026-08-01T18:30:00,VH-009,50.83356,3.09505,50
2026-08-01T19:00:00,VH-009,50.76973,3.00145,30
2026-08-01T19:30:00,VH-009,50.38651,3.0104,70
2026-08-01T20:00:00,VH-009,50.68146,3.34545,70
2026-08-01T20:30:00,VH-009,50.804,3.35402,90
2026-08-01T21:00:00,VH-009,50.4031,3.3133,90
2026-08-01T21:30:00,VH-009,50.78978,3.09571,110
2026-08-01T22:00:00,VH-009,50.48502,3.22539,50
2026-08-01T22:30:00,VH-009,50.36169,3.11608,70
2026-08-01T23:00:00,VH-009,50.37536,3.24886,0
2026-08-01T23:30:00,VH-009,50.34455,3.35143,70
2026-08-02T00:00:00,VH-009,50.573,3.14674,50
2026-08-02T00:30:00,VH-009,50.35862,3.19839,30
2026-08-02T01:00:00,VH-009,50.46761,2.89578,110
2026-08-02T01:30:00,VH-009,50.68227,2.81861,50
2026-08-02T02:00:00,VH-009,50.76547,3.15713,0
2026-08-02T02:30:00,VH-009,50.5678,2.86434,90
2026-08-02T03:00:00,VH-009,50.81574,3.31503,50
2026-08-02T03:30:00,VH-009,50.79463,2.97071,110
2026-08-02T04:00:00,VH-009,50.39975,3.14869,90
2026-08-02T04:30:00,VH-009,50.877,2.80974,70
2026-08-02T05:00:00,VH-009,50.57166,2.84336,110
2026-08-02T05:30:00,VH-009,50.6632,2.76931,90
2026-08-02T06:00:00,VH-009,50.88877,3.34028,0
2026-08-02T06:30:00,VH-009,50.90904,3.24723,50
2026-08-02T07:00:00,VH-009,50.75027,3.34899,110
2026-08-02T07:30:00,VH-009,50.91458,2.9128,90
2026-08-02T08:00:00,VH-009,50.62682,2.81156,70
2026-08-02T08:30:00,VH-009,50.62607,3.02111,0
2026-08-02T09:00:00,VH-009,50.3711,3.03324,0
2026-08-02T09:30:00,VH-009,50.43189,3.18753,0
2026-08-02T10:00:00,VH-009,50.72064,3.03857,110
2026-08-02T10:30:00,VH-009,50.70234,2.76065,110
2026-08-02T11:00:00,VH-009,50.81976,2.93167,90
2026-08-02T11:30:00,VH-009,50.59801,3.14776,70
2026-08-02T12:00:00,VH-009,50.60607,3.14555,0
2026-08-02T12:30:00,VH-009,50.35194,3.12933,50
2026-08-02T13:00:00,VH-009,50.47319,3.35888,0
2026-08-02T13:30:00,VH-009,50.35077,3.21686,30
2026-08-02T14:00:00,VH-009,50.47341,2.89589,70
2026-08-02T14:30:00,VH-009,50.4201,2.91979,50
2026-08-02T15:00:00,VH-009,50.54986,3.10418,30
2026-08-02T15:30:00,VH-009,50.82727,3.06345,90
2026-08-02T16:00:00,VH-009,50.88811,3.01649,30
2026-08-02T16:30:00,VH-009,50.64799,3.19956,0
2026-08-02T17:00:00,VH-009,50.53062,3.01549,110
2026-08-02T17:30:00,VH-009,50.86568,3.08342,70
2026-08-02T18:00:00,VH-009,50.71856,3.23112,30
2026-08-02T18:30:00,VH-009,50.67937,3.01317,70
2026-08-02T19:00:00,VH-009,50.60544,2.77156,50
2026-08-02T19:30:00,VH-009,50.38327,2.84973,0
2026-08-02T20:00:00,VH-009,50.92714,3.28317,0
2026-08-02T20:30:00,VH-009,50.37192,2.80069,50
2026-08-02T21:00:00,VH-009,50.63501,3.00004,30
2026-08-02T21:30:00,VH-009,50.52033,2.85988,110
2026-08-02T22:00:00,VH-009,50.38229,3.27365,90
2026-08-02T22:30:00,VH-009,50.84877,2.91147,110
2026-08-02T23:00:00,VH-009,50.45464,3.03981,90
2026-08-02T23:30:00,VH-009,50.61919,2.78413,30
2026-08-03T00:00:00,VH-009,50.57934,3.06073,90
2026-08-03T00:30:00,VH-009,50.53776,3.01805,0
2026-08-03T01:00:00,VH-009,50.74354,2.90362,0
2026-08-03T01:30:00,VH-009,50.77903,2.91053,30
2026-08-03T02:00:00,VH-009,50.61136,3.13471,0
2026-08-03T02:30:00,VH-009,50.7473,3.05316,30
2026-08-03T03:00:00,VH-009,50.48571,2.96171,0
2026-08-03T03:30:00,VH-009,50.47355,2.836,0
2026-08-03T04:00:00,VH-009,50.45324,2.92784,30
2026-08-03T04:30:00,VH-009,50.48973,3.34199,50
2026-08-03T05:00:00,VH-009,50.74106,2.85199,90
2026-08-03T05:30:00,VH-009,50.37501,3.20157,0
2026-08-03T06:00:00,VH-009,50.76473,3.13395,0
2026-08-03T06:30:00,VH-009,50.50253,2.93265,0
2026-08-03T07:00:00,VH-009,50.64372,2.94491,30
2026-08-03T07:30:00,VH-009,50.65736,3.09383,90
2026-08-03T08:00:00,VH-009,50.92202,2.96874,90
2026-08-03T08:30:00,VH-009,50.56575,3.00989,0
2026-08-03T09:00:00,VH-009,50.77508,3.31354,70
2026-08-03T09:30:00,VH-009,50.43418,3.34858,0
2026-08-03T10:00:00,VH-009,50.82023,2.90021,110
2026-08-03T10:30:00,VH-009,50.58926,3.11647,0
2026-08-03T11:00:00,VH-009,50.798,3.00362,0
2026-08-03T11:30:00,VH-009,50.59224,3.22021,30
2026-08-03T12:00:00,VH-009,50.70015,3.06282,30
2026-08-03T12:30:00,VH-009,50.47857,2.95855,30
2026-08-03T13:00:00,VH-009,50.79449,3.04396,90
2026-08-03T13:30:00,VH-009,50.62551,3.15129,0
2026-08-03T14:00:00,VH-009,50.53968,2.87626,110
2026-08-03T14:30:00,VH-009,50.40897,2.94108,90
2026-08-03T15:00:00,VH-009,50.38625,3.31921,50
2026-08-03T15:30:00,VH-009,50.81915,3.07012,70
2026-08-03T16:00:00,VH-009,50.90412,2.81938,110
2026-08-03T16:30:00,VH-009,50.52934,2.95612,50
2026-08-03T17:00:00,VH-009,50.69382,3.14241,70
2026-08-03T17:30:00,VH-009,50.90253,2.95126,0
2026-08-03T18:00:00,VH-009,50.61356,3.3073,0
2026-08-03T18:30:00,VH-009,50.68093,2.85562,30
2026-08-03T19:00:00,VH-009,50.87134,2.89074,0
2026-08-03T19:30:00,VH-009,50.7572,3.28387,110
2026-08-03T20:00:00,VH-009,50.68585,3.14262,30
2026-08-03T20:30:00,VH-009,50.68813,3.26027,110
2026-08-03T21:00:00,VH-009,50.39441,2.8969,50
2026-08-03T21:30:00,VH-009,50.79215,2.92188,70
2026-08-03T22:00:00,VH-009,50.73543,2.85335,50
2026-08-03T22:30:00,VH-009,50.40467,3.18799,0
2026-08-03T23:00:00,VH-009,50.57331,3.16314,70
2026-08-03T23:30:00,VH-009,50.81355,3.06485,30
2026-08-01T00:00:00,VH-010,43.75598,1.69157,30
2026-08-01T00:30:00,VH-010,43.60489,1.42107,0
2026-08-01T01:00:00,VH-010,43.57238,1.30623,30
2026-08-01T01:30:00,VH-010,43.53953,1.6211,110
2026-08-01T02:00:00,VH-010,43.70713,1.20468,0
2026-08-01T02:30:00,VH-010,43.51071,1.57334,50
2026-08-01T03:00:00,VH-010,43.44881,1.68869,90
2026-08-01T03:30:00,VH-010,43.3061,1.62443,70
2026-08-01T04:00:00,VH-010,43.49892,1.29356,70
2026-08-01T04:30:00,VH-010,43.86119,1.36549,0
2026-08-01T05:00:00,VH-010,43.89686,1.67159,30
2026-08-01T05:30:00,VH-010,43.82759,1.70971,90
2026-08-01T06:00:00,VH-010,43.84668,1.66597,110
2026-08-01T06:30:00,VH-010,43.85989,1.33006,50
2026-08-01T07:00:00,VH-010,43.48901,1.54641,110
2026-08-01T07:30:00,VH-010,43.3421,1.72784,0
2026-08-01T08:00:00,VH-010,43.85105,1.21402,0
2026-08-01T08:30:00,VH-010,43.87252,1.50201,70
2026-08-01T09:00:00,VH-010,43.78216,1.37226,90
2026-08-01T09:30:00,VH-010,43.86624,1.6126,30
2026-08-01T10:00:00,VH-010,43.35341,1.47925,90
2026-08-01T10:30:00,VH-010,43.3446,1.731,110
2026-08-01T11:00:00,VH-010,43.86631,1.61023,0
2026-08-01T11:30:00,VH-010,43.78938,1.49559,110
2026-08-01T12:00:00,VH-010,43.53091,1.46481,0
2026-08-01T12:30:00,VH-010,43.40859,1.20234,50
2026-08-01T13:00:00,VH-010,43.48477,1.66937,30
2026-08-01T13:30:00,VH-010,43.4292,1.36834,110
2026-08-01T14:00:00,VH-010,43.54966,1.24641,0
2026-08-01T14:30:00,VH-010,43.67218,1.30308,90
2026-08-01T15:00:00,VH-010,43.50757,1.72785,0
2026-08-01T15:30:00,VH-010,43.37705,1.26287,50
2026-08-01T16:00:00,VH-010,43.68246,1.33781,110
2026-08-01T16:30:00,VH-010,43.70167,1.29805,50
2026-08-01T17:00:00,VH-010,43.36701,1.2042,70
2026-08-01T17:30:00,VH-010,43.3761,1.17321,0
2026-08-01T18:00:00,VH-010,43.84524,1.22522,30
2026-08-01T18:30:00,VH-010,43.79543,1.70073,110
2026-08-01T19:00:00,VH-010,43.40249,1.53511,50
2026-08-01T19:30:00,VH-010,43.42974,1.68719,70
2026-08-01T20:00:00,VH-010,43.48845,1.22522,70
2026-08-01T20:30:00,VH-010,43.86371,1.55883,110
2026-08-01T21:00:00,VH-010,43.87584,1.66197,0
2026-08-01T21:30:00,VH-010,43.39028,1.30308,30
2026-08-01T22:00:00,VH-010,43.32968,1.72686,0
2026-08-01T22:30:00,VH-010,43.8086,1.21239,50
2026-08-01T23:00:00,VH-010,43.7325,1.16286,90
2026-08-01T23:30:00,VH-010,43.62749,1.29736,30
2026-08-02T00:00:00,VH-010,43.52814,1.40369,70
2026-08-02T00:30:00,VH-010,43.4249,1.59327,50
2026-08-02T01:00:00,VH-010,43.42912,1.15479,90
2026-08-02T01:30:00,VH-010,43.56582,1.25615,90
2026-08-02T02:00:00,VH-010,43.71671,1.48645,50
2026-08-02T02:30:00,VH-010,43.59891,1.56838,30
2026-08-02T03:00:00,VH-010,43.71295,1.33657,70
2026-08-02T03:30:00,VH-010,43.71209,1.4353,0
2026-08-02T04:00:00,VH-010,43.71024,1.35245,90
2026-08-02T04:30:00,VH-010,43.36762,1.25093,0
2026-08-02T05:00:00,VH-010,43.78289,1.63832,110
2026-08-02T05:30:00,VH-010,43.3056,1.21548,0
2026-08-02T06:00:00,VH-010,43.74911,1.17438,0
2026-08-02T06:30:00,VH-010,43.56693,1.5319,70
2026-08-02T07:00:00,VH-010,43.83553,1.18829,50
2026-08-02T07:30:00,VH-010,43.38767,1.31514,50
2026-08-02T08:00:00,VH-010,43.56327,1.67827,0
2026-08-02T08:30:00,VH-010,43.56133,1.22758,90
2026-08-02T09:00:00,VH-010,43.33662,1.29281,90
2026-08-02T09:30:00,VH-010,43.43901,1.46566,30
2026-08-02T10:00:00,VH-010,43.84407,1.31031,50
2026-08-02T10:30:00,VH-010,43.73299,1.15977,50
2026-08-02T11:00:00,VH-010,43.58057,1.62546,110
2026-08-02T11:30:00,VH-010,43.60418,1.27324,30
2026-08-02T12:00:00,VH-010,43.82103,1.15391,90
2026-08-02T12:30:00,VH-010,43.87255,1.21643,0
2026-08-02T13:00:00,VH-010,43.89794,1.66676,50
2026-08-02T13:30:00,VH-010,43.66681,1.57473,30
2026-08-02T14:00:00,VH-010,43.32078,1.47171,90
2026-08-02T14:30:00,VH-010,43.67103,1.20927,50
2026-08-02T15:00:00,VH-010,43.8213,1.35658,110
2026-08-02T15:30:00,VH-010,43.43704,1.37005,0
2026-08-02T16:00:00,VH-010,43.5572,1.20111,50
2026-08-02T16:30:00,VH-010,43.40905,1.22909,70
2026-08-02T17:00:00,VH-010,43.87087,1.61041,0
2026-08-02T17:30:00,VH-010,43.65069,1.52905,110
2026-08-02T18:00:00,VH-010,43.46416,1.28086,50
2026-08-02T18:30:00,VH-010,43.79621,1.65675,110
2026-08-02T19:00:00,VH-010,43.80849,1.34693,50
2026-08-02T19:30:00,VH-010,43.60146,1.31502,0
2026-08-02T20:00:00,VH-010,43.85395,1.21706,30
2026-08-02T20:30:00,VH-010,43.80263,1.15475,30
2026-08-02T21:00:00,VH-010,43.83467,1.7263,70
2026-08-02T21:30:00,VH-010,43.49165,1.73197,0
2026-08-02T22:00:00,VH-010,43.41211,1.22252,0
2026-08-02T22:30:00,VH-010,43.80954,1.47439,90
2026-08-02T23:00:00,VH-010,43.89159,1.27019,0
2026-08-02T23:30:00,VH-010,43.80508,1.26423,50
2026-08-03T00:00:00,VH-010,43.65782,1.439,70
2026-08-03T00:30:00,VH-010,43.61108,1.28545,0
2026-08-03T01:00:00,VH-010,43.40591,1.63711,90
2026-08-03T01:30:00,VH-010,43.42091,1.73884,0
2026-08-03T02:00:00,VH-010,43.42461,1.54905,90
2026-08-03T02:30:00,VH-010,43.71171,1.71021,110
2026-08-03T03:00:00,VH-010,43.84091,1.44552,0
2026-08-03T03:30:00,VH-010,43.64541,1.56157,50
2026-08-03T04:00:00,VH-010,43.66058,1.59306,110
2026-08-03T04:30:00,VH-010,43.88978,1.68931,110
2026-08-03T05:00:00,VH-010,43.5896,1.73741,110
2026-08-03T05:30:00,VH-010,43.6177,1.55861,70
2026-08-03T06:00:00,VH-010,43.80358,1.70149,90
2026-08-03T06:30:00,VH-010,43.76809,1.61056,110
2026-08-03T07:00:00,VH-010,43.60608,1.65285,50
2026-08-03T07:30:00,VH-010,43.60404,1.68125,90
2026-08-03T08:00:00,VH-010,43.71278,1.47169,0
2026-08-03T08:30:00,VH-010,43.43969,1.16049,0
2026-08-03T09:00:00,VH-010,43.80755,1.32482,50
2026-08-03T09:30:00,VH-010,43.65742,1.16959,0
2026-08-03T10:00:00,VH-010,43.72065,1.64509,90
2026-08-03T10:30:00,VH-010,43.36563,1.5343,0
2026-08-03T11:00:00,VH-010,43.31852,1.68834,0
2026-08-03T11:30:00,VH-010,43.65232,1.15417,0
2026-08-03T12:00:00,VH-010,43.80055,1.24681,30
2026-08-03T12:30:00,VH-010,43.4328,1.55142,30
2026-08-03T13:00:00,VH-010,43.31942,1.62648,90
2026-08-03T13:30:00,VH-010,43.49632,1.44328,50
2026-08-03T14:00:00,VH-010,43.48347,1.57993,70
2026-08-03T14:30:00,VH-010,43.30868,1.38312,0
2026-08-03T15:00:00,VH-010,43.68058,1.68612,30
2026-08-03T15:30:00,VH-010,43.70589,1.23929,0
2026-08-03T16:00:00,VH-010,43.72292,1.62951,50
2026-08-03T16:30:00,VH-010,43.8487,1.64388,0
2026-08-03T17:00:00,VH-010,43.44207,1.34077,110
2026-08-03T17:30:00,VH-010,43.30477,1.307,30
2026-08-03T18:00:00,VH-010,43.34059,1.47716,50
2026-08-03T18:30:00,VH-010,43.31343,1.15201,90
2026-08-03T19:00:00,VH-010,43.31184,1.20207,110
2026-08-03T19:30:00,VH-010,43.59786,1.26015,50
2026-08-03T20:00:00,VH-010,43.8262,1.69663,70
2026-08-03T20:30:00,VH-010,43.37628,1.69033,70
2026-08-03T21:00:00,VH-010,43.84778,1.58037,90
2026-08-03T21:30:00,VH-010,43.53406,1.70716,30
2026-08-03T22:00:00,VH-010,43.47301,1.66478,0
2026-08-03T22:30:00,VH-010,43.41469,1.56745,70
2026-08-03T23:00:00,VH-010,43.81113,1.36001,0
2026-08-03T23:30:00,VH-010,43.82189,1.34746,0
2026-08-01T00:00:00,VH-011,43.73107,1.14595,0
2026-08-01T00:30:00,VH-011,43.58351,1.27683,30
2026-08-01T01:00:00,VH-011,43.54229,1.432,0
2026-08-01T01:30:00,VH-011,43.46596,1.50203,110
2026-08-01T02:00:00,VH-011,43.35221,1.51109,0
2026-08-01T02:30:00,VH-011,43.42668,1.39532,70
2026-08-01T03:00:00,VH-011,43.52563,1.54259,0
2026-08-01T03:30:00,VH-011,43.81616,1.71942,90
2026-08-01T04:00:00,VH-011,43.67986,1.56738,50
2026-08-01T04:30:00,VH-011,43.30938,1.44332,50
2026-08-01T05:00:00,VH-011,43.62989,1.24832,70
2026-08-01T05:30:00,VH-011,43.69233,1.57301,110
2026-08-01T06:00:00,VH-011,43.87284,1.55545,110
2026-08-01T06:30:00,VH-011,43.53644,1.34167,0
2026-08-01T07:00:00,VH-011,43.37395,1.29063,0
2026-08-01T07:30:00,VH-011,43.74975,1.21687,50
2026-08-01T08:00:00,VH-011,43.89627,1.40845,90
2026-08-01T08:30:00,VH-011,43.50347,1.30573,110
2026-08-01T09:00:00,VH-011,43.82017,1.72191,90
2026-08-01T09:30:00,VH-011,43.36753,1.61401,0
2026-08-01T10:00:00,VH-011,43.40517,1.56292,0
2026-08-01T10:30:00,VH-011,43.88231,1.68538,70
2026-08-01T11:00:00,VH-011,43.84183,1.53342,70
2026-08-01T11:30:00,VH-011,43.54516,1.29372,0
2026-08-01T12:00:00,VH-011,43.7986,1.29543,30
2026-08-01T12:30:00,VH-011,43.76956,1.16713,30
2026-08-01T13:00:00,VH-011,43.37512,1.46033,30
2026-08-01T13:30:00,VH-011,43.84514,1.71356,90
2026-08-01T14:00:00,VH-011,43.85072,1.49342,110
2026-08-01T14:30:00,VH-011,43.46028,1.33353,0
2026-08-01T15:00:00,VH-011,43.76219,1.66606,90
2026-08-01T15:30:00,VH-011,43.5739,1.33758,30
2026-08-01T16:00:00,VH-011,43.38394,1.45028,90
2026-08-01T16:30:00,VH-011,43.3487,1.44936,90
2026-08-01T17:00:00,VH-011,43.75416,1.47243,0
2026-08-01T17:30:00,VH-011,43.43612,1.33143,70
2026-08-01T18:00:00,VH-011,43.69924,1.58944,90
2026-08-01T18:30:00,VH-011,43.68553,1.25479,50
2026-08-01T19:00:00,VH-011,43.30993,1.52874,110
2026-08-01T19:30:00,VH-011,43.53386,1.23079,110
2026-08-01T20:00:00,VH-011,43.85858,1.71241,70
2026-08-01T20:30:00,VH-011,43.54536,1.38329,0
2026-08-01T21:00:00,VH-011,43.50585,1.14045,50
2026-08-01T21:30:00,VH-011,43.76184,1.37005,90
2026-08-01T22:00:00,VH-011,43.53652,1.39664,0
2026-08-01T22:30:00,VH-011,43.4104,1.49699,110
2026-08-01T23:00:00,VH-011,43.37374,1.72681,0
2026-08-01T23:30:00,VH-011,43.6568,1.19758,30
2026-08-02T00:00:00,VH-011,43.41681,1.69109,110
2026-08-02T00:30:00,VH-011,43.88649,1.62745,90
2026-08-02T01:00:00,VH-011,43.59875,1.62953,30
2026-08-02T01:30:00,VH-011,43.38333,1.14166,0
2026-08-02T02:00:00,VH-011,43.89813,1.67788,30
2026-08-02T02:30:00,VH-011,43.35613,1.69233,30
2026-08-02T03:00:00,VH-011,43.67989,1.21367,70
2026-08-02T03:30:00,VH-011,43.59227,1.1951,110
2026-08-02T04:00:00,VH-011,43.8866,1.68887,90
2026-08-02T04:30:00,VH-011,43.56796,1.38808,0
2026-08-02T05:00:00,VH-011,43.85829,1.6732,0
2026-08-02T05:30:00,VH-011,43.49202,1.2549,50
2026-08-02T06:00:00,VH-011,43.78686,1.52521,110
2026-08-02T06:30:00,VH-011,43.5555,1.59508,0
2026-08-02T07:00:00,VH-011,43.408,1.72521,0
2026-08-02T07:30:00,VH-011,43.3859,1.72772,0
2026-08-02T08:00:00,VH-011,43.80547,1.16549,70
2026-08-02T08:30:00,VH-011,43.51413,1.25027,50
2026-08-02T09:00:00,VH-011,43.35779,1.59226,30
2026-08-02T09:30:00,VH-011,43.75993,1.48931,0
2026-08-02T10:00:00,VH-011,43.80193,1.20875,90
2026-08-02T10:30:00,VH-011,43.32361,1.34279,0
2026-08-02T11:00:00,VH-011,43.83327,1.54,30
2026-08-02T11:30:00,VH-011,43.85579,1.34583,30
2026-08-02T12:00:00,VH-011,43.84008,1.19541,70
2026-08-02T12:30:00,VH-011,43.41241,1.38033,90
2026-08-02T13:00:00,VH-011,43.51971,1.45509,110
2026-08-02T13:30:00,VH-011,43.57753,1.422,50
2026-08-02T14:00:00,VH-011,43.46913,1.43256,50
2026-08-02T14:30:00,VH-011,43.79618,1.42483,0
2026-08-02T15:00:00,VH-011,43.3453,1.4644,90
2026-08-02T15:30:00,VH-011,43.67771,1.22955,110
2026-08-02T16:00:00,VH-011,43.58756,1.38563,110
2026-08-02T16:30:00,VH-011,43.86746,1.60999,90
2026-08-02T17:00:00,VH-011,43.62335,1.18988,30
2026-08-02T17:30:00,VH-011,43.72082,1.69428,50
2026-08-02T18:00:00,VH-011,43.89388,1.56646,70
2026-08-02T18:30:00,VH-011,43.73796,1.15845,50
2026-08-02T19:00:00,VH-011,43.62298,1.63004,90
2026-08-02T19:30:00,VH-011,43.49257,1.56242,110
2026-08-02T20:00:00,VH-011,43.57357,1.24406,50
2026-08-02T20:30:00,VH-011,43.57299,1.67935,0
2026-08-02T21:00:00,VH-011,43.78664,1.66884,0
2026-08-02T21:30:00,VH-011,43.74169,1.31962,0
2026-08-02T22:00:00,VH-011,43.82874,1.31713,0
2026-08-02T22:30:00,VH-011,43.40854,1.1588,0
2026-08-02T23:00:00,VH-011,43.65191,1.37233,90
2026-08-02T23:30:00,VH-011,43.42151,1.51126,0
2026-08-03T00:00:00,VH-011,43.59617,1.26007,0
2026-08-03T00:30:00,VH-011,43.43732,1.39783,30
2026-08-03T01:00:00,VH-011,43.45372,1.35583,110
2026-08-03T01:30:00,VH-011,43.72341,1.36423,0
2026-08-03T02:00:00,VH-011,43.86656,1.28828,0
2026-08-03T02:30:00,VH-011,43.64711,1.18258,70
2026-08-03T03:00:00,VH-011,43.54731,1.21067,0
2026-08-03T03:30:00,VH-011,43.56138,1.47591,110
2026-08-03T04:00:00,VH-011,43.80431,1.51094,90
2026-08-03T04:30:00,VH-011,43.43017,1.6236,90
2026-08-03T05:00:00,VH-011,43.80965,1.15346,110
2026-08-03T05:30:00,VH-011,43.8267,1.55834,0
2026-08-03T06:00:00,VH-011,43.84041,1.31725,110
2026-08-03T06:30:00,VH-011,43.71395,1.51984,30
2026-08-03T07:00:00,VH-011,43.84103,1.72892,50
2026-08-03T07:30:00,VH-011,43.51256,1.73838,50
2026-08-03T08:00:00,VH-011,43.55156,1.18013,30
2026-08-03T08:30:00,VH-011,43.4721,1.22995,0
2026-08-03T09:00:00,VH-011,43.37253,1.5499,90
2026-08-03T09:30:00,VH-011,43.51441,1.20543,0
2026-08-03T10:00:00,VH-011,43.84508,1.19654,70
2026-08-03T10:30:00,VH-011,43.41235,1.22497,0
2026-08-03T11:00:00,VH-011,43.84779,1.2627,0
2026-08-03T11:30:00,VH-011,43.69652,1.71215,50
2026-08-03T12:00:00,VH-011,43.43007,1.56855,70
2026-08-03T12:30:00,VH-011,43.72572,1.61261,70
2026-08-03T13:00:00,VH-011,43.51694,1.4311,110
2026-08-03T13:30:00,VH-011,43.34019,1.19589,90
2026-08-03T14:00:00,VH-011,43.81288,1.61294,0
2026-08-03T14:30:00,VH-011,43.68847,1.26552,70
2026-08-03T15:00:00,VH-011,43.39786,1.17734,0
2026-08-03T15:30:00,VH-011,43.39343,1.16888,110
2026-08-03T16:00:00,VH-011,43.33053,1.35422,50
2026-08-03T16:30:00,VH-011,43.43581,1.6156,110
2026-08-03T17:00:00,VH-011,43.68594,1.35684,110
2026-08-03T17:30:00,VH-011,43.78813,1.27173,90
2026-08-03T18:00:00,VH-011,43.78556,1.40532,50
2026-08-03T18:30:00,VH-011,43.87207,1.62106,30
2026-08-03T19:00:00,VH-011,43.30859,1.43849,90
2026-08-03T19:30:00,VH-011,43.59892,1.7254,0
2026-08-03T20:00:00,VH-011,43.7951,1.58895,50
2026-08-03T20:30:00,VH-011,43.76809,1.37393,110
2026-08-03T21:00:00,VH-011,43.5347,1.67624,90
2026-08-03T21:30:00,VH-011,43.83175,1.43772,0
2026-08-03T22:00:00,VH-011,43.44227,1.54714,70
2026-08-03T22:30:00,VH-011,43.51962,1.53114,110
2026-08-03T23:00:00,VH-011,43.61208,1.51272,30
2026-08-03T23:30:00,VH-011,43.67151,1.55565,0
2026-08-01T00:00:00,VH-012,47.38763,-1.72713,110
2026-08-01T00:30:00,VH-012,47.30732,-1.70633,30
2026-08-01T01:00:00,VH-012,47.10999,-1.35399,90
2026-08-01T01:30:00,VH-012,47.27287,-1.51432,0
2026-08-01T02:00:00,VH-012,47.24802,-1.59892,90
2026-08-01T02:30:00,VH-012,47.29247,-1.76131,70
2026-08-01T03:00:00,VH-012,47.04083,-1.8036,90
2026-08-01T03:30:00,VH-012,46.99275,-1.4972,90
2026-08-01T04:00:00,VH-012,47.05333,-1.452,70
2026-08-01T04:30:00,VH-012,47.25409,-1.58345,90
2026-08-01T05:00:00,VH-012,47.42913,-1.32791,110
2026-08-01T05:30:00,VH-012,47.2771,-1.68553,30
2026-08-01T06:00:00,VH-012,47.03962,-1.25928,70
2026-08-01T06:30:00,VH-012,47.16025,-1.35343,0
2026-08-01T07:00:00,VH-012,47.44027,-1.37982,90
2026-08-01T07:30:00,VH-012,47.37446,-1.76926,30
2026-08-01T08:00:00,VH-012,47.50434,-1.29875,30
2026-08-01T08:30:00,VH-012,47.07813,-1.56235,110
2026-08-01T09:00:00,VH-012,47.31387,-1.54264,0
2026-08-01T09:30:00,VH-012,47.47329,-1.68963,50
2026-08-01T10:00:00,VH-012,47.13568,-1.84623,50
2026-08-01T10:30:00,VH-012,47.05077,-1.77006,0
2026-08-01T11:00:00,VH-012,47.14557,-1.83566,110
2026-08-01T11:30:00,VH-012,47.43311,-1.67697,0
2026-08-01T12:00:00,VH-012,47.46239,-1.6684,70
2026-08-01T12:30:00,VH-012,47.36476,-1.26352,70
2026-08-01T13:00:00,VH-012,47.16868,-1.63556,70
2026-08-01T13:30:00,VH-012,47.1588,-1.82408,110
2026-08-01T14:00:00,VH-012,47.26999,-1.57224,70
2026-08-01T14:30:00,VH-012,47.04766,-1.82027,0
2026-08-01T15:00:00,VH-012,47.16933,-1.31719,0
2026-08-01T15:30:00,VH-012,47.05535,-1.84615,110
2026-08-01T16:00:00,VH-012,47.28425,-1.3329,0
2026-08-01T16:30:00,VH-012,47.02544,-1.8058,0
2026-08-01T17:00:00,VH-012,47.44954,-1.37233,50
2026-08-01T17:30:00,VH-012,47.33909,-1.39065,70
2026-08-01T18:00:00,VH-012,46.96445,-1.26528,30
2026-08-01T18:30:00,VH-012,47.3576,-1.42334,90
2026-08-01T19:00:00,VH-012,46.96176,-1.61003,0
2026-08-01T19:30:00,VH-012,46.97991,-1.29623,70
2026-08-01T20:00:00,VH-012,47.42522,-1.48188,50
2026-08-01T20:30:00,VH-012,47.15319,-1.61016,70
2026-08-01T21:00:00,VH-012,46.93777,-1.47408,110
2026-08-01T21:30:00,VH-012,46.97867,-1.37397,110
2026-08-01T22:00:00,VH-012,46.9326,-1.49092,110
2026-08-01T22:30:00,VH-012,47.06335,-1.41579,0
2026-08-01T23:00:00,VH-012,47.44302,-1.54043,110
2026-08-01T23:30:00,VH-012,47.02076,-1.55778,70
2026-08-02T00:00:00,VH-012,47.34878,-1.33558,0
2026-08-02T00:30:00,VH-012,46.92716,-1.25044,30
2026-08-02T01:00:00,VH-012,47.03401,-1.31124,0
2026-08-02T01:30:00,VH-012,46.94952,-1.63984,0
2026-08-02T02:00:00,VH-012,47.38238,-1.82317,110
2026-08-02T02:30:00,VH-012,47.26413,-1.60669,30
2026-08-02T03:00:00,VH-012,46.98854,-1.68409,0
2026-08-02T03:30:00,VH-012,47.01169,-1.66038,0
2026-08-02T04:00:00,VH-012,47.20357,-1.48051,0
2026-08-02T04:30:00,VH-012,47.12104,-1.69666,0
2026-08-02T05:00:00,VH-012,47.34023,-1.74855,110
2026-08-02T05:30:00,VH-012,47.41861,-1.47577,30
2026-08-02T06:00:00,VH-012,47.18556,-1.46588,50
2026-08-02T06:30:00,VH-012,47.1898,-1.43476,0
2026-08-02T07:00:00,VH-012,47.25167,-1.70889,30
2026-08-02T07:30:00,VH-012,47.04951,-1.30619,70
2026-08-02T08:00:00,VH-012,47.20445,-1.8374,50
2026-08-02T08:30:00,VH-012,47.23365,-1.70285,90
2026-08-02T09:00:00,VH-012,47.45794,-1.44558,110
2026-08-02T09:30:00,VH-012,47.37029,-1.67265,50
2026-08-02T10:00:00,VH-012,47.15763,-1.42944,50
2026-08-02T10:30:00,VH-012,47.07086,-1.36801,70
2026-08-02T11:00:00,VH-012,47.45022,-1.29733,110
2026-08-02T11:30:00,VH-012,47.02052,-1.78646,70
2026-08-02T12:00:00,VH-012,47.42115,-1.25883,110
2026-08-02T12:30:00,VH-012,47.36016,-1.2548,50
2026-08-02T13:00:00,VH-012,47.46919,-1.63388,90
2026-08-02T13:30:00,VH-012,47.3273,-1.5789,30
2026-08-02T14:00:00,VH-012,47.31534,-1.53007,0
2026-08-02T14:30:00,VH-012,47.03794,-1.78198,0
2026-08-02T15:00:00,VH-012,47.38204,-1.44846,0
2026-08-02T15:30:00,VH-012,47.43128,-1.56731,0
2026-08-02T16:00:00,VH-012,47.22852,-1.68468,90
2026-08-02T16:30:00,VH-012,47.49099,-1.55705,50
2026-08-02T17:00:00,VH-012,47.33594,-1.74319,70
2026-08-02T17:30:00,VH-012,47.49831,-1.75341,90
2026-08-02T18:00:00,VH-012,47.23521,-1.82601,0
2026-08-02T18:30:00,VH-012,47.06787,-1.35576,0
2026-08-02T19:00:00,VH-012,47.15297,-1.61829,0
2026-08-02T19:30:00,VH-012,47.51072,-1.52864,110
2026-08-02T20:00:00,VH-012,47.37625,-1.41011,0
2026-08-02T20:30:00,VH-012,47.18996,-1.69945,110
2026-08-02T21:00:00,VH-012,47.18182,-1.37398,0
2026-08-02T21:30:00,VH-012,47.47353,-1.66027,50
2026-08-02T22:00:00,VH-012,47.42456,-1.63988,110
2026-08-02T22:30:00,VH-012,47.09856,-1.34758,0
2026-08-02T23:00:00,VH-012,47.31639,-1.45422,0
2026-08-02T23:30:00,VH-012,46.92494,-1.58146,50
2026-08-03T00:00:00,VH-012,47.34055,-1.59302,70
2026-08-03T00:30:00,VH-012,47.39562,-1.62852,50
2026-08-03T01:00:00,VH-012,47.24019,-1.51744,30
2026-08-03T01:30:00,VH-012,47.42387,-1.6383,110
2026-08-03T02:00:00,VH-012,47.42894,-1.68098,0
2026-08-03T02:30:00,VH-012,47.41743,-1.68174,0
2026-08-03T03:00:00,VH-012,47.32125,-1.26626,30
2026-08-03T03:30:00,VH-012,47.10018,-1.37723,30
2026-08-03T04:00:00,VH-012,47.1546,-1.31951,50
2026-08-03T04:30:00,VH-012,47.34322,-1.5745,0
2026-08-03T05:00:00,VH-012,47.45252,-1.6585,0
2026-08-03T05:30:00,VH-012,47.34228,-1.32084,0
2026-08-03T06:00:00,VH-012,46.98893,-1.50401,110
2026-08-03T06:30:00,VH-012,47.27576,-1.74445,0
2026-08-03T07:00:00,VH-012,46.94807,-1.45099,30
2026-08-03T07:30:00,VH-012,47.25451,-1.43245,90
2026-08-03T08:00:00,VH-012,47.29743,-1.73419,0
2026-08-03T08:30:00,VH-012,47.47401,-1.28505,30
2026-08-03T09:00:00,VH-012,47.24278,-1.39938,90
2026-08-03T09:30:00,VH-012,47.17901,-1.81568,70
2026-08-03T10:00:00,VH-012,47.00328,-1.84304,110
2026-08-03T10:30:00,VH-012,47.46636,-1.40179,30
2026-08-03T11:00:00,VH-012,47.32394,-1.30691,0
2026-08-03T11:30:00,VH-012,47.04601,-1.52844,90
2026-08-03T12:00:00,VH-012,46.97446,-1.7358,110
2026-08-03T12:30:00,VH-012,47.34142,-1.71848,110
2026-08-03T13:00:00,VH-012,47.34552,-1.3524,70
2026-08-03T13:30:00,VH-012,47.13868,-1.47218,30
2026-08-03T14:00:00,VH-012,47.29932,-1.43184,90
2026-08-03T14:30:00,VH-012,47.5008,-1.42334,50
2026-08-03T15:00:00,VH-012,47.45132,-1.35407,110
2026-08-03T15:30:00,VH-012,47.16546,-1.52461,50
2026-08-03T16:00:00,VH-012,47.38378,-1.35806,30
2026-08-03T16:30:00,VH-012,47.12294,-1.33103,30
2026-08-03T17:00:00,VH-012,47.40541,-1.59425,70
2026-08-03T17:30:00,VH-012,47.25029,-1.70181,50
2026-08-03T18:00:00,VH-012,47.03296,-1.37827,90
2026-08-03T18:30:00,VH-012,46.98918,-1.3073,70
2026-08-03T19:00:00,VH-012,47.45878,-1.34251,110
2026-08-03T19:30:00,VH-012,47.09251,-1.37331,70
2026-08-03T20:00:00,VH-012,47.4806,-1.40797,0
2026-08-03T20:30:00,VH-012,47.20751,-1.63969,70
2026-08-03T21:00:00,VH-012,47.08829,-1.27072,30
2026-08-03T21:30:00,VH-012,47.20471,-1.70531,0
2026-08-03T22:00:00,VH-012,47.22087,-1.56,0
2026-08-03T22:30:00,VH-012,47.13191,-1.76032,70
2026-08-03T23:00:00,VH-012,47.49881,-1.74789,0
2026-08-03T23:30:00,VH-012,47.10025,-1.81898,30
2026-08-01T00:00:00,VH-013,43.17758,5.26357,50
2026-08-01T00:30:00,VH-013,43.22875,5.59093,70
2026-08-01T01:00:00,VH-013,43.06699,5.42525,70
2026-08-01T01:30:00,VH-013,43.10691,5.60085,0
2026-08-01T02:00:00,VH-013,43.40392,5.14524,30
2026-08-01T02:30:00,VH-013,43.5305,5.52507,0
2026-08-01T03:00:00,VH-013,43.36829,5.29259,70
2026-08-01T03:30:00,VH-013,43.3226,5.14541,50
2026-08-01T04:00:00,VH-013,43.06536,5.10756,90
2026-08-01T04:30:00,VH-013,43.07822,5.26661,0
2026-08-01T05:00:00,VH-013,43.58723,5.44295,90
2026-08-01T05:30:00,VH-013,43.43232,5.63527,0
2026-08-01T06:00:00,VH-013,43.34208,5.23044,90
2026-08-01T06:30:00,VH-013,43.10538,5.6066,0
2026-08-01T07:00:00,VH-013,43.36512,5.14983,90
2026-08-01T07:30:00,VH-013,43.30186,5.09467,0
2026-08-01T08:00:00,VH-013,43.20173,5.47075,90
2026-08-01T08:30:00,VH-013,43.57118,5.10588,30
2026-08-01T09:00:00,VH-013,43.59209,5.10125,0
2026-08-01T09:30:00,VH-013,43.23877,5.14189,30
2026-08-01T10:00:00,VH-013,43.16968,5.18041,0
2026-08-01T10:30:00,VH-013,43.02124,5.52681,50
2026-08-01T11:00:00,VH-013,43.53751,5.43179,30
2026-08-01T11:30:00,VH-013,43.06738,5.07471,0
2026-08-01T12:00:00,VH-013,43.51837,5.61637,50
2026-08-01T12:30:00,VH-013,43.20137,5.41237,110
2026-08-01T13:00:00,VH-013,43.09718,5.58278,110
2026-08-01T13:30:00,VH-013,43.26972,5.50977,0
2026-08-01T14:00:00,VH-013,43.36887,5.24501,70
2026-08-01T14:30:00,VH-013,43.43667,5.5232,50
2026-08-01T15:00:00,VH-013,43.54274,5.19218,70
2026-08-01T15:30:00,VH-013,43.3092,5.26724,110
2026-08-01T16:00:00,VH-013,43.53192,5.15131,70
2026-08-01T16:30:00,VH-013,43.21026,5.5645,90
2026-08-01T17:00:00,VH-013,43.54079,5.38701,110
2026-08-01T17:30:00,VH-013,43.51157,5.21857,70
2026-08-01T18:00:00,VH-013,43.23178,5.29273,110
2026-08-01T18:30:00,VH-013,43.21497,5.18196,30
2026-08-01T19:00:00,VH-013,43.25104,5.34639,50
2026-08-01T19:30:00,VH-013,43.4001,5.66399,50
2026-08-01T20:00:00,VH-013,43.42489,5.36473,70
2026-08-01T20:30:00,VH-013,43.27954,5.53994,70
2026-08-01T21:00:00,VH-013,43.58752,5.09356,70
2026-08-01T21:30:00,VH-013,43.07036,5.58021,70
2026-08-01T22:00:00,VH-013,43.20985,5.61937,90
2026-08-01T22:30:00,VH-013,43.29908,5.59109,0
2026-08-01T23:00:00,VH-013,43.09747,5.36487,30
2026-08-01T23:30:00,VH-013,43.30608,5.19577,0
2026-08-02T00:00:00,VH-013,43.39574,5.22448,110
2026-08-02T00:30:00,VH-013,43.57354,5.27574,50
2026-08-02T01:00:00,VH-013,43.4449,5.4315,110
2026-08-02T01:30:00,VH-013,43.31175,5.11395,110
2026-08-02T02:00:00,VH-013,43.57624,5.63746,70
2026-08-02T02:30:00,VH-013,43.31431,5.27785,50
2026-08-02T03:00:00,VH-013,43.04295,5.09911,0
2026-08-02T03:30:00,VH-013,43.14323,5.66864,0
2026-08-02T04:00:00,VH-013,43.20319,5.49193,50
2026-08-02T04:30:00,VH-013,43.3058,5.49848,70
2026-08-02T05:00:00,VH-013,43.36857,5.50575,90
2026-08-02T05:30:00,VH-013,43.27592,5.41877,0
2026-08-02T06:00:00,VH-013,43.15345,5.50324,0
2026-08-02T06:30:00,VH-013,43.38036,5.44434,70
2026-08-02T07:00:00,VH-013,43.32956,5.29114,30
2026-08-02T07:30:00,VH-013,43.40254,5.14303,0
2026-08-02T08:00:00,VH-013,43.44021,5.34827,50
2026-08-02T08:30:00,VH-013,43.07116,5.51561,0
2026-08-02T09:00:00,VH-013,43.58088,5.56986,30
2026-08-02T09:30:00,VH-013,43.32774,5.31983,50
2026-08-02T10:00:00,VH-013,43.42153,5.57066,70
2026-08-02T10:30:00,VH-013,43.5011,5.46718,110
2026-08-02T11:00:00,VH-013,43.08326,5.11685,110
2026-08-02T11:30:00,VH-013,43.44589,5.55336,50
2026-08-02T12:00:00,VH-013,43.15363,5.30002,70
2026-08-02T12:30:00,VH-013,43.25119,5.27782,90
2026-08-02T13:00:00,VH-013,43.41253,5.13074,30
2026-08-02T13:30:00,VH-013,43.18717,5.18607,0
2026-08-02T14:00:00,VH-013,43.00811,5.30897,50
2026-08-02T14:30:00,VH-013,43.12426,5.61837,70
2026-08-02T15:00:00,VH-013,43.1441,5.53517,0
2026-08-02T15:30:00,VH-013,43.2808,5.0716,90
2026-08-02T16:00:00,VH-013,43.24076,5.12725,70
2026-08-02T16:30:00,VH-013,43.24064,5.48437,30
2026-08-02T17:00:00,VH-013,43.33419,5.55074,90
2026-08-02T17:30:00,VH-013,43.15849,5.59288,50
2026-08-02T18:00:00,VH-013,43.26032,5.07167,30
2026-08-02T18:30:00,VH-013,43.19371,5.52993,90
2026-08-02T19:00:00,VH-013,43.04475,5.28158,110
2026-08-02T19:30:00,VH-013,43.18498,5.09609,90
2026-08-02T20:00:00,VH-013,43.24821,5.45778,110
2026-08-02T20:30:00,VH-013,43.05629,5.30787,30
2026-08-02T21:00:00,VH-013,43.33267,5.65086,0
2026-08-02T21:30:00,VH-013,43.27489,5.40698,50
2026-08-02T22:00:00,VH-013,43.47889,5.1842,0
2026-08-02T22:30:00,VH-013,43.33458,5.08573,30
2026-08-02T23:00:00,VH-013,43.39198,5.39619,0
2026-08-02T23:30:00,VH-013,43.50042,5.31777,30
2026-08-03T00:00:00,VH-013,43.56756,5.40191,110
2026-08-03T00:30:00,VH-013,43.23025,5.22558,90
2026-08-03T01:00:00,VH-013,43.4027,5.5088,0
2026-08-03T01:30:00,VH-013,43.33073,5.59192,30
2026-08-03T02:00:00,VH-013,43.10461,5.58795,50
2026-08-03T02:30:00,VH-013,43.49481,5.60035,30
2026-08-03T03:00:00,VH-013,43.13656,5.36812,110
2026-08-03T03:30:00,VH-013,43.04541,5.48559,70
2026-08-03T04:00:00,VH-013,43.5623,5.20469,70
2026-08-03T04:30:00,VH-013,43.28353,5.1126,50
2026-08-03T05:00:00,VH-013,43.32965,5.08166,70
2026-08-03T05:30:00,VH-013,43.24781,5.43687,30
2026-08-03T06:00:00,VH-013,43.08268,5.48513,0
2026-08-03T06:30:00,VH-013,43.49115,5.17088,50
2026-08-03T07:00:00,VH-013,43.38781,5.25712,110
2026-08-03T07:30:00,VH-013,43.43171,5.57801,110
2026-08-03T08:00:00,VH-013,43.1251,5.43836,0
2026-08-03T08:30:00,VH-013,43.51808,5.60931,0
2026-08-03T09:00:00,VH-013,43.27021,5.1489,0
2026-08-03T09:30:00,VH-013,43.38459,5.1748,0
2026-08-03T10:00:00,VH-013,43.56199,5.3685,70
2026-08-03T10:30:00,VH-013,43.16687,5.60654,30
2026-08-03T11:00:00,VH-013,43.15618,5.49109,0
2026-08-03T11:30:00,VH-013,43.19448,5.08088,70
2026-08-03T12:00:00,VH-013,43.57288,5.28802,0
2026-08-03T12:30:00,VH-013,43.1944,5.56386,30
2026-08-03T13:00:00,VH-013,43.12707,5.5934,90
2026-08-03T13:30:00,VH-013,43.58298,5.09674,90
2026-08-03T14:00:00,VH-013,43.32611,5.12067,70
2026-08-03T14:30:00,VH-013,43.25766,5.1669,0
2026-08-03T15:00:00,VH-013,43.46853,5.47199,30
2026-08-03T15:30:00,VH-013,43.25222,5.08077,30
2026-08-03T16:00:00,VH-013,43.44933,5.20258,70
2026-08-03T16:30:00,VH-013,43.02669,5.59819,30
2026-08-03T17:00:00,VH-013,43.09583,5.26312,0
2026-08-03T17:30:00,VH-013,43.56766,5.62794,110
2026-08-03T18:00:00,VH-013,43.06891,5.52807,0
2026-08-03T18:30:00,VH-013,43.09738,5.65992,30
2026-08-03T19:00:00,VH-013,43.3381,5.23212,110
2026-08-03T19:30:00,VH-013,43.13766,5.3971,0
2026-08-03T20:00:00,VH-013,43.27595,5.6299,70
2026-08-03T20:30:00,VH-013,43.34289,5.62511,110
2026-08-03T21:00:00,VH-013,43.28665,5.45632,0
2026-08-03T21:30:00,VH-013,43.48952,5.25234,0
2026-08-03T22:00:00,VH-013,43.51075,5.63416,90
2026-08-03T22:30:00,VH-013,43.04971,5.27012,50
2026-08-03T23:00:00,VH-013,43.1015,5.07663,0
2026-08-03T23:30:00,VH-013,43.41204,5.50584,0
2026-08-01T00:00:00,VH-014,47.12296,-1.81146,0
2026-08-01T00:30:00,VH-014,47.25297,-1.4084,90
2026-08-01T01:00:00,VH-014,47.15897,-1.70785,0
2026-08-01T01:30:00,VH-014,47.29117,-1.79814,90
2026-08-01T02:00:00,VH-014,47.00426,-1.46492,110
2026-08-01T02:30:00,VH-014,46.94194,-1.58814,110
2026-08-01T03:00:00,VH-014,47.43131,-1.7351,110
2026-08-01T03:30:00,VH-014,47.44973,-1.30578,0
2026-08-01T04:00:00,VH-014,47.45689,-1.35806,0
2026-08-01T04:30:00,VH-014,47.25551,-1.55561,90
2026-08-01T05:00:00,VH-014,47.37285,-1.34921,0
2026-08-01T05:30:00,VH-014,46.94817,-1.34051,50
2026-08-01T06:00:00,VH-014,47.31495,-1.61244,50
2026-08-01T06:30:00,VH-014,46.96139,-1.64854,90
2026-08-01T07:00:00,VH-014,47.42003,-1.49763,50
2026-08-01T07:30:00,VH-014,47.36807,-1.36822,0
2026-08-01T08:00:00,VH-014,47.39966,-1.76909,70
2026-08-01T08:30:00,VH-014,47.15811,-1.33831,90
2026-08-01T09:00:00,VH-014,47.02719,-1.83538,50
2026-08-01T09:30:00,VH-014,47.21557,-1.62558,90
2026-08-01T10:00:00,VH-014,47.41315,-1.45247,0
2026-08-01T10:30:00,VH-014,47.04373,-1.64541,90
2026-08-01T11:00:00,VH-014,47.35159,-1.52907,110
2026-08-01T11:30:00,VH-014,47.33775,-1.50017,0
2026-08-01T12:00:00,VH-014,47.40018,-1.64699,0
2026-08-01T12:30:00,VH-014,47.29497,-1.75055,50
2026-08-01T13:00:00,VH-014,47.03407,-1.78658,90
2026-08-01T13:30:00,VH-014,47.23674,-1.28653,0
2026-08-01T14:00:00,VH-014,47.27643,-1.5807,70
2026-08-01T14:30:00,VH-014,46.92419,-1.71669,90
2026-08-01T15:00:00,VH-014,47.02994,-1.66576,0
2026-08-01T15:30:00,VH-014,47.47689,-1.40138,30
2026-08-01T16:00:00,VH-014,47.16479,-1.35874,30
2026-08-01T16:30:00,VH-014,46.92385,-1.34863,70
2026-08-01T17:00:00,VH-014,47.13761,-1.73851,70
2026-08-01T17:30:00,VH-014,47.05708,-1.73962,0
2026-08-01T18:00:00,VH-014,46.96238,-1.29486,70
2026-08-01T18:30:00,VH-014,47.3806,-1.78682,0
2026-08-01T19:00:00,VH-014,47.20752,-1.73993,30
2026-08-01T19:30:00,VH-014,47.4948,-1.79588,50
2026-08-01T20:00:00,VH-014,47.22625,-1.54042,50
2026-08-01T20:30:00,VH-014,46.98474,-1.43311,90
2026-08-01T21:00:00,VH-014,47.34548,-1.49109,110
2026-08-01T21:30:00,VH-014,47.15694,-1.60544,0
2026-08-01T22:00:00,VH-014,47.35444,-1.562,70
2026-08-01T22:30:00,VH-014,47.24331,-1.51876,110
2026-08-01T23:00:00,VH-014,46.9264,-1.30328,70
2026-08-01T23:30:00,VH-014,47.47893,-1.79858,0
2026-08-02T00:00:00,VH-014,47.32358,-1.79838,110
2026-08-02T00:30:00,VH-014,46.99303,-1.40204,0
2026-08-02T01:00:00,VH-014,47.26566,-1.61928,30
2026-08-02T01:30:00,VH-014,47.15848,-1.4664,0
2026-08-02T02:00:00,VH-014,47.51177,-1.48714,30
2026-08-02T02:30:00,VH-014,46.99892,-1.58256,70
2026-08-02T03:00:00,VH-014,47.19916,-1.41191,50
2026-08-02T03:30:00,VH-014,47.28997,-1.57083,0
2026-08-02T04:00:00,VH-014,47.28217,-1.32762,90
2026-08-02T04:30:00,VH-014,47.51702,-1.46013,90
2026-08-02T05:00:00,VH-014,47.1071,-1.7118,50
2026-08-02T05:30:00,VH-014,47.25222,-1.35033,110
2026-08-02T06:00:00,VH-014,47.23262,-1.41344,70
2026-08-02T06:30:00,VH-014,47.25007,-1.44434,50
2026-08-02T07:00:00,VH-014,47.15236,-1.29954,90
2026-08-02T07:30:00,VH-014,47.33279,-1.46563,70
2026-08-02T08:00:00,VH-014,47.39256,-1.40384,50
2026-08-02T08:30:00,VH-014,47.39822,-1.32983,0
2026-08-02T09:00:00,VH-014,47.06405,-1.50734,0
2026-08-02T09:30:00,VH-014,46.98406,-1.59501,90
2026-08-02T10:00:00,VH-014,46.95976,-1.58677,30
2026-08-02T10:30:00,VH-014,47.14031,-1.55852,30
2026-08-02T11:00:00,VH-014,47.05411,-1.73302,70
2026-08-02T11:30:00,VH-014,47.32275,-1.37378,0
2026-08-02T12:00:00,VH-014,47.31016,-1.43134,30
2026-08-02T12:30:00,VH-014,47.11199,-1.41362,70
2026-08-02T13:00:00,VH-014,47.38239,-1.82762,70
2026-08-02T13:30:00,VH-014,47.14891,-1.68719,30
2026-08-02T14:00:00,VH-014,46.97865,-1.83535,70
2026-08-02T14:30:00,VH-014,47.50171,-1.45178,90
2026-08-02T15:00:00,VH-014,47.50426,-1.60425,30
2026-08-02T15:30:00,VH-014,47.26196,-1.79425,70
2026-08-02T16:00:00,VH-014,47.12363,-1.71133,70
2026-08-02T16:30:00,VH-014,47.01811,-1.72434,70
2026-08-02T17:00:00,VH-014,47.45415,-1.48443,110
2026-08-02T17:30:00,VH-014,46.92253,-1.25101,50
2026-08-02T18:00:00,VH-014,47.07172,-1.82038,90
2026-08-02T18:30:00,VH-014,47.11527,-1.83358,70
2026-08-02T19:00:00,VH-014,47.2072,-1.36797,110
2026-08-02T19:30:00,VH-014,47.01018,-1.82984,90
2026-08-02T20:00:00,VH-014,47.45211,-1.46572,70
2026-08-02T20:30:00,VH-014,47.30706,-1.6465,110
2026-08-02T21:00:00,VH-014,47.48707,-1.66824,0
2026-08-02T21:30:00,VH-014,47.2943,-1.44894,110
2026-08-02T22:00:00,VH-014,47.24241,-1.39635,0
2026-08-02T22:30:00,VH-014,47.31096,-1.74959,30
2026-08-02T23:00:00,VH-014,47.28172,-1.61119,50
2026-08-02T23:30:00,VH-014,47.31672,-1.36567,0
2026-08-03T00:00:00,VH-014,47.20612,-1.34338,30
2026-08-03T00:30:00,VH-014,47.37368,-1.84735,30
2026-08-03T01:00:00,VH-014,47.25376,-1.57731,90
2026-08-03T01:30:00,VH-014,47.47992,-1.32208,0
2026-08-03T02:00:00,VH-014,47.22371,-1.26497,30
2026-08-03T02:30:00,VH-014,47.11077,-1.59726,90
2026-08-03T03:00:00,VH-014,47.12349,-1.75112,0
2026-08-03T03:30:00,VH-014,47.2705,-1.32944,0
2026-08-03T04:00:00,VH-014,47.07435,-1.7518,70
2026-08-03T04:30:00,VH-014,47.30216,-1.35643,70
2026-08-03T05:00:00,VH-014,47.03294,-1.34442,30
2026-08-03T05:30:00,VH-014,47.15018,-1.69875,30
2026-08-03T06:00:00,VH-014,47.23564,-1.55658,50
2026-08-03T06:30:00,VH-014,46.9397,-1.76207,0
2026-08-03T07:00:00,VH-014,47.25602,-1.30652,90
2026-08-03T07:30:00,VH-014,47.25253,-1.27216,70
2026-08-03T08:00:00,VH-014,47.21929,-1.68803,70
2026-08-03T08:30:00,VH-014,47.25319,-1.67505,50
2026-08-03T09:00:00,VH-014,46.99467,-1.35533,90
2026-08-03T09:30:00,VH-014,47.19034,-1.39006,30
2026-08-03T10:00:00,VH-014,47.40595,-1.3545,70
2026-08-03T10:30:00,VH-014,47.04923,-1.29558,70
2026-08-03T11:00:00,VH-014,47.29762,-1.65795,0
2026-08-03T11:30:00,VH-014,47.10585,-1.50622,110
2026-08-03T12:00:00,VH-014,47.44504,-1.39171,70
2026-08-03T12:30:00,VH-014,47.00311,-1.33481,50
2026-08-03T13:00:00,VH-014,47.46205,-1.73781,0
2026-08-03T13:30:00,VH-014,47.1758,-1.53674,0
2026-08-03T14:00:00,VH-014,47.02448,-1.37172,30
2026-08-03T14:30:00,VH-014,47.06782,-1.73261,0
2026-08-03T15:00:00,VH-014,46.96816,-1.63442,110
2026-08-03T15:30:00,VH-014,47.17214,-1.54617,0
2026-08-03T16:00:00,VH-014,46.99105,-1.68141,0
2026-08-03T16:30:00,VH-014,47.35301,-1.34598,0
2026-08-03T17:00:00,VH-014,47.51876,-1.71921,90
2026-08-03T17:30:00,VH-014,47.21346,-1.69054,90
2026-08-03T18:00:00,VH-014,46.99392,-1.68801,50
2026-08-03T18:30:00,VH-014,47.33089,-1.58964,70
2026-08-03T19:00:00,VH-014,46.92523,-1.65454,90
2026-08-03T19:30:00,VH-014,47.08247,-1.67748,0
2026-08-03T20:00:00,VH-014,47.2889,-1.28462,110
2026-08-03T20:30:00,VH-014,47.20854,-1.50685,70
2026-08-03T21:00:00,VH-014,46.99694,-1.4378,30
2026-08-03T21:30:00,VH-014,47.15479,-1.62673,0
2026-08-03T22:00:00,VH-014,47.04443,-1.82369,50
2026-08-03T22:30:00,VH-014,47.47977,-1.75669,30
2026-08-03T23:00:00,VH-014,47.4531,-1.37643,90
2026-08-03T23:30:00,VH-014,47.383,-1.71895,110
2026-08-01T00:00:00,VH-015,50.57564,3.10257,70
2026-08-01T00:30:00,VH-015,50.79882,2.9763,50
2026-08-01T01:00:00,VH-015,50.8598,3.35754,0
2026-08-01T01:30:00,VH-015,50.71546,2.86409,110
2026-08-01T02:00:00,VH-015,50.6874,2.84692,110
2026-08-01T02:30:00,VH-015,50.57057,3.18938,50
2026-08-01T03:00:00,VH-015,50.8293,3.31011,70
2026-08-01T03:30:00,VH-015,50.88523,2.95943,0
2026-08-01T04:00:00,VH-015,50.69128,3.15648,70
2026-08-01T04:30:00,VH-015,50.85687,2.87101,90
2026-08-01T05:00:00,VH-015,50.67257,2.86115,50
2026-08-01T05:30:00,VH-015,50.61773,3.14059,70
2026-08-01T06:00:00,VH-015,50.58378,3.26399,0
2026-08-01T06:30:00,VH-015,50.5573,3.35201,90
2026-08-01T07:00:00,VH-015,50.33738,3.13847,0
2026-08-01T07:30:00,VH-015,50.41328,2.98379,50
2026-08-01T08:00:00,VH-015,50.73207,2.90833,50
2026-08-01T08:30:00,VH-015,50.52092,3.01197,70
2026-08-01T09:00:00,VH-015,50.38796,3.29806,110
2026-08-01T09:30:00,VH-015,50.72478,3.27709,70
2026-08-01T10:00:00,VH-015,50.33517,2.8255,70
2026-08-01T10:30:00,VH-015,50.5421,2.83878,90
2026-08-01T11:00:00,VH-015,50.34307,3.01344,0
2026-08-01T11:30:00,VH-015,50.84523,2.91704,0
2026-08-01T12:00:00,VH-015,50.5645,2.9473,90
2026-08-01T12:30:00,VH-015,50.84324,3.19725,110
2026-08-01T13:00:00,VH-015,50.8761,2.8813,30
2026-08-01T13:30:00,VH-015,50.77653,2.89652,90
2026-08-01T14:00:00,VH-015,50.36259,3.10871,0
2026-08-01T14:30:00,VH-015,50.73731,2.8171,0
2026-08-01T15:00:00,VH-015,50.34711,3.12335,50
2026-08-01T15:30:00,VH-015,50.6721,2.79371,50
2026-08-01T16:00:00,VH-015,50.84124,2.80576,70
2026-08-01T16:30:00,VH-015,50.37363,3.14939,90
2026-08-01T17:00:00,VH-015,50.73744,2.90946,70
2026-08-01T17:30:00,VH-015,50.76373,2.78697,30
2026-08-01T18:00:00,VH-015,50.53314,3.2265,110
2026-08-01T18:30:00,VH-015,50.79874,2.80443,0
2026-08-01T19:00:00,VH-015,50.62698,3.29071,110
2026-08-01T19:30:00,VH-015,50.85548,2.93849,30
2026-08-01T20:00:00,VH-015,50.71076,2.94022,0
2026-08-01T20:30:00,VH-015,50.77946,2.78467,90
2026-08-01T21:00:00,VH-015,50.37982,3.2964,110
2026-08-01T21:30:00,VH-015,50.63218,3.20482,50
2026-08-01T22:00:00,VH-015,50.83989,3.31852,0
2026-08-01T22:30:00,VH-015,50.57693,2.90287,70
2026-08-01T23:00:00,VH-015,50.49011,2.91353,50
2026-08-01T23:30:00,VH-015,50.77421,3.2853,30
2026-08-02T00:00:00,VH-015,50.55616,3.1213,50
2026-08-02T00:30:00,VH-015,50.69687,2.85648,30
2026-08-02T01:00:00,VH-015,50.52997,3.10383,30
2026-08-02T01:30:00,VH-015,50.61404,3.08622,50
2026-08-02T02:00:00,VH-015,50.3542,2.91234,110
2026-08-02T02:30:00,VH-015,50.50943,2.82995,110
2026-08-02T03:00:00,VH-015,50.87642,3.03751,90
2026-08-02T03:30:00,VH-015,50.88384,3.22298,0
2026-08-02T04:00:00,VH-015,50.52965,2.82765,0
2026-08-02T04:30:00,VH-015,50.85317,3.07091,30
2026-08-02T05:00:00,VH-015,50.48491,3.16289,30
2026-08-02T05:30:00,VH-015,50.86726,3.21445,90
2026-08-02T06:00:00,VH-015,50.64849,3.25011,30
2026-08-02T06:30:00,VH-015,50.72877,3.07792,110
2026-08-02T07:00:00,VH-015,50.38514,3.24957,30
2026-08-02T07:30:00,VH-015,50.35142,3.07268,0
2026-08-02T08:00:00,VH-015,50.75245,3.14892,0
2026-08-02T08:30:00,VH-015,50.48028,2.94152,0
2026-08-02T09:00:00,VH-015,50.52256,3.07362,0
2026-08-02T09:30:00,VH-015,50.78253,3.11409,70
2026-08-02T10:00:00,VH-015,50.69694,3.11864,30
2026-08-02T10:30:00,VH-015,50.47012,3.29478,70
2026-08-02T11:00:00,VH-015,50.75455,2.83965,0
2026-08-02T11:30:00,VH-015,50.45442,3.20688,30
2026-08-02T12:00:00,VH-015,50.61733,2.97435,90
2026-08-02T12:30:00,VH-015,50.76089,2.78216,30
2026-08-02T13:00:00,VH-015,50.56189,2.96989,70
2026-08-02T13:30:00,VH-015,50.65594,3.30221,90
2026-08-02T14:00:00,VH-015,50.37227,2.98238,90
2026-08-02T14:30:00,VH-015,50.49274,3.16755,0
2026-08-02T15:00:00,VH-015,50.48352,3.04541,0
2026-08-02T15:30:00,VH-015,50.4971,2.84439,90
2026-08-02T16:00:00,VH-015,50.55204,3.13521,110
2026-08-02T16:30:00,VH-015,50.89709,2.9251,0
2026-08-02T17:00:00,VH-015,50.69811,3.352,0
2026-08-02T17:30:00,VH-015,50.88535,3.16066,50
2026-08-02T18:00:00,VH-015,50.5539,3.30384,0
2026-08-02T18:30:00,VH-015,50.45852,3.29733,0
2026-08-02T19:00:00,VH-015,50.46999,2.93497,0
2026-08-02T19:30:00,VH-015,50.54135,2.89737,50
2026-08-02T20:00:00,VH-015,50.85637,3.232,50
2026-08-02T20:30:00,VH-015,50.47767,3.32333,70
2026-08-02T21:00:00,VH-015,50.43669,3.30004,0
2026-08-02T21:30:00,VH-015,50.629,3.27324,0
2026-08-02T22:00:00,VH-015,50.42683,3.29399,50
2026-08-02T22:30:00,VH-015,50.56311,3.10037,30
2026-08-02T23:00:00,VH-015,50.37665,3.29418,0
2026-08-02T23:30:00,VH-015,50.91629,2.92232,70
2026-08-03T00:00:00,VH-015,50.69935,3.06009,30
2026-08-03T00:30:00,VH-015,50.46043,2.80903,90
2026-08-03T01:00:00,VH-015,50.60353,3.05577,90
2026-08-03T01:30:00,VH-015,50.47645,2.87862,0
2026-08-03T02:00:00,VH-015,50.69524,3.34997,30
2026-08-03T02:30:00,VH-015,50.88408,3.2981,90
2026-08-03T03:00:00,VH-015,50.44096,2.8755,0
2026-08-03T03:30:00,VH-015,50.33157,2.77623,50
2026-08-03T04:00:00,VH-015,50.55561,2.94416,90
2026-08-03T04:30:00,VH-015,50.56952,2.972,110
2026-08-03T05:00:00,VH-015,50.71957,2.9146,30
2026-08-03T05:30:00,VH-015,50.90141,3.18365,0
2026-08-03T06:00:00,VH-015,50.6757,3.35281,50
2026-08-03T06:30:00,VH-015,50.51831,2.8557,0
2026-08-03T07:00:00,VH-015,50.51131,3.08406,0
2026-08-03T07:30:00,VH-015,50.41734,3.04853,0
2026-08-03T08:00:00,VH-015,50.87604,2.80848,30
2026-08-03T08:30:00,VH-015,50.54971,3.04719,70
2026-08-03T09:00:00,VH-015,50.84574,2.87839,110
2026-08-03T09:30:00,VH-015,50.79395,2.97651,0
2026-08-03T10:00:00,VH-015,50.47641,2.83181,90
2026-08-03T10:30:00,VH-015,50.54241,2.98657,0
2026-08-03T11:00:00,VH-015,50.45307,3.26045,0
2026-08-03T11:30:00,VH-015,50.79604,2.89044,30
2026-08-03T12:00:00,VH-015,50.73614,3.27168,0
2026-08-03T12:30:00,VH-015,50.43654,2.88588,110
2026-08-03T13:00:00,VH-015,50.58212,2.86439,30
2026-08-03T13:30:00,VH-015,50.34236,2.84963,110
2026-08-03T14:00:00,VH-015,50.59031,2.96622,30
2026-08-03T14:30:00,VH-015,50.52154,3.09035,70
2026-08-03T15:00:00,VH-015,50.71745,3.1619,0
2026-08-03T15:30:00,VH-015,50.39676,3.20971,90
2026-08-03T16:00:00,VH-015,50.65818,3.0311,50
2026-08-03T16:30:00,VH-015,50.82798,3.35574,30
2026-08-03T17:00:00,VH-015,50.85573,2.83298,90
2026-08-03T17:30:00,VH-015,50.66232,2.9781,0
2026-08-03T18:00:00,VH-015,50.33788,3.055,70
2026-08-03T18:30:00,VH-015,50.50635,3.0128,70
2026-08-03T19:00:00,VH-015,50.51264,2.82524,0
2026-08-03T19:30:00,VH-015,50.55434,2.90999,70
2026-08-03T20:00:00,VH-015,50.4477,3.33997,50
2026-08-03T20:30:00,VH-015,50.91603,3.01195,110
2026-08-03T21:00:00,VH-015,50.65551,2.78072,0
2026-08-03T21:30:00,VH-015,50.90954,3.17891,0
2026-08-03T22:00:00,VH-015,50.55299,3.22112,30
2026-08-03T22:30:00,VH-015,50.81541,2.99976,0
2026-08-03T23:00:00,VH-015,50.80291,2.8345,50
2026-08-03T23:30:00,VH-015,50.43458,2.96562,90
