source,reference_commande,date_commande,reference_produit,designation_produit,quantite,entrepot_destination,poids_unitaire_g,chaine_froid_requise
NordDrive,ND-000549,2026-07-19,SKU-10005,Bougie d'allumage,17.0,OMG-LIL,5900,
NordDrive,ND-000220,2026-05-16,SKU-10001,Plaquette de frein,20.0,OMG-LIL,5130,
NordDrive,ND-000860,2025-01-12,SKU-10006,Amortisseur avant,37.0,OMG-LYO,5430,
NordDrive,ND-000429,2025-06-05,SKU-10009,Retroviseur,21.0,OMG-LIL,3400,
NordDrive,ND-000561,2026-05-15,SKU-10002,Disque de frein,36.0,OMG-LYO,250,
NordDrive,ND-000825,2025-12-10,SKU-10007,Courroie de distribution,30.0,OMG-MAR,7140,
NordDrive,ND-000470,2025-07-09,SKU-10003,Filtre a huile,7.0,OMG-LIL,2240,
NordDrive,ND-001000,2026-02-04,SKU-10004,Filtre a air,6.0,OMG-LYO,1820,
NordDrive,ND-001297,2025-03-07,SKU-10008,Batterie 12V,6.0,OMG-MAR,740,
NordDrive,ND-001138,2025-11-12,SKU-10004,Filtre a air,24.0,OMG-LIL,1820,
NordDrive,ND-000329,2026-06-04,SKU-10001,Plaquette de frein,21.0,OMG-LYO,5130,
NordDrive,ND-001338,2026-06-15,SKU-10003,Filtre a huile,22.0,OMG-MAR,2240,
NordDrive,ND-000855,2026-07-18,SKU-10008,Batterie 12V,30.0,OMG-LIL,740,
NordDrive,ND-000034,2026-06-07,SKU-10003,Filtre a huile,2.0,OMG-LYO,2240,
NordDrive,ND-001081,2025-04-22,SKU-10007,Courroie de distribution,38.0,OMG-LIL,7140,
NordDrive,ND-001304,2026-02-16,SKU-10009,Retroviseur,7.0,OMG-LIL,3400,
NordDrive,ND-001259,2026-06-19,SKU-10002,Disque de frein,27.0,OMG-LYO,250,
NordDrive,ND-000034,2026-06-07,SKU-10001,Plaquette de frein,16.0,OMG-LYO,5130,
NordDrive,ND-000164,2026-04-10,SKU-10004,Filtre a air,3.0,OMG-LIL,1820,
NordDrive,ND-000169,2025-06-07,SKU-10008,Batterie 12V,24.0,OMG-LIL,740,
NordDrive,ND-000700,2025-09-10,SKU-10001,Plaquette de frein,26.0,OMG-LYO,5130,
NordDrive,ND-000652,2025-04-17,SKU-10008,Batterie 12V,30.0,OMG-MAR,740,
NordDrive,ND-000016,2025-05-10,SKU-10004,Filtre a air,26.0,OMG-LYO,1820,
NordDrive,ND-000648,2026-04-15,SKU-10005,Bougie d'allumage,30.0,OMG-LIL,5900,
NordDrive,ND-000682,2025-09-14,SKU-10008,Batterie 12V,26.0,OMG-LIL,740,
NordDrive,ND-000301,2025-01-04,SKU-10009,Retroviseur,28.0,OMG-LIL,3400,
NordDrive,ND-000896,2026-01-27,SKU-10003,Filtre a huile,7.0,OMG-LYO,2240,
NordDrive,ND-000728,2026-01-02,SKU-10006,Amortisseur avant,20.0,OMG-LIL,5430,
NordDrive,ND-001078,2025-10-18,SKU-10002,Disque de frein,1.0,OMG-LYO,250,
NordDrive,ND-000830,2025-06-08,SKU-10009,Retroviseur,29.0,OMG-LYO,3400,
NordDrive,ND-000086,2025-07-26,SKU-10009,Retroviseur,8.0,OMG-LYO,3400,
NordDrive,ND-000699,2026-04-01,SKU-10005,Bougie d'allumage,37.0,OMG-LYO,5900,
NordDrive,ND-000635,2025-06-20,SKU-10004,Filtre a air,26.0,OMG-LYO,1820,
NordDrive,ND-001013,2025-07-18,SKU-10005,Bougie d'allumage,15.0,OMG-LIL,5900,
NordDrive,ND-001043,2025-06-03,SKU-10007,Courroie de distribution,6.0,OMG-LIL,7140,
NordDrive,ND-001026,2025-03-22,SKU-10010,Pare-chocs avant,37.0,OMG-LIL,290,
NordDrive,ND-000464,2026-03-07,SKU-10002,Disque de frein,29.0,OMG-LYO,250,
NordDrive,ND-000867,2025-10-14,SKU-10010,Pare-chocs avant,2.0,OMG-LYO,290,
NordDrive,ND-000772,2025-07-21,SKU-10002,Disque de frein,28.0,OMG-MAR,250,
NordDrive,ND-000113,2025-09-05,SKU-10003,Filtre a huile,9.0,OMG-LYO,2240,
NordDrive,ND-000739,2026-05-05,SKU-10006,Amortisseur avant,10.0,OMG-MAR,5430,
NordDrive,ND-000509,2025-04-21,SKU-10003,Filtre a huile,6.0,OMG-MAR,2240,
NordDrive,ND-000327,2025-07-22,SKU-10004,Filtre a air,38.0,OMG-MAR,1820,
NordDrive,ND-000971,2026-02-26,SKU-10010,Pare-chocs avant,1.0,OMG-LYO,290,
NordDrive,ND-001079,2026-07-01,SKU-10003,Filtre a huile,6.0,OMG-LYO,2240,
NordDrive,ND-000457,2026-06-25,SKU-10008,Batterie 12V,5.0,OMG-LYO,740,
NordDrive,ND-000560,2025-12-24,SKU-10008,Batterie 12V,18.0,OMG-LYO,740,
NordDrive,ND-000644,2026-03-19,SKU-10002,Disque de frein,36.0,OMG-LIL,250,
NordDrive,ND-001211,2025-01-04,SKU-10006,Amortisseur avant,26.0,OMG-MAR,5430,
NordDrive,ND-001224,2025-03-26,SKU-10010,Pare-chocs avant,13.0,OMG-LYO,290,
NordDrive,ND-001238,2026-03-05,SKU-10003,Filtre a huile,12.0,OMG-MAR,2240,
NordDrive,ND-001280,2026-06-04,SKU-10005,Bougie d'allumage,6.0,OMG-LYO,5900,
NordDrive,ND-000781,2025-04-30,SKU-10004,Filtre a air,36.0,OMG-LYO,1820,
NordDrive,ND-001205,2025-10-04,SKU-10001,Plaquette de frein,21.0,OMG-MAR,5130,
NordDrive,ND-000267,2025-05-04,SKU-10009,Retroviseur,37.0,OMG-MAR,3400,
NordDrive,ND-001392,2025-04-10,SKU-10007,Courroie de distribution,17.0,OMG-LIL,7140,
NordDrive,ND-000380,2026-06-15,SKU-10005,Bougie d'allumage,21.0,OMG-MAR,5900,
NordDrive,ND-001066,2025-11-09,SKU-10003,Filtre a huile,27.0,OMG-MAR,2240,
NordDrive,ND-000370,2026-01-19,SKU-10001,Plaquette de frein,22.0,OMG-LYO,5130,
NordDrive,ND-000982,2025-07-10,SKU-10002,Disque de frein,21.0,OMG-LIL,250,
NordDrive,ND-000255,2026-05-23,SKU-10004,Filtre a air,13.0,OMG-LIL,1820,
NordDrive,ND-000609,2025-09-07,SKU-10008,Batterie 12V,1.0,OMG-MAR,740,
NordDrive,ND-000498,2025-10-08,SKU-10006,Amortisseur avant,25.0,OMG-MAR,5430,
NordDrive,ND-000420,2025-06-30,SKU-10001,Plaquette de frein,8.0,OMG-MAR,5130,
NordDrive,ND-001146,2026-01-12,SKU-10006,Amortisseur avant,10.0,OMG-LIL,5430,
NordDrive,ND-000763,2026-04-17,SKU-10010,Pare-chocs avant,32.0,OMG-MAR,290,
NordDrive,ND-000909,2026-03-14,SKU-10005,Bougie d'allumage,40.0,OMG-LIL,5900,
NordDrive,ND-000411,2026-04-04,SKU-10005,Bougie d'allumage,21.0,OMG-LIL,5900,
NordDrive,ND-000982,2025-07-10,SKU-10009,Retroviseur,19.0,OMG-LIL,3400,
NordDrive,ND-000297,2026-04-26,SKU-10004,Filtre a air,30.0,OMG-MAR,1820,
NordDrive,ND-000065,2025-04-30,SKU-10008,Batterie 12V,16.0,OMG-MAR,740,
NordDrive,ND-000323,2026-03-27,SKU-10005,Bougie d'allumage,40.0,OMG-MAR,5900,
NordDrive,ND-000235,2025-03-16,SKU-10007,Courroie de distribution,9.0,OMG-MAR,7140,
NordDrive,ND-000424,2025-08-06,SKU-10010,Pare-chocs avant,25.0,OMG-LYO,290,
NordDrive,ND-000478,2025-12-20,SKU-10005,Bougie d'allumage,13.0,OMG-MAR,5900,
NordDrive,ND-000439,2026-05-29,SKU-10010,Pare-chocs avant,37.0,OMG-LYO,290,
NordDrive,ND-000043,2025-01-20,SKU-10007,Courroie de distribution,26.0,OMG-MAR,7140,
NordDrive,ND-001017,2026-03-27,SKU-10010,Pare-chocs avant,34.0,OMG-LIL,290,
NordDrive,ND-000108,2026-06-30,SKU-10001,Plaquette de frein,24.0,OMG-MAR,5130,
NordDrive,ND-000380,2026-06-15,SKU-10007,Courroie de distribution,21.0,OMG-MAR,7140,
NordDrive,ND-000042,2026-01-03,SKU-10003,Filtre a huile,20.0,OMG-LYO,2240,
NordDrive,ND-000892,2025-03-27,SKU-10010,Pare-chocs avant,22.0,OMG-MAR,290,
NordDrive,ND-000380,2026-06-15,SKU-10002,Disque de frein,7.0,OMG-MAR,250,
NordDrive,ND-001038,2025-07-20,SKU-10001,Plaquette de frein,36.0,OMG-MAR,5130,
NordDrive,ND-000793,2026-02-02,SKU-10002,Disque de frein,12.0,OMG-LYO,250,
NordDrive,ND-000554,2025-04-01,SKU-10008,Batterie 12V,18.0,OMG-LIL,740,
NordDrive,ND-001132,2025-07-24,SKU-10003,Filtre a huile,8.0,OMG-LYO,2240,
NordDrive,ND-000895,2026-05-06,SKU-10002,Disque de frein,25.0,OMG-LYO,250,
NordDrive,ND-001297,2025-03-07,SKU-10008,Batterie 12V,3.0,OMG-MAR,740,
NordDrive,ND-001080,2025-03-03,SKU-10004,Filtre a air,31.0,OMG-MAR,1820,
NordDrive,ND-001158,2025-06-20,SKU-10007,Courroie de distribution,,OMG-LYO,7140,
NordDrive,ND-001205,2025-10-04,SKU-10006,Amortisseur avant,27.0,OMG-MAR,5430,
NordDrive,ND-000554,2025-04-01,SKU-10006,Amortisseur avant,28.0,OMG-LIL,5430,
NordDrive,ND-001097,2025-09-11,SKU-10003,Filtre a huile,21.0,OMG-LYO,2240,
NordDrive,ND-001307,2026-04-11,SKU-10004,Filtre a air,34.0,OMG-LIL,1820,
NordDrive,ND-000781,2025-04-30,SKU-10010,Pare-chocs avant,,OMG-LYO,290,
NordDrive,ND-001120,2025-06-26,SKU-10006,Amortisseur avant,24.0,OMG-MAR,5430,
NordDrive,ND-000476,2025-07-02,SKU-10004,Filtre a air,7.0,OMG-LYO,1820,
NordDrive,ND-000300,2025-05-29,SKU-10007,Courroie de distribution,3.0,OMG-LIL,7140,
NordDrive,ND-001385,2025-05-24,SKU-10005,Bougie d'allumage,4.0,OMG-MAR,5900,
NordDrive,ND-000700,2025-09-10,SKU-10009,Retroviseur,32.0,OMG-LYO,3400,
NordDrive,ND-000919,2025-02-04,SKU-10003,Filtre a huile,1.0,OMG-LIL,2240,
NordDrive,ND-000863,2026-05-25,SKU-10001,Plaquette de frein,12.0,OMG-MAR,5130,
NordDrive,ND-000971,2026-02-26,SKU-10004,Filtre a air,38.0,OMG-LYO,1820,
NordDrive,ND-000099,2026-02-18,SKU-10009,Retroviseur,23.0,OMG-LIL,3400,
NordDrive,ND-001122,2025-08-27,SKU-10004,Filtre a air,2.0,OMG-MAR,1820,
NordDrive,ND-000256,2026-03-21,SKU-10003,Filtre a huile,4.0,OMG-LIL,2240,
NordDrive,ND-000648,2026-04-15,SKU-10008,Batterie 12V,30.0,OMG-LIL,740,
NordDrive,ND-001230,2025-09-14,SKU-10010,Pare-chocs avant,18.0,OMG-LIL,290,
NordDrive,ND-000510,2026-01-12,SKU-10004,Filtre a air,7.0,OMG-LYO,1820,
NordDrive,ND-001293,2025-09-29,SKU-10002,Disque de frein,26.0,OMG-MAR,250,
NordDrive,ND-000233,2025-01-19,SKU-10005,Bougie d'allumage,7.0,OMG-LIL,5900,
NordDrive,ND-001298,2026-05-26,SKU-10010,Pare-chocs avant,35.0,OMG-MAR,290,
NordDrive,ND-000938,2025-11-26,SKU-10001,Plaquette de frein,22.0,OMG-LYO,5130,
NordDrive,ND-000864,2026-07-10,SKU-10010,Pare-chocs avant,16.0,OMG-LYO,290,
NordDrive,ND-001389,2025-05-15,SKU-10003,Filtre a huile,27.0,OMG-LYO,2240,
NordDrive,ND-000210,2025-09-30,SKU-10002,Disque de frein,9.0,OMG-MAR,250,
NordDrive,ND-000109,2025-03-20,SKU-10006,Amortisseur avant,40.0,OMG-LIL,5430,
NordDrive,ND-000290,2026-05-18,SKU-10006,Amortisseur avant,22.0,OMG-MAR,5430,
NordDrive,ND-001298,2026-05-26,SKU-10010,Pare-chocs avant,5.0,OMG-MAR,290,
NordDrive,ND-000769,2026-07-30,SKU-10008,Batterie 12V,3.0,OMG-MAR,740,
NordDrive,ND-000538,2025-05-17,SKU-10008,Batterie 12V,27.0,OMG-LYO,740,
NordDrive,ND-000549,2026-07-19,SKU-10004,Filtre a air,40.0,OMG-LIL,1820,
NordDrive,ND-000255,2026-05-23,SKU-10003,Filtre a huile,4.0,OMG-LIL,2240,
NordDrive,ND-000758,2025-07-29,SKU-10001,Plaquette de frein,4.0,OMG-LYO,5130,
NordDrive,ND-001037,2025-10-03,SKU-10005,Bougie d'allumage,26.0,OMG-LIL,5900,
NordDrive,ND-000808,2025-05-26,SKU-10002,Disque de frein,8.0,OMG-LIL,250,
NordDrive,ND-000392,2026-03-20,SKU-10002,Disque de frein,26.0,OMG-LIL,250,
NordDrive,ND-000108,2026-06-30,SKU-10009,Retroviseur,24.0,OMG-MAR,3400,
NordDrive,ND-000471,2025-05-20,SKU-10005,Bougie d'allumage,34.0,OMG-LYO,5900,
NordDrive,ND-000199,2026-03-11,SKU-10004,Filtre a air,26.0,OMG-LIL,1820,
NordDrive,ND-000775,2025-04-08,SKU-10004,Filtre a air,,OMG-LIL,1820,
NordDrive,ND-001280,2026-06-04,SKU-10006,Amortisseur avant,2.0,OMG-LYO,5430,
NordDrive,ND-001274,2025-12-10,SKU-10004,Filtre a air,34.0,OMG-MAR,1820,
NordDrive,ND-001225,2025-02-05,SKU-10008,Batterie 12V,15.0,OMG-LIL,740,
NordDrive,ND-001195,2025-07-25,SKU-10004,Filtre a air,38.0,OMG-LIL,1820,
NordDrive,ND-001052,2026-01-22,SKU-10008,Batterie 12V,7.0,OMG-MAR,740,
NordDrive,ND-001040,2025-01-24,SKU-10002,Disque de frein,20.0,OMG-LIL,250,
NordDrive,ND-001349,2026-01-30,SKU-10002,Disque de frein,16.0,OMG-LYO,250,
NordDrive,ND-000691,2025-06-20,SKU-10001,Plaquette de frein,39.0,OMG-LIL,5130,
NordDrive,ND-001336,2026-04-25,SKU-10004,Filtre a air,13.0,OMG-LYO,1820,
NordDrive,ND-001140,2025-03-07,SKU-10001,Plaquette de frein,24.0,OMG-MAR,5130,
NordDrive,ND-001296,2025-09-15,SKU-10004,Filtre a air,35.0,OMG-LYO,1820,
NordDrive,ND-000853,2025-07-14,SKU-10008,Batterie 12V,23.0,OMG-LYO,740,
NordDrive,ND-000824,2025-06-04,SKU-10009,Retroviseur,13.0,OMG-MAR,3400,
NordDrive,ND-000785,2025-07-10,SKU-10005,Bougie d'allumage,4.0,OMG-MAR,5900,
NordDrive,ND-001211,2025-01-04,SKU-10009,Retroviseur,7.0,OMG-MAR,3400,
NordDrive,ND-000381,2025-05-29,SKU-10010,Pare-chocs avant,17.0,OMG-LIL,290,
NordDrive,ND-000774,2026-04-09,SKU-10008,Batterie 12V,10.0,OMG-MAR,740,
NordDrive,ND-000220,2026-05-16,SKU-10010,Pare-chocs avant,39.0,OMG-LIL,290,
NordDrive,ND-000529,2025-07-25,SKU-10010,Pare-chocs avant,22.0,OMG-LIL,290,
NordDrive,ND-000176,2025-11-17,SKU-10001,Plaquette de frein,14.0,OMG-LYO,5130,
NordDrive,ND-001314,2025-01-31,SKU-10006,Amortisseur avant,15.0,OMG-LYO,5430,
NordDrive,ND-000750,2026-07-10,SKU-10001,Plaquette de frein,14.0,OMG-MAR,5130,
NordDrive,ND-000278,2025-04-17,SKU-10006,Amortisseur avant,12.0,OMG-LYO,5430,
NordDrive,ND-001051,2026-02-22,SKU-10007,Courroie de distribution,19.0,OMG-LYO,7140,
NordDrive,ND-000054,2025-06-13,SKU-10003,Filtre a huile,16.0,OMG-MAR,2240,
NordDrive,ND-000476,2025-07-02,SKU-10006,Amortisseur avant,15.0,OMG-LYO,5430,
NordDrive,ND-000099,2026-02-18,SKU-10001,Plaquette de frein,30.0,OMG-LIL,5130,
NordDrive,ND-000842,2025-10-07,SKU-10009,Retroviseur,5.0,OMG-LYO,3400,
NordDrive,ND-000405,2026-04-21,SKU-10004,Filtre a air,15.0,OMG-LYO,1820,
NordDrive,ND-000518,2026-07-18,SKU-10010,Pare-chocs avant,18.0,OMG-LIL,290,
NordDrive,ND-000660,2026-06-19,SKU-10002,Disque de frein,22.0,OMG-MAR,250,
NordDrive,ND-000774,2026-04-09,SKU-10001,Plaquette de frein,10.0,OMG-MAR,5130,
NordDrive,ND-000048,2026-06-22,SKU-10006,Amortisseur avant,31.0,OMG-LIL,5430,
NordDrive,ND-000229,2026-07-09,SKU-10004,Filtre a air,27.0,OMG-MAR,1820,
NordDrive,ND-000848,2026-01-21,SKU-10005,Bougie d'allumage,15.0,OMG-LYO,5900,
NordDrive,ND-001359,2025-02-09,SKU-10002,Disque de frein,35.0,OMG-LIL,250,
NordDrive,ND-001019,2026-05-05,SKU-10005,Bougie d'allumage,27.0,OMG-LYO,5900,
NordDrive,ND-001163,2025-04-15,SKU-10006,Amortisseur avant,37.0,OMG-LIL,5430,
NordDrive,ND-000287,2025-06-05,SKU-10009,Retroviseur,32.0,OMG-MAR,3400,
NordDrive,ND-001148,2025-02-12,SKU-10005,Bougie d'allumage,7.0,OMG-LIL,5900,
NordDrive,ND-000895,2026-05-06,SKU-10001,Plaquette de frein,18.0,OMG-LYO,5130,
NordDrive,ND-001380,2025-03-30,SKU-10007,Courroie de distribution,4.0,OMG-LIL,7140,
NordDrive,ND-001022,2025-10-01,SKU-10006,Amortisseur avant,20.0,OMG-LIL,5430,
NordDrive,ND-000405,2026-04-21,SKU-10004,Filtre a air,39.0,OMG-LYO,1820,
NordDrive,ND-000864,2026-07-10,SKU-10009,Retroviseur,3.0,OMG-LYO,3400,
NordDrive,ND-000725,2026-06-29,SKU-10004,Filtre a air,31.0,OMG-LIL,1820,
NordDrive,ND-000659,2025-08-23,SKU-10010,Pare-chocs avant,21.0,OMG-LIL,290,
NordDrive,ND-000274,2026-01-22,SKU-10010,Pare-chocs avant,37.0,OMG-MAR,290,
NordDrive,ND-000892,2025-03-27,SKU-10003,Filtre a huile,39.0,OMG-MAR,2240,
NordDrive,ND-000414,2026-01-19,SKU-10002,Disque de frein,39.0,OMG-MAR,250,
NordDrive,ND-001250,2026-07-12,SKU-10002,Disque de frein,26.0,OMG-LIL,250,
NordDrive,ND-000189,2025-05-10,SKU-10002,Disque de frein,24.0,OMG-LYO,250,
NordDrive,ND-001296,2025-09-15,SKU-10005,Bougie d'allumage,9.0,OMG-LYO,5900,
NordDrive,ND-000590,2025-10-21,SKU-10009,Retroviseur,38.0,OMG-MAR,3400,
NordDrive,ND-000268,2025-10-14,SKU-10001,Plaquette de frein,16.0,OMG-LIL,5130,
NordDrive,ND-000427,2025-09-22,SKU-10008,Batterie 12V,25.0,OMG-LYO,740,
NordDrive,ND-000009,2025-07-07,SKU-10002,Disque de frein,32.0,OMG-LYO,250,
NordDrive,ND-000112,2025-07-31,SKU-10008,Batterie 12V,23.0,OMG-LYO,740,
NordDrive,ND-000508,2026-01-08,SKU-10010,Pare-chocs avant,34.0,OMG-LYO,290,
NordDrive,ND-000720,2026-02-04,SKU-10002,Disque de frein,32.0,OMG-MAR,250,
NordDrive,ND-000454,2026-05-24,SKU-10006,Amortisseur avant,12.0,OMG-LIL,5430,
NordDrive,ND-001054,2025-09-04,SKU-10003,Filtre a huile,22.0,OMG-MAR,2240,
NordDrive,ND-000078,2026-05-18,SKU-10006,Amortisseur avant,9.0,OMG-MAR,5430,
NordDrive,ND-000947,2026-07-05,SKU-10010,Pare-chocs avant,19.0,OMG-LYO,290,
NordDrive,ND-000829,2026-05-12,SKU-10004,Filtre a air,8.0,OMG-MAR,1820,
NordDrive,ND-001001,2026-05-28,SKU-10009,Retroviseur,37.0,OMG-MAR,3400,
NordDrive,ND-000471,2025-05-20,SKU-10005,Bougie d'allumage,27.0,OMG-LYO,5900,
NordDrive,ND-000816,2025-08-25,SKU-10006,Amortisseur avant,35.0,OMG-LYO,5430,
NordDrive,ND-000754,2025-11-26,SKU-10007,Courroie de distribution,11.0,OMG-LIL,7140,
NordDrive,ND-000373,2026-07-20,SKU-10005,Bougie d'allumage,13.0,OMG-MAR,5900,
NordDrive,ND-000518,2026-07-18,SKU-10007,Courroie de distribution,32.0,OMG-LIL,7140,
NordDrive,ND-000736,2026-03-03,SKU-10007,Courroie de distribution,40.0,OMG-MAR,7140,
NordDrive,ND-000629,2025-12-09,SKU-10001,Plaquette de frein,13.0,OMG-LIL,5130,
NordDrive,ND-001392,2025-04-10,SKU-10006,Amortisseur avant,17.0,OMG-LIL,5430,
NordDrive,ND-000689,2025-03-11,SKU-10007,Courroie de distribution,37.0,OMG-LYO,7140,
NordDrive,ND-001001,2026-05-28,SKU-10010,Pare-chocs avant,34.0,OMG-MAR,290,
NordDrive,ND-000483,2025-08-18,SKU-10001,Plaquette de frein,31.0,OMG-LIL,5130,
NordDrive,ND-000635,2025-06-20,SKU-10007,Courroie de distribution,25.0,OMG-LYO,7140,
NordDrive,ND-000247,2026-06-29,SKU-10008,Batterie 12V,35.0,OMG-MAR,740,
NordDrive,ND-000689,2025-03-11,SKU-10001,Plaquette de frein,20.0,OMG-LYO,5130,
NordDrive,ND-000706,2026-05-05,SKU-10009,Retroviseur,39.0,OMG-LYO,3400,
NordDrive,ND-000733,2026-01-31,SKU-10007,Courroie de distribution,39.0,OMG-LIL,7140,
NordDrive,ND-000172,2026-04-15,SKU-10006,Amortisseur avant,19.0,OMG-MAR,5430,
NordDrive,ND-000351,2025-07-13,SKU-10008,Batterie 12V,40.0,OMG-LYO,740,
NordDrive,ND-000268,2025-10-14,SKU-10003,Filtre a huile,31.0,OMG-LIL,2240,
NordDrive,ND-001262,2025-05-03,SKU-10004,Filtre a air,29.0,OMG-MAR,1820,
NordDrive,ND-001028,2025-07-09,SKU-10008,Batterie 12V,29.0,OMG-LIL,740,
NordDrive,ND-001081,2025-04-22,SKU-10004,Filtre a air,11.0,OMG-LIL,1820,
NordDrive,ND-000893,2026-02-20,SKU-10009,Retroviseur,26.0,OMG-LIL,3400,
NordDrive,ND-000358,2025-04-05,SKU-10009,Retroviseur,32.0,OMG-LIL,3400,
NordDrive,ND-000181,2025-12-04,SKU-10010,Pare-chocs avant,7.0,OMG-LIL,290,
NordDrive,ND-000012,2025-01-25,SKU-10009,Retroviseur,16.0,OMG-LYO,3400,
NordDrive,ND-000552,2025-09-16,SKU-10010,Pare-chocs avant,3.0,OMG-LYO,290,
NordDrive,ND-001381,2025-09-02,SKU-10010,Pare-chocs avant,17.0,OMG-LIL,290,
NordDrive,ND-000134,2025-04-06,SKU-10001,Plaquette de frein,19.0,OMG-LIL,5130,
NordDrive,ND-001038,2025-07-20,SKU-10001,Plaquette de frein,1.0,OMG-MAR,5130,
NordDrive,ND-001118,2025-10-06,SKU-10010,Pare-chocs avant,22.0,OMG-LIL,290,
NordDrive,ND-000535,2025-09-01,SKU-10007,Courroie de distribution,24.0,OMG-LYO,7140,
NordDrive,ND-000813,2025-06-08,SKU-10010,Pare-chocs avant,19.0,OMG-LYO,290,
NordDrive,ND-001080,2025-03-03,SKU-10010,Pare-chocs avant,12.0,OMG-MAR,290,
NordDrive,ND-000976,2026-05-30,SKU-10007,Courroie de distribution,18.0,OMG-MAR,7140,
NordDrive,ND-000570,2025-05-27,SKU-10008,Batterie 12V,10.0,OMG-MAR,740,
NordDrive,ND-000048,2026-06-22,SKU-10006,Amortisseur avant,30.0,OMG-LIL,5430,
NordDrive,ND-000818,2025-03-11,SKU-10009,Retroviseur,29.0,OMG-MAR,3400,
NordDrive,ND-001165,2025-08-12,SKU-10009,Retroviseur,30.0,OMG-LYO,3400,
NordDrive,ND-001105,2025-07-19,SKU-10002,Disque de frein,19.0,OMG-MAR,250,
NordDrive,ND-000189,2025-05-10,SKU-10005,Bougie d'allumage,31.0,OMG-LYO,5900,
NordDrive,ND-001204,2026-01-19,SKU-10008,Batterie 12V,13.0,OMG-MAR,740,
NordDrive,ND-001382,2025-01-20,SKU-10005,Bougie d'allumage,9.0,OMG-LYO,5900,
NordDrive,ND-000784,2025-01-20,SKU-10007,Courroie de distribution,2.0,OMG-LYO,7140,
NordDrive,ND-000578,2025-09-20,SKU-10009,Retroviseur,15.0,OMG-LYO,3400,
NordDrive,ND-001068,2025-10-05,SKU-10002,Disque de frein,24.0,OMG-LIL,250,
NordDrive,ND-000268,2025-10-14,SKU-10010,Pare-chocs avant,29.0,OMG-LIL,290,
NordDrive,ND-000998,2025-10-20,SKU-10002,Disque de frein,27.0,OMG-MAR,250,
NordDrive,ND-000842,2025-10-07,SKU-10009,Retroviseur,32.0,OMG-LYO,3400,
NordDrive,ND-000427,2025-09-22,SKU-10004,Filtre a air,3.0,OMG-LYO,1820,
NordDrive,ND-000422,2026-06-17,SKU-10006,Amortisseur avant,31.0,OMG-LYO,5430,
NordDrive,ND-001359,2025-02-09,SKU-10001,Plaquette de frein,17.0,OMG-LIL,5130,
NordDrive,ND-000820,2026-06-13,SKU-10003,Filtre a huile,20.0,OMG-LIL,2240,
NordDrive,ND-000816,2025-08-25,SKU-10005,Bougie d'allumage,32.0,OMG-LYO,5900,
NordDrive,ND-000647,2025-08-29,SKU-10003,Filtre a huile,39.0,OMG-LYO,2240,
NordDrive,ND-001038,2025-07-20,SKU-10001,Plaquette de frein,34.0,OMG-MAR,5130,
NordDrive,ND-000051,2026-01-07,SKU-10007,Courroie de distribution,32.0,OMG-LIL,7140,
NordDrive,ND-000247,2026-06-29,SKU-10005,Bougie d'allumage,12.0,OMG-MAR,5900,
NordDrive,ND-001067,2025-04-12,SKU-10002,Disque de frein,6.0,OMG-MAR,250,
NordDrive,ND-000751,2025-12-24,SKU-10002,Disque de frein,10.0,OMG-LIL,250,
NordDrive,ND-000033,2025-08-11,SKU-10009,Retroviseur,31.0,OMG-LIL,3400,
NordDrive,ND-000974,2026-01-31,SKU-10007,Courroie de distribution,20.0,OMG-LIL,7140,
NordDrive,ND-001262,2025-05-03,SKU-10005,Bougie d'allumage,22.0,OMG-MAR,5900,
NordDrive,ND-000033,2025-08-11,SKU-10003,Filtre a huile,6.0,OMG-LIL,2240,
NordDrive,ND-000002,2025-10-23,SKU-10005,Bougie d'allumage,5.0,OMG-LYO,5900,
NordDrive,ND-001040,2025-01-24,SKU-10006,Amortisseur avant,12.0,OMG-LIL,5430,
NordDrive,ND-001238,2026-03-05,SKU-10009,Retroviseur,6.0,OMG-MAR,3400,
NordDrive,ND-000826,2025-03-10,SKU-10010,Pare-chocs avant,,OMG-LIL,290,
NordDrive,ND-000006,2025-10-24,SKU-10009,Retroviseur,17.0,OMG-LIL,3400,
NordDrive,ND-000366,2025-04-16,SKU-10008,Batterie 12V,31.0,OMG-MAR,740,
NordDrive,ND-000282,2026-06-23,SKU-10007,Courroie de distribution,33.0,OMG-LYO,7140,
NordDrive,ND-000395,2025-02-04,SKU-10003,Filtre a huile,6.0,OMG-LIL,2240,
NordDrive,ND-000804,2026-01-07,SKU-10005,Bougie d'allumage,19.0,OMG-MAR,5900,
NordDrive,ND-001015,2026-07-08,SKU-10004,Filtre a air,38.0,OMG-LYO,1820,
NordDrive,ND-000275,2026-07-19,SKU-10002,Disque de frein,31.0,OMG-LIL,250,
NordDrive,ND-000669,2025-01-04,SKU-10006,Amortisseur avant,32.0,OMG-LYO,5430,
NordDrive,ND-000205,2026-03-16,SKU-10005,Bougie d'allumage,15.0,OMG-LYO,5900,
NordDrive,ND-001080,2025-03-03,SKU-10008,Batterie 12V,19.0,OMG-MAR,740,
NordDrive,ND-000216,2026-05-01,SKU-10002,Disque de frein,1.0,OMG-LIL,250,
NordDrive,ND-000635,2025-06-20,SKU-10004,Filtre a air,20.0,OMG-LYO,1820,
NordDrive,ND-001031,2026-01-30,SKU-10005,Bougie d'allumage,37.0,OMG-LYO,5900,
NordDrive,ND-000867,2025-10-14,SKU-10002,Disque de frein,39.0,OMG-LYO,250,
NordDrive,ND-000545,2026-04-06,SKU-10003,Filtre a huile,26.0,OMG-MAR,2240,
NordDrive,ND-000775,2025-04-08,SKU-10007,Courroie de distribution,14.0,OMG-LIL,7140,
NordDrive,ND-000999,2026-05-10,SKU-10008,Batterie 12V,17.0,OMG-MAR,740,
NordDrive,ND-000829,2026-05-12,SKU-10005,Bougie d'allumage,1.0,OMG-MAR,5900,
NordDrive,ND-001014,2026-01-20,SKU-10005,Bougie d'allumage,17.0,OMG-MAR,5900,
NordDrive,ND-000181,2025-12-04,SKU-10009,Retroviseur,,OMG-LIL,3400,
NordDrive,ND-001338,2026-06-15,SKU-10006,Amortisseur avant,9.0,OMG-MAR,5430,
NordDrive,ND-001040,2025-01-24,SKU-10005,Bougie d'allumage,7.0,OMG-LIL,5900,
NordDrive,ND-000580,2025-08-15,SKU-10006,Amortisseur avant,9.0,OMG-MAR,5430,
NordDrive,ND-000529,2025-07-25,SKU-10007,Courroie de distribution,15.0,OMG-LIL,7140,
NordDrive,ND-000006,2025-10-24,SKU-10002,Disque de frein,35.0,OMG-LIL,250,
NordDrive,ND-000038,2025-06-16,SKU-10006,Amortisseur avant,35.0,OMG-MAR,5430,
NordDrive,ND-000793,2026-02-02,SKU-10009,Retroviseur,23.0,OMG-LYO,3400,
NordDrive,ND-000541,2025-07-18,SKU-10003,Filtre a huile,29.0,OMG-LIL,2240,
NordDrive,ND-000334,2025-11-11,SKU-10003,Filtre a huile,15.0,OMG-MAR,2240,
NordDrive,ND-001389,2025-05-15,SKU-10008,Batterie 12V,1.0,OMG-LYO,740,
NordDrive,ND-000644,2026-03-19,SKU-10003,Filtre a huile,3.0,OMG-LIL,2240,
NordDrive,ND-000457,2026-06-25,SKU-10008,Batterie 12V,18.0,OMG-LYO,740,
NordDrive,ND-000085,2025-04-23,SKU-10010,Pare-chocs avant,21.0,OMG-LIL,290,
NordDrive,ND-000784,2025-01-20,SKU-10003,Filtre a huile,30.0,OMG-LYO,2240,
NordDrive,ND-000422,2026-06-17,SKU-10004,Filtre a air,22.0,OMG-LYO,1820,
NordDrive,ND-001026,2025-03-22,SKU-10002,Disque de frein,21.0,OMG-LIL,250,
NordDrive,ND-000065,2025-04-30,SKU-10009,Retroviseur,18.0,OMG-MAR,3400,
NordDrive,ND-000793,2026-02-02,SKU-10007,Courroie de distribution,2.0,OMG-LYO,7140,
NordDrive,ND-000578,2025-09-20,SKU-10001,Plaquette de frein,36.0,OMG-LYO,5130,
NordDrive,ND-001372,2026-07-14,SKU-10006,Amortisseur avant,12.0,OMG-LIL,5430,
NordDrive,ND-000881,2026-03-20,SKU-10008,Batterie 12V,28.0,OMG-LIL,740,
NordDrive,ND-000797,2025-09-11,SKU-10010,Pare-chocs avant,2.0,OMG-MAR,290,
NordDrive,ND-000518,2026-07-18,SKU-10009,Retroviseur,18.0,OMG-LIL,3400,
NordDrive,ND-000992,2025-04-04,SKU-10007,Courroie de distribution,13.0,OMG-LYO,7140,
NordDrive,ND-000630,2025-03-20,SKU-10007,Courroie de distribution,8.0,OMG-LIL,7140,
NordDrive,ND-000764,2025-09-01,SKU-10006,Amortisseur avant,23.0,OMG-LIL,5430,
NordDrive,ND-001238,2026-03-05,SKU-10006,Amortisseur avant,36.0,OMG-MAR,5430,
NordDrive,ND-000999,2026-05-10,SKU-10009,Retroviseur,24.0,OMG-MAR,3400,
NordDrive,ND-001302,2025-10-02,SKU-10009,Retroviseur,37.0,OMG-LYO,3400,
NordDrive,ND-000781,2025-04-30,SKU-10007,Courroie de distribution,13.0,OMG-LYO,7140,
NordDrive,ND-000999,2026-05-10,SKU-10003,Filtre a huile,21.0,OMG-MAR,2240,
NordDrive,ND-001228,2026-05-15,SKU-10004,Filtre a air,6.0,OMG-LIL,1820,
NordDrive,ND-000804,2026-01-07,SKU-10004,Filtre a air,6.0,OMG-MAR,1820,
NordDrive,ND-000052,2025-08-24,SKU-10007,Courroie de distribution,39.0,OMG-MAR,7140,
NordDrive,ND-000438,2025-05-17,SKU-10002,Disque de frein,39.0,OMG-LIL,250,
NordDrive,ND-001389,2025-05-15,SKU-10005,Bougie d'allumage,29.0,OMG-LYO,5900,
NordDrive,ND-000538,2025-05-17,SKU-10005,Bougie d'allumage,38.0,OMG-LYO,5900,
NordDrive,ND-000113,2025-09-05,SKU-10008,Batterie 12V,9.0,OMG-LYO,740,
NordDrive,ND-000808,2025-05-26,SKU-10003,Filtre a huile,20.0,OMG-LIL,2240,
NordDrive,ND-000488,2026-07-06,SKU-10008,Batterie 12V,6.0,OMG-LIL,740,
NordDrive,ND-001262,2025-05-03,SKU-10003,Filtre a huile,5.0,OMG-MAR,2240,
NordDrive,ND-000392,2026-03-20,SKU-10009,Retroviseur,28.0,OMG-LIL,3400,
NordDrive,ND-000838,2025-03-24,SKU-10003,Filtre a huile,25.0,OMG-MAR,2240,
NordDrive,ND-000173,2025-12-31,SKU-10006,Amortisseur avant,27.0,OMG-MAR,5430,
NordDrive,ND-000518,2026-07-18,SKU-10008,Batterie 12V,39.0,OMG-LIL,740,
NordDrive,ND-000965,2025-02-20,SKU-10004,Filtre a air,15.0,OMG-MAR,1820,
NordDrive,ND-001106,2025-03-29,SKU-10004,Filtre a air,13.0,OMG-LYO,1820,
NordDrive,ND-001013,2025-07-18,SKU-10003,Filtre a huile,32.0,OMG-LIL,2240,
NordDrive,ND-000975,2025-06-30,SKU-10010,Pare-chocs avant,10.0,OMG-LYO,290,
NordDrive,ND-001338,2026-06-15,SKU-10003,Filtre a huile,39.0,OMG-MAR,2240,
NordDrive,ND-001271,2025-10-12,SKU-10001,Plaquette de frein,33.0,OMG-MAR,5130,
NordDrive,ND-000522,2026-05-28,SKU-10005,Bougie d'allumage,25.0,OMG-MAR,5900,
NordDrive,ND-001146,2026-01-12,SKU-10005,Bougie d'allumage,39.0,OMG-LIL,5900,
NordDrive,ND-001314,2025-01-31,SKU-10010,Pare-chocs avant,15.0,OMG-LYO,290,
NordDrive,ND-001234,2025-06-14,SKU-10004,Filtre a air,11.0,OMG-LYO,1820,
NordDrive,ND-000917,2025-08-04,SKU-10010,Pare-chocs avant,2.0,OMG-MAR,290,
NordDrive,ND-001330,2025-01-30,SKU-10009,Retroviseur,32.0,OMG-LYO,3400,
NordDrive,ND-000404,2025-11-18,SKU-10003,Filtre a huile,13.0,OMG-LIL,2240,
NordDrive,ND-000464,2026-03-07,SKU-10006,Amortisseur avant,32.0,OMG-LYO,5430,
NordDrive,ND-000327,2025-07-22,SKU-10005,Bougie d'allumage,9.0,OMG-MAR,5900,
NordDrive,ND-001014,2026-01-20,SKU-10009,Retroviseur,22.0,OMG-MAR,3400,
NordDrive,ND-000975,2025-06-30,SKU-10005,Bougie d'allumage,21.0,OMG-LYO,5900,
NordDrive,ND-000381,2025-05-29,SKU-10004,Filtre a air,39.0,OMG-LIL,1820,
NordDrive,ND-000932,2025-07-10,SKU-10008,Batterie 12V,36.0,OMG-MAR,740,
NordDrive,ND-001099,2025-07-02,SKU-10002,Disque de frein,27.0,OMG-MAR,250,
NordDrive,ND-000339,2026-04-10,SKU-10010,Pare-chocs avant,34.0,OMG-LIL,290,
NordDrive,ND-000327,2025-07-22,SKU-10008,Batterie 12V,10.0,OMG-MAR,740,
NordDrive,ND-000713,2025-05-09,SKU-10005,Bougie d'allumage,36.0,OMG-LYO,5900,
NordDrive,ND-001301,2026-06-07,SKU-10005,Bougie d'allumage,17.0,OMG-LYO,5900,
NordDrive,ND-001116,2026-05-27,SKU-10006,Amortisseur avant,30.0,OMG-LIL,5430,
NordDrive,ND-001225,2025-02-05,SKU-10009,Retroviseur,22.0,OMG-LIL,3400,
NordDrive,ND-000242,2025-12-25,SKU-10004,Filtre a air,12.0,OMG-LYO,1820,
NordDrive,ND-001302,2025-10-02,SKU-10005,Bougie d'allumage,,OMG-LYO,5900,
NordDrive,ND-000329,2026-06-04,SKU-10007,Courroie de distribution,31.0,OMG-LYO,7140,
NordDrive,ND-001271,2025-10-12,SKU-10006,Amortisseur avant,37.0,OMG-MAR,5430,
NordDrive,ND-000513,2025-06-18,SKU-10003,Filtre a huile,35.0,OMG-MAR,2240,
NordDrive,ND-001205,2025-10-04,SKU-10008,Batterie 12V,6.0,OMG-MAR,740,
NordDrive,ND-000339,2026-04-10,SKU-10005,Bougie d'allumage,13.0,OMG-LIL,5900,
NordDrive,ND-000489,2025-03-29,SKU-10003,Filtre a huile,14.0,OMG-LIL,2240,
NordDrive,ND-000251,2026-04-13,SKU-10003,Filtre a huile,22.0,OMG-LYO,2240,
NordDrive,ND-001246,2025-10-15,SKU-10005,Bougie d'allumage,11.0,OMG-LIL,5900,
NordDrive,ND-000761,2025-12-26,SKU-10004,Filtre a air,14.0,OMG-MAR,1820,
NordDrive,ND-000278,2025-04-17,SKU-10007,Courroie de distribution,37.0,OMG-LYO,7140,
NordDrive,ND-001012,2025-04-02,SKU-10002,Disque de frein,35.0,OMG-MAR,250,
NordDrive,ND-000770,2025-12-01,SKU-10001,Plaquette de frein,,OMG-LIL,5130,
NordDrive,ND-000720,2026-02-04,SKU-10001,Plaquette de frein,10.0,OMG-MAR,5130,
NordDrive,ND-000007,2025-12-04,SKU-10005,Bougie d'allumage,33.0,OMG-LIL,5900,
NordDrive,ND-001170,2025-08-17,SKU-10006,Amortisseur avant,13.0,OMG-MAR,5430,
NordDrive,ND-001078,2025-10-18,SKU-10004,Filtre a air,6.0,OMG-LYO,1820,
NordDrive,ND-001013,2025-07-18,SKU-10009,Retroviseur,7.0,OMG-LIL,3400,
NordDrive,ND-000204,2025-09-02,SKU-10003,Filtre a huile,13.0,OMG-LYO,2240,
NordDrive,ND-000976,2026-05-30,SKU-10008,Batterie 12V,20.0,OMG-MAR,740,
NordDrive,ND-001345,2025-02-15,SKU-10008,Batterie 12V,37.0,OMG-LYO,740,
NordDrive,ND-001149,2026-03-17,SKU-10006,Amortisseur avant,40.0,OMG-MAR,5430,
NordDrive,ND-000648,2026-04-15,SKU-10001,Plaquette de frein,6.0,OMG-LIL,5130,
NordDrive,ND-001228,2026-05-15,SKU-10010,Pare-chocs avant,8.0,OMG-LIL,290,
NordDrive,ND-001110,2025-02-08,SKU-10008,Batterie 12V,25.0,OMG-MAR,740,
NordDrive,ND-000808,2025-05-26,SKU-10010,Pare-chocs avant,7.0,OMG-LIL,290,
NordDrive,ND-000187,2025-12-01,SKU-10010,Pare-chocs avant,39.0,OMG-LYO,290,
NordDrive,ND-000343,2025-10-26,SKU-10001,Plaquette de frein,12.0,OMG-MAR,5130,
NordDrive,ND-000522,2026-05-28,SKU-10003,Filtre a huile,32.0,OMG-MAR,2240,
NordDrive,ND-001118,2025-10-06,SKU-10001,Plaquette de frein,22.0,OMG-LIL,5130,
NordDrive,ND-000489,2025-03-29,SKU-10009,Retroviseur,9.0,OMG-LIL,3400,
NordDrive,ND-000099,2026-02-18,SKU-10001,Plaquette de frein,28.0,OMG-LIL,5130,
NordDrive,ND-001161,2025-01-14,SKU-10002,Disque de frein,7.0,OMG-LYO,250,
NordDrive,ND-001234,2025-06-14,SKU-10009,Retroviseur,34.0,OMG-LYO,3400,
NordDrive,ND-000659,2025-08-23,SKU-10010,Pare-chocs avant,11.0,OMG-LIL,290,
NordDrive,ND-000358,2025-04-05,SKU-10004,Filtre a air,37.0,OMG-LIL,1820,
NordDrive,ND-000648,2026-04-15,SKU-10008,Batterie 12V,37.0,OMG-LIL,740,
NordDrive,ND-000848,2026-01-21,SKU-10007,Courroie de distribution,31.0,OMG-LYO,7140,
NordDrive,ND-000728,2026-01-02,SKU-10002,Disque de frein,28.0,OMG-LIL,250,
NordDrive,ND-000922,2025-09-03,SKU-10003,Filtre a huile,19.0,OMG-MAR,2240,
NordDrive,ND-000085,2025-04-23,SKU-10006,Amortisseur avant,16.0,OMG-LIL,5430,
NordDrive,ND-001014,2026-01-20,SKU-10007,Courroie de distribution,4.0,OMG-MAR,7140,
NordDrive,ND-000329,2026-06-04,SKU-10008,Batterie 12V,3.0,OMG-LYO,740,
NordDrive,ND-000933,2025-10-29,SKU-10007,Courroie de distribution,21.0,OMG-LYO,7140,
NordDrive,ND-001058,2025-10-24,SKU-10007,Courroie de distribution,37.0,OMG-LYO,7140,
NordDrive,ND-001221,2026-05-17,SKU-10003,Filtre a huile,8.0,OMG-LYO,2240,
NordDrive,ND-001055,2025-10-23,SKU-10004,Filtre a air,22.0,OMG-LIL,1820,
NordDrive,ND-001013,2025-07-18,SKU-10007,Courroie de distribution,38.0,OMG-LIL,7140,
NordDrive,ND-001028,2025-07-09,SKU-10003,Filtre a huile,34.0,OMG-LIL,2240,
NordDrive,ND-000629,2025-12-09,SKU-10005,Bougie d'allumage,12.0,OMG-LIL,5900,
NordDrive,ND-000230,2025-02-05,SKU-10008,Batterie 12V,19.0,OMG-MAR,740,
NordDrive,ND-000989,2026-04-13,SKU-10003,Filtre a huile,35.0,OMG-MAR,2240,
NordDrive,ND-001017,2026-03-27,SKU-10007,Courroie de distribution,26.0,OMG-LIL,7140,
NordDrive,ND-000402,2025-04-18,SKU-10009,Retroviseur,9.0,OMG-MAR,3400,
NordDrive,ND-000829,2026-05-12,SKU-10008,Batterie 12V,40.0,OMG-MAR,740,
NordDrive,ND-000522,2026-05-28,SKU-10007,Courroie de distribution,9.0,OMG-MAR,7140,
NordDrive,ND-000405,2026-04-21,SKU-10001,Plaquette de frein,23.0,OMG-LYO,5130,
NordDrive,ND-000708,2025-08-01,SKU-10004,Filtre a air,25.0,OMG-LYO,1820,
NordDrive,ND-000825,2025-12-10,SKU-10006,Amortisseur avant,30.0,OMG-MAR,5430,
NordDrive,ND-000108,2026-06-30,SKU-10005,Bougie d'allumage,12.0,OMG-MAR,5900,
NordDrive,ND-000287,2025-06-05,SKU-10007,Courroie de distribution,19.0,OMG-MAR,7140,
NordDrive,ND-001349,2026-01-30,SKU-10002,Disque de frein,4.0,OMG-LYO,250,
NordDrive,ND-001250,2026-07-12,SKU-10003,Filtre a huile,5.0,OMG-LIL,2240,
NordDrive,ND-001382,2025-01-20,SKU-10005,Bougie d'allumage,34.0,OMG-LYO,5900,
NordDrive,ND-000888,2025-11-22,SKU-10002,Disque de frein,12.0,OMG-LIL,250,
NordDrive,ND-000816,2025-08-25,SKU-10008,Batterie 12V,32.0,OMG-LYO,740,
NordDrive,ND-000998,2025-10-20,SKU-10002,Disque de frein,1.0,OMG-MAR,250,
NordDrive,ND-000718,2026-07-28,SKU-10009,Retroviseur,3.0,OMG-LYO,3400,
NordDrive,ND-001200,2025-08-29,SKU-10002,Disque de frein,18.0,OMG-LIL,250,
NordDrive,ND-000824,2025-06-04,SKU-10005,Bougie d'allumage,20.0,OMG-MAR,5900,
NordDrive,ND-000785,2025-07-10,SKU-10010,Pare-chocs avant,7.0,OMG-MAR,290,
NordDrive,ND-001112,2025-03-29,SKU-10008,Batterie 12V,38.0,OMG-LYO,740,
NordDrive,ND-000833,2025-11-20,SKU-10008,Batterie 12V,8.0,OMG-LIL,740,
NordDrive,ND-001359,2025-02-09,SKU-10003,Filtre a huile,7.0,OMG-LIL,2240,
NordDrive,ND-001108,2025-01-10,SKU-10008,Batterie 12V,25.0,OMG-LIL,740,
NordDrive,ND-000854,2025-07-27,SKU-10001,Plaquette de frein,23.0,OMG-MAR,5130,
NordDrive,ND-001238,2026-03-05,SKU-10005,Bougie d'allumage,17.0,OMG-MAR,5900,
NordDrive,ND-001034,2026-06-14,SKU-10010,Pare-chocs avant,4.0,OMG-MAR,290,
NordDrive,ND-000736,2026-03-03,SKU-10005,Bougie d'allumage,21.0,OMG-MAR,5900,
NordDrive,ND-000267,2025-05-04,SKU-10001,Plaquette de frein,12.0,OMG-MAR,5130,
NordDrive,ND-000344,2026-04-11,SKU-10010,Pare-chocs avant,11.0,OMG-LYO,290,
NordDrive,ND-000275,2026-07-19,SKU-10009,Retroviseur,20.0,OMG-LIL,3400,
NordDrive,ND-000660,2026-06-19,SKU-10001,Plaquette de frein,39.0,OMG-MAR,5130,
NordDrive,ND-000669,2025-01-04,SKU-10007,Courroie de distribution,27.0,OMG-LYO,7140,
NordDrive,ND-001112,2025-03-29,SKU-10009,Retroviseur,18.0,OMG-LYO,3400,
NordDrive,ND-000567,2025-02-05,SKU-10008,Batterie 12V,29.0,OMG-LIL,740,
NordDrive,ND-000176,2025-11-17,SKU-10002,Disque de frein,10.0,OMG-LYO,250,
NordDrive,ND-000696,2026-01-04,SKU-10002,Disque de frein,33.0,OMG-LIL,250,
NordDrive,ND-000751,2025-12-24,SKU-10007,Courroie de distribution,16.0,OMG-LIL,7140,
NordDrive,ND-000951,2026-03-09,SKU-10007,Courroie de distribution,35.0,OMG-LIL,7140,
NordDrive,ND-000513,2025-06-18,SKU-10001,Plaquette de frein,7.0,OMG-MAR,5130,
NordDrive,ND-000876,2025-01-07,SKU-10006,Amortisseur avant,29.0,OMG-LYO,5430,
NordDrive,ND-000297,2026-04-26,SKU-10008,Batterie 12V,22.0,OMG-MAR,740,
NordDrive,ND-001178,2025-07-13,SKU-10009,Retroviseur,24.0,OMG-LYO,3400,
NordDrive,ND-000756,2025-12-30,SKU-10005,Bougie d'allumage,7.0,OMG-MAR,5900,
NordDrive,ND-000612,2026-06-13,SKU-10004,Filtre a air,15.0,OMG-LIL,1820,
NordDrive,ND-000892,2025-03-27,SKU-10009,Retroviseur,2.0,OMG-MAR,3400,
NordDrive,ND-000334,2025-11-11,SKU-10002,Disque de frein,14.0,OMG-MAR,250,
NordDrive,ND-001250,2026-07-12,SKU-10005,Bougie d'allumage,16.0,OMG-LIL,5900,
NordDrive,ND-001012,2025-04-02,SKU-10008,Batterie 12V,20.0,OMG-MAR,740,
NordDrive,ND-000406,2026-04-15,SKU-10003,Filtre a huile,11.0,OMG-MAR,2240,
NordDrive,ND-001131,2026-01-21,SKU-10002,Disque de frein,27.0,OMG-LIL,250,
NordDrive,ND-000750,2026-07-10,SKU-10004,Filtre a air,24.0,OMG-MAR,1820,
NordDrive,ND-000255,2026-05-23,SKU-10007,Courroie de distribution,36.0,OMG-LIL,7140,
NordDrive,ND-000033,2025-08-11,SKU-10008,Batterie 12V,14.0,OMG-LIL,740,
NordDrive,ND-000370,2026-01-19,SKU-10002,Disque de frein,10.0,OMG-LYO,250,
NordDrive,ND-000939,2025-12-24,SKU-10006,Amortisseur avant,17.0,OMG-LIL,5430,
NordDrive,ND-000661,2025-04-07,SKU-10002,Disque de frein,4.0,OMG-MAR,250,
NordDrive,ND-000284,2025-01-15,SKU-10010,Pare-chocs avant,33.0,OMG-LIL,290,
NordDrive,ND-000279,2025-09-16,SKU-10006,Amortisseur avant,4.0,OMG-LIL,5430,
NordDrive,ND-000803,2025-11-18,SKU-10009,Retroviseur,34.0,OMG-MAR,3400,
NordDrive,ND-001225,2025-02-05,SKU-10008,Batterie 12V,16.0,OMG-LIL,740,
NordDrive,ND-000809,2026-05-30,SKU-10006,Amortisseur avant,28.0,OMG-LIL,5430,
NordDrive,ND-000402,2025-04-18,SKU-10003,Filtre a huile,20.0,OMG-MAR,2240,
NordDrive,ND-000413,2025-08-28,SKU-10004,Filtre a air,1.0,OMG-LIL,1820,
NordDrive,ND-000826,2025-03-10,SKU-10006,Amortisseur avant,9.0,OMG-LIL,5430,
NordDrive,ND-000404,2025-11-18,SKU-10002,Disque de frein,9.0,OMG-LIL,250,
NordDrive,ND-000278,2025-04-17,SKU-10008,Batterie 12V,10.0,OMG-LYO,740,
NordDrive,ND-000966,2026-02-12,SKU-10006,Amortisseur avant,3.0,OMG-MAR,5430,
NordDrive,ND-000038,2025-06-16,SKU-10008,Batterie 12V,27.0,OMG-MAR,740,
NordDrive,ND-000469,2026-04-06,SKU-10002,Disque de frein,18.0,OMG-LYO,250,
NordDrive,ND-001330,2025-01-30,SKU-10010,Pare-chocs avant,30.0,OMG-LYO,290,
NordDrive,ND-000343,2025-10-26,SKU-10005,Bougie d'allumage,39.0,OMG-MAR,5900,
NordDrive,ND-000769,2026-07-30,SKU-10009,Retroviseur,10.0,OMG-MAR,3400,
NordDrive,ND-001336,2026-04-25,SKU-10010,Pare-chocs avant,14.0,OMG-LYO,290,
NordDrive,ND-000109,2025-03-20,SKU-10003,Filtre a huile,39.0,OMG-LIL,2240,
NordDrive,ND-001208,2025-08-10,SKU-10003,Filtre a huile,34.0,OMG-LYO,2240,
NordDrive,ND-000222,2026-04-02,SKU-10004,Filtre a air,3.0,OMG-LYO,1820,
NordDrive,ND-000652,2025-04-17,SKU-10002,Disque de frein,6.0,OMG-MAR,250,
NordDrive,ND-000413,2025-08-28,SKU-10005,Bougie d'allumage,12.0,OMG-LIL,5900,
NordDrive,ND-000842,2025-10-07,SKU-10004,Filtre a air,14.0,OMG-LYO,1820,
NordDrive,ND-000464,2026-03-07,SKU-10007,Courroie de distribution,7.0,OMG-LYO,7140,
NordDrive,ND-001211,2025-01-04,SKU-10005,Bougie d'allumage,11.0,OMG-MAR,5900,
NordDrive,ND-000818,2025-03-11,SKU-10002,Disque de frein,18.0,OMG-MAR,250,
NordDrive,ND-001037,2025-10-03,SKU-10004,Filtre a air,15.0,OMG-LIL,1820,
NordDrive,ND-001140,2025-03-07,SKU-10005,Bougie d'allumage,26.0,OMG-MAR,5900,
NordDrive,ND-000344,2026-04-11,SKU-10001,Plaquette de frein,24.0,OMG-LYO,5130,
NordDrive,ND-001256,2026-07-07,SKU-10002,Disque de frein,13.0,OMG-LYO,250,
NordDrive,ND-000657,2026-02-03,SKU-10004,Filtre a air,40.0,OMG-LIL,1820,
NordDrive,ND-000487,2026-01-07,SKU-10001,Plaquette de frein,5.0,OMG-MAR,5130,
NordDrive,ND-001082,2025-07-14,SKU-10005,Bougie d'allumage,19.0,OMG-LIL,5900,
NordDrive,ND-000094,2026-06-30,SKU-10010,Pare-chocs avant,26.0,OMG-LIL,290,
NordDrive,ND-000612,2026-06-13,SKU-10010,Pare-chocs avant,20.0,OMG-LIL,290,
NordDrive,ND-000288,2026-06-04,SKU-10009,Retroviseur,5.0,OMG-MAR,3400,
NordDrive,ND-000380,2026-06-15,SKU-10003,Filtre a huile,40.0,OMG-MAR,2240,
NordDrive,ND-000094,2026-06-30,SKU-10003,Filtre a huile,10.0,OMG-LIL,2240,
NordDrive,ND-001207,2025-07-20,SKU-10007,Courroie de distribution,5.0,OMG-MAR,7140,
NordDrive,ND-001297,2025-03-07,SKU-10009,Retroviseur,33.0,OMG-MAR,3400,
NordDrive,ND-000691,2025-06-20,SKU-10006,Amortisseur avant,20.0,OMG-LIL,5430,
NordDrive,ND-001163,2025-04-15,SKU-10004,Filtre a air,39.0,OMG-LIL,1820,
NordDrive,ND-000757,2025-05-07,SKU-10004,Filtre a air,39.0,OMG-LIL,1820,
NordDrive,ND-000471,2025-05-20,SKU-10008,Batterie 12V,27.0,OMG-LYO,740,
NordDrive,ND-000909,2026-03-14,SKU-10010,Pare-chocs avant,39.0,OMG-LIL,290,
NordDrive,ND-000125,2025-10-13,SKU-10001,Plaquette de frein,12.0,OMG-MAR,5130,
NordDrive,ND-000840,2025-12-16,SKU-10004,Filtre a air,11.0,OMG-MAR,1820,
NordDrive,ND-001215,2025-07-16,SKU-10002,Disque de frein,16.0,OMG-MAR,250,
NordDrive,ND-001011,2025-04-20,SKU-10010,Pare-chocs avant,10.0,OMG-LIL,290,
NordDrive,ND-001341,2025-10-06,SKU-10003,Filtre a huile,2.0,OMG-LIL,2240,
NordDrive,ND-001031,2026-01-30,SKU-10004,Filtre a air,30.0,OMG-LYO,1820,
NordDrive,ND-000629,2025-12-09,SKU-10006,Amortisseur avant,3.0,OMG-LIL,5430,
NordDrive,ND-000939,2025-12-24,SKU-10007,Courroie de distribution,22.0,OMG-LIL,7140,
NordDrive,ND-000725,2026-06-29,SKU-10004,Filtre a air,38.0,OMG-LIL,1820,
NordDrive,ND-001224,2025-03-26,SKU-10010,Pare-chocs avant,37.0,OMG-LYO,290,
NordDrive,ND-000526,2025-03-30,SKU-10009,Retroviseur,21.0,OMG-LIL,3400,
NordDrive,ND-000256,2026-03-21,SKU-10007,Courroie de distribution,6.0,OMG-LIL,7140,
NordDrive,ND-000251,2026-04-13,SKU-10004,Filtre a air,37.0,OMG-LYO,1820,
NordDrive,ND-000932,2025-07-10,SKU-10006,Amortisseur avant,7.0,OMG-MAR,5430,
NordDrive,ND-000549,2026-07-19,SKU-10003,Filtre a huile,27.0,OMG-LIL,2240,
NordDrive,ND-000251,2026-04-13,SKU-10002,Disque de frein,16.0,OMG-LYO,250,
NordDrive,ND-000992,2025-04-04,SKU-10008,Batterie 12V,17.0,OMG-LYO,740,
NordDrive,ND-000950,2026-02-16,SKU-10003,Filtre a huile,40.0,OMG-MAR,2240,
NordDrive,ND-000785,2025-07-10,SKU-10005,Bougie d'allumage,6.0,OMG-MAR,5900,
NordDrive,ND-001231,2025-08-02,SKU-10004,Filtre a air,3.0,OMG-MAR,1820,
NordDrive,ND-001301,2026-06-07,SKU-10006,Amortisseur avant,24.0,OMG-LYO,5430,
NordDrive,ND-000637,2025-07-01,SKU-10006,Amortisseur avant,6.0,OMG-LIL,5430,
NordDrive,ND-001381,2025-09-02,SKU-10002,Disque de frein,33.0,OMG-LIL,250,
NordDrive,ND-000488,2026-07-06,SKU-10005,Bougie d'allumage,29.0,OMG-LIL,5900,
NordDrive,ND-000065,2025-04-30,SKU-10007,Courroie de distribution,31.0,OMG-MAR,7140,
NordDrive,ND-000700,2025-09-10,SKU-10003,Filtre a huile,26.0,OMG-LYO,2240,
NordDrive,ND-000221,2025-10-27,SKU-10009,Retroviseur,1.0,OMG-LIL,3400,
NordDrive,ND-000718,2026-07-28,SKU-10004,Filtre a air,20.0,OMG-LYO,1820,
NordDrive,ND-000629,2025-12-09,SKU-10004,Filtre a air,19.0,OMG-LIL,1820,
NordDrive,ND-000853,2025-07-14,SKU-10004,Filtre a air,29.0,OMG-LYO,1820,
NordDrive,ND-000825,2025-12-10,SKU-10008,Batterie 12V,27.0,OMG-MAR,740,
NordDrive,ND-001022,2025-10-01,SKU-10002,Disque de frein,6.0,OMG-LIL,250,
NordDrive,ND-001116,2026-05-27,SKU-10010,Pare-chocs avant,26.0,OMG-LIL,290,
NordDrive,ND-000679,2025-01-06,SKU-10002,Disque de frein,14.0,OMG-LIL,250,
NordDrive,ND-000310,2026-02-04,SKU-10007,Courroie de distribution,18.0,OMG-MAR,7140,
NordDrive,ND-000664,2026-05-05,SKU-10002,Disque de frein,12.0,OMG-LIL,250,
NordDrive,ND-001015,2026-07-08,SKU-10010,Pare-chocs avant,32.0,OMG-LYO,290,
NordDrive,ND-001250,2026-07-12,SKU-10010,Pare-chocs avant,19.0,OMG-LIL,290,
NordDrive,ND-000001,2025-12-23,SKU-10004,Filtre a air,5.0,OMG-MAR,1820,
NordDrive,ND-000647,2025-08-29,SKU-10010,Pare-chocs avant,13.0,OMG-LYO,290,
NordDrive,ND-000235,2025-03-16,SKU-10002,Disque de frein,38.0,OMG-MAR,250,
NordDrive,ND-000433,2026-06-27,SKU-10005,Bougie d'allumage,30.0,OMG-LYO,5900,
NordDrive,ND-001271,2025-10-12,SKU-10005,Bougie d'allumage,37.0,OMG-MAR,5900,
NordDrive,ND-000242,2025-12-25,SKU-10007,Courroie de distribution,26.0,OMG-LYO,7140,
NordDrive,ND-000381,2025-05-29,SKU-10007,Courroie de distribution,32.0,OMG-LIL,7140,
NordDrive,ND-001133,2026-05-28,SKU-10003,Filtre a huile,38.0,OMG-LIL,2240,
NordDrive,ND-000215,2025-12-09,SKU-10005,Bougie d'allumage,6.0,OMG-LYO,5900,
NordDrive,ND-000242,2025-12-25,SKU-10003,Filtre a huile,23.0,OMG-LYO,2240,
NordDrive,ND-000395,2025-02-04,SKU-10004,Filtre a air,,OMG-LIL,1820,
NordDrive,ND-000002,2025-10-23,SKU-10006,Amortisseur avant,14.0,OMG-LYO,5430,
NordDrive,ND-001333,2025-08-24,SKU-10004,Filtre a air,1.0,OMG-LYO,1820,
NordDrive,ND-001302,2025-10-02,SKU-10005,Bougie d'allumage,12.0,OMG-LYO,5900,
NordDrive,ND-000220,2026-05-16,SKU-10004,Filtre a air,34.0,OMG-LIL,1820,
NordDrive,ND-000813,2025-06-08,SKU-10001,Plaquette de frein,7.0,OMG-LYO,5130,
NordDrive,ND-001130,2025-12-12,SKU-10002,Disque de frein,11.0,OMG-MAR,250,
NordDrive,ND-000461,2025-04-26,SKU-10001,Plaquette de frein,25.0,OMG-LIL,5130,
NordDrive,ND-000471,2025-05-20,SKU-10004,Filtre a air,10.0,OMG-LYO,1820,
NordDrive,ND-000261,2025-02-03,SKU-10002,Disque de frein,25.0,OMG-LYO,250,
NordDrive,ND-000064,2026-04-18,SKU-10005,Bougie d'allumage,36.0,OMG-MAR,5900,
NordDrive,ND-001051,2026-02-22,SKU-10009,Retroviseur,19.0,OMG-LYO,3400,
NordDrive,ND-000618,2026-04-27,SKU-10008,Batterie 12V,38.0,OMG-MAR,740,
NordDrive,ND-000162,2025-01-18,SKU-10009,Retroviseur,25.0,OMG-LYO,3400,
NordDrive,ND-000247,2026-06-29,SKU-10010,Pare-chocs avant,10.0,OMG-MAR,290,
NordDrive,ND-000747,2025-11-27,SKU-10005,Bougie d'allumage,32.0,OMG-MAR,5900,
NordDrive,ND-000215,2025-12-09,SKU-10005,Bougie d'allumage,11.0,OMG-LYO,5900,
NordDrive,ND-001131,2026-01-21,SKU-10001,Plaquette de frein,34.0,OMG-LIL,5130,
NordDrive,ND-001081,2025-04-22,SKU-10003,Filtre a huile,21.0,OMG-LIL,2240,
NordDrive,ND-000327,2025-07-22,SKU-10006,Amortisseur avant,26.0,OMG-MAR,5430,
NordDrive,ND-000439,2026-05-29,SKU-10004,Filtre a air,21.0,OMG-LYO,1820,
NordDrive,ND-000718,2026-07-28,SKU-10008,Batterie 12V,4.0,OMG-LYO,740,
NordDrive,ND-001163,2025-04-15,SKU-10005,Bougie d'allumage,30.0,OMG-LIL,5900,
NordDrive,ND-000511,2025-02-03,SKU-10002,Disque de frein,8.0,OMG-LIL,250,
NordDrive,ND-000108,2026-06-30,SKU-10004,Filtre a air,,OMG-MAR,1820,
NordDrive,ND-000662,2026-04-10,SKU-10007,Courroie de distribution,19.0,OMG-MAR,7140,
NordDrive,ND-001302,2025-10-02,SKU-10004,Filtre a air,13.0,OMG-LYO,1820,
NordDrive,ND-000720,2026-02-04,SKU-10008,Batterie 12V,26.0,OMG-MAR,740,
NordDrive,ND-000909,2026-03-14,SKU-10006,Amortisseur avant,37.0,OMG-LIL,5430,
NordDrive,ND-000669,2025-01-04,SKU-10007,Courroie de distribution,32.0,OMG-LYO,7140,
NordDrive,ND-000720,2026-02-04,SKU-10005,Bougie d'allumage,15.0,OMG-MAR,5900,
NordDrive,ND-001182,2026-01-01,SKU-10005,Bougie d'allumage,24.0,OMG-LYO,5900,
NordDrive,ND-000590,2025-10-21,SKU-10002,Disque de frein,21.0,OMG-MAR,250,
NordDrive,ND-000290,2026-05-18,SKU-10008,Batterie 12V,40.0,OMG-MAR,740,
NordDrive,ND-000840,2025-12-16,SKU-10008,Batterie 12V,29.0,OMG-MAR,740,
NordDrive,ND-000328,2026-06-16,SKU-10003,Filtre a huile,31.0,OMG-MAR,2240,
NordDrive,ND-000048,2026-06-22,SKU-10009,Retroviseur,34.0,OMG-LIL,3400,
NordDrive,ND-000991,2025-12-07,SKU-10007,Courroie de distribution,,OMG-LIL,7140,
NordDrive,ND-000907,2025-09-30,SKU-10004,Filtre a air,18.0,OMG-LYO,1820,
NordDrive,ND-000775,2025-04-08,SKU-10007,Courroie de distribution,35.0,OMG-LIL,7140,
NordDrive,ND-001302,2025-10-02,SKU-10005,Bougie d'allumage,26.0,OMG-LYO,5900,
NordDrive,ND-000240,2025-10-17,SKU-10010,Pare-chocs avant,38.0,OMG-LIL,290,
NordDrive,ND-001081,2025-04-22,SKU-10004,Filtre a air,8.0,OMG-LIL,1820,
NordDrive,ND-001097,2025-09-11,SKU-10007,Courroie de distribution,36.0,OMG-LYO,7140,
NordDrive,ND-001132,2025-07-24,SKU-10009,Retroviseur,16.0,OMG-LYO,3400,
NordDrive,ND-001256,2026-07-07,SKU-10008,Batterie 12V,8.0,OMG-LYO,740,
NordDrive,ND-000189,2025-05-10,SKU-10005,Bougie d'allumage,16.0,OMG-LYO,5900,
NordDrive,ND-001028,2025-07-09,SKU-10004,Filtre a air,27.0,OMG-LIL,1820,
NordDrive,ND-000750,2026-07-10,SKU-10009,Retroviseur,31.0,OMG-MAR,3400,
NordDrive,ND-000722,2025-02-01,SKU-10006,Amortisseur avant,3.0,OMG-LIL,5430,
NordDrive,ND-000261,2025-02-03,SKU-10010,Pare-chocs avant,17.0,OMG-LYO,290,
NordDrive,ND-000183,2025-04-22,SKU-10003,Filtre a huile,37.0,OMG-MAR,2240,
NordDrive,ND-001345,2025-02-15,SKU-10010,Pare-chocs avant,5.0,OMG-LYO,290,
NordDrive,ND-000661,2025-04-07,SKU-10008,Batterie 12V,19.0,OMG-MAR,740,
NordDrive,ND-000172,2026-04-15,SKU-10007,Courroie de distribution,30.0,OMG-MAR,7140,
NordDrive,ND-000358,2025-04-05,SKU-10006,Amortisseur avant,21.0,OMG-LIL,5430,
NordDrive,ND-000774,2026-04-09,SKU-10008,Batterie 12V,21.0,OMG-MAR,740,
NordDrive,ND-000922,2025-09-03,SKU-10005,Bougie d'allumage,13.0,OMG-MAR,5900,
NordDrive,ND-000708,2025-08-01,SKU-10003,Filtre a huile,34.0,OMG-LYO,2240,
NordDrive,ND-000748,2025-04-24,SKU-10008,Batterie 12V,31.0,OMG-MAR,740,
NordDrive,ND-000373,2026-07-20,SKU-10005,Bougie d'allumage,31.0,OMG-MAR,5900,
NordDrive,ND-000570,2025-05-27,SKU-10004,Filtre a air,28.0,OMG-MAR,1820,
NordDrive,ND-000360,2025-06-27,SKU-10007,Courroie de distribution,18.0,OMG-LIL,7140,
NordDrive,ND-000753,2025-12-31,SKU-10003,Filtre a huile,4.0,OMG-LYO,2240,
NordDrive,ND-000521,2025-12-01,SKU-10007,Courroie de distribution,29.0,OMG-LYO,7140,
NordDrive,ND-000578,2025-09-20,SKU-10006,Amortisseur avant,23.0,OMG-LYO,5430,
NordDrive,ND-000478,2025-12-20,SKU-10003,Filtre a huile,30.0,OMG-MAR,2240,
NordDrive,ND-001369,2026-03-12,SKU-10006,Amortisseur avant,38.0,OMG-LYO,5430,
NordDrive,ND-000819,2026-03-27,SKU-10007,Courroie de distribution,30.0,OMG-LYO,7140,
NordDrive,ND-001219,2025-12-23,SKU-10005,Bougie d'allumage,10.0,OMG-MAR,5900,
NordDrive,ND-000786,2025-07-23,SKU-10002,Disque de frein,32.0,OMG-LIL,250,
NordDrive,ND-000843,2025-11-29,SKU-10010,Pare-chocs avant,6.0,OMG-LIL,290,
NordDrive,ND-000888,2025-11-22,SKU-10004,Filtre a air,28.0,OMG-LIL,1820,
NordDrive,ND-000001,2025-12-23,SKU-10002,Disque de frein,36.0,OMG-MAR,250,
NordDrive,ND-000187,2025-12-01,SKU-10002,Disque de frein,2.0,OMG-LYO,250,
NordDrive,ND-000819,2026-03-27,SKU-10010,Pare-chocs avant,23.0,OMG-LYO,290,
NordDrive,ND-000358,2025-04-05,SKU-10010,Pare-chocs avant,35.0,OMG-LIL,290,
NordDrive,ND-000427,2025-09-22,SKU-10003,Filtre a huile,7.0,OMG-LYO,2240,
NordDrive,ND-000998,2025-10-20,SKU-10006,Amortisseur avant,15.0,OMG-MAR,5430,
NordDrive,ND-000603,2026-04-09,SKU-10006,Amortisseur avant,30.0,OMG-LYO,5430,
NordDrive,ND-001031,2026-01-30,SKU-10010,Pare-chocs avant,15.0,OMG-LYO,290,
NordDrive,ND-000297,2026-04-26,SKU-10006,Amortisseur avant,4.0,OMG-MAR,5430,
NordDrive,ND-001078,2025-10-18,SKU-10001,Plaquette de frein,22.0,OMG-LYO,5130,
NordDrive,ND-001297,2025-03-07,SKU-10006,Amortisseur avant,12.0,OMG-MAR,5430,
NordDrive,ND-000848,2026-01-21,SKU-10001,Plaquette de frein,4.0,OMG-LYO,5130,
NordDrive,ND-000657,2026-02-03,SKU-10006,Amortisseur avant,36.0,OMG-LIL,5430,
NordDrive,ND-000855,2026-07-18,SKU-10001,Plaquette de frein,16.0,OMG-LIL,5130,
NordDrive,ND-000006,2025-10-24,SKU-10009,Retroviseur,1.0,OMG-LIL,3400,
NordDrive,ND-000339,2026-04-10,SKU-10002,Disque de frein,34.0,OMG-LIL,250,
NordDrive,ND-000794,2026-05-26,SKU-10006,Amortisseur avant,8.0,OMG-LYO,5430,
NordDrive,ND-000818,2025-03-11,SKU-10005,Bougie d'allumage,23.0,OMG-MAR,5900,
NordDrive,ND-000603,2026-04-09,SKU-10007,Courroie de distribution,,OMG-LYO,7140,
NordDrive,ND-000454,2026-05-24,SKU-10006,Amortisseur avant,36.0,OMG-LIL,5430,
NordDrive,ND-000809,2026-05-30,SKU-10005,Bougie d'allumage,8.0,OMG-LIL,5900,
NordDrive,ND-000472,2026-01-24,SKU-10005,Bougie d'allumage,23.0,OMG-MAR,5900,
NordDrive,ND-001178,2025-07-13,SKU-10002,Disque de frein,35.0,OMG-LYO,250,
NordDrive,ND-000946,2025-11-18,SKU-10005,Bougie d'allumage,30.0,OMG-LYO,5900,
NordDrive,ND-000722,2025-02-01,SKU-10003,Filtre a huile,13.0,OMG-LIL,2240,
NordDrive,ND-000838,2025-03-24,SKU-10004,Filtre a air,7.0,OMG-MAR,1820,
NordDrive,ND-000559,2025-10-18,SKU-10006,Amortisseur avant,10.0,OMG-LIL,5430,
NordDrive,ND-001279,2025-01-06,SKU-10002,Disque de frein,4.0,OMG-LYO,250,
NordDrive,ND-001340,2025-06-27,SKU-10003,Filtre a huile,18.0,OMG-LYO,2240,
NordDrive,ND-000900,2025-04-20,SKU-10009,Retroviseur,37.0,OMG-LYO,3400,
NordDrive,ND-000221,2025-10-27,SKU-10003,Filtre a huile,,OMG-LIL,2240,
NordDrive,ND-001157,2026-03-21,SKU-10007,Courroie de distribution,17.0,OMG-LIL,7140,
NordDrive,ND-000758,2025-07-29,SKU-10010,Pare-chocs avant,3.0,OMG-LYO,290,
NordDrive,ND-000225,2026-04-21,SKU-10003,Filtre a huile,8.0,OMG-LIL,2240,
NordDrive,ND-000774,2026-04-09,SKU-10006,Amortisseur avant,21.0,OMG-MAR,5430,
NordDrive,ND-001152,2026-04-19,SKU-10004,Filtre a air,18.0,OMG-LIL,1820,
NordDrive,ND-000938,2025-11-26,SKU-10004,Filtre a air,33.0,OMG-LYO,1820,
NordDrive,ND-001028,2025-07-09,SKU-10009,Retroviseur,37.0,OMG-LIL,3400,
NordDrive,ND-000267,2025-05-04,SKU-10001,Plaquette de frein,16.0,OMG-MAR,5130,
NordDrive,ND-000603,2026-04-09,SKU-10009,Retroviseur,33.0,OMG-LYO,3400,
NordDrive,ND-000998,2025-10-20,SKU-10002,Disque de frein,8.0,OMG-MAR,250,
NordDrive,ND-001055,2025-10-23,SKU-10009,Retroviseur,5.0,OMG-LIL,3400,
NordDrive,ND-001043,2025-06-03,SKU-10008,Batterie 12V,7.0,OMG-LIL,740,
NordDrive,ND-000935,2025-08-23,SKU-10007,Courroie de distribution,10.0,OMG-LYO,7140,
NordDrive,ND-000608,2026-03-09,SKU-10004,Filtre a air,40.0,OMG-MAR,1820,
NordDrive,ND-001138,2025-11-12,SKU-10001,Plaquette de frein,21.0,OMG-LIL,5130,
NordDrive,ND-000267,2025-05-04,SKU-10004,Filtre a air,13.0,OMG-MAR,1820,
NordDrive,ND-000134,2025-04-06,SKU-10003,Filtre a huile,7.0,OMG-LIL,2240,
NordDrive,ND-000251,2026-04-13,SKU-10002,Disque de frein,32.0,OMG-LYO,250,
NordDrive,ND-000864,2026-07-10,SKU-10001,Plaquette de frein,23.0,OMG-LYO,5130,
NordDrive,ND-000112,2025-07-31,SKU-10002,Disque de frein,15.0,OMG-LYO,250,
NordDrive,ND-000939,2025-12-24,SKU-10005,Bougie d'allumage,2.0,OMG-LIL,5900,
NordDrive,ND-001222,2026-05-27,SKU-10007,Courroie de distribution,2.0,OMG-LIL,7140,
NordDrive,ND-000854,2025-07-27,SKU-10009,Retroviseur,7.0,OMG-MAR,3400,
NordDrive,ND-000036,2025-12-21,SKU-10009,Retroviseur,36.0,OMG-LYO,3400,
NordDrive,ND-001284,2025-06-30,SKU-10003,Filtre a huile,13.0,OMG-LIL,2240,
NordDrive,ND-001309,2026-01-05,SKU-10007,Courroie de distribution,29.0,OMG-LIL,7140,
NordDrive,ND-001204,2026-01-19,SKU-10001,Plaquette de frein,3.0,OMG-MAR,5130,
NordDrive,ND-000728,2026-01-02,SKU-10003,Filtre a huile,17.0,OMG-LIL,2240,
NordDrive,ND-000380,2026-06-15,SKU-10009,Retroviseur,5.0,OMG-MAR,3400,
NordDrive,ND-001279,2025-01-06,SKU-10007,Courroie de distribution,39.0,OMG-LYO,7140,
NordDrive,ND-000900,2025-04-20,SKU-10004,Filtre a air,4.0,OMG-LYO,1820,
NordDrive,ND-001052,2026-01-22,SKU-10001,Plaquette de frein,31.0,OMG-MAR,5130,
NordDrive,ND-000758,2025-07-29,SKU-10010,Pare-chocs avant,31.0,OMG-LYO,290,
NordDrive,ND-001382,2025-01-20,SKU-10010,Pare-chocs avant,17.0,OMG-LYO,290,
NordDrive,ND-001341,2025-10-06,SKU-10005,Bougie d'allumage,9.0,OMG-LIL,5900,
NordDrive,ND-001014,2026-01-20,SKU-10002,Disque de frein,18.0,OMG-MAR,250,
NordDrive,ND-000974,2026-01-31,SKU-10003,Filtre a huile,5.0,OMG-LIL,2240,
NordDrive,ND-001231,2025-08-02,SKU-10003,Filtre a huile,13.0,OMG-MAR,2240,
NordDrive,ND-001051,2026-02-22,SKU-10005,Bougie d'allumage,37.0,OMG-LYO,5900,
NordDrive,ND-000826,2025-03-10,SKU-10010,Pare-chocs avant,35.0,OMG-LIL,290,
NordDrive,ND-001255,2025-06-17,SKU-10004,Filtre a air,34.0,OMG-LYO,1820,
NordDrive,ND-000733,2026-01-31,SKU-10005,Bougie d'allumage,14.0,OMG-LIL,5900,
NordDrive,ND-000498,2025-10-08,SKU-10006,Amortisseur avant,20.0,OMG-MAR,5430,
NordDrive,ND-000282,2026-06-23,SKU-10010,Pare-chocs avant,20.0,OMG-LYO,290,
NordDrive,ND-000476,2025-07-02,SKU-10010,Pare-chocs avant,21.0,OMG-LYO,290,
NordDrive,ND-000784,2025-01-20,SKU-10002,Disque de frein,37.0,OMG-LYO,250,
NordDrive,ND-001067,2025-04-12,SKU-10006,Amortisseur avant,40.0,OMG-MAR,5430,
NordDrive,ND-001369,2026-03-12,SKU-10004,Filtre a air,27.0,OMG-LYO,1820,
NordDrive,ND-000754,2025-11-26,SKU-10010,Pare-chocs avant,33.0,OMG-LIL,290,
NordDrive,ND-000728,2026-01-02,SKU-10008,Batterie 12V,24.0,OMG-LIL,740,
NordDrive,ND-000362,2025-11-05,SKU-10002,Disque de frein,17.0,OMG-LYO,250,
NordDrive,ND-000852,2025-04-09,SKU-10006,Amortisseur avant,39.0,OMG-LYO,5430,
NordDrive,ND-000935,2025-08-23,SKU-10007,Courroie de distribution,12.0,OMG-LYO,7140,
NordDrive,ND-000205,2026-03-16,SKU-10005,Bougie d'allumage,3.0,OMG-LYO,5900,
NordDrive,ND-000043,2025-01-20,SKU-10002,Disque de frein,20.0,OMG-MAR,250,
NordDrive,ND-000261,2025-02-03,SKU-10006,Amortisseur avant,5.0,OMG-LYO,5430,
NordDrive,ND-000443,2026-05-14,SKU-10008,Batterie 12V,33.0,OMG-LYO,740,
NordDrive,ND-001255,2025-06-17,SKU-10005,Bougie d'allumage,,OMG-LYO,5900,
NordDrive,ND-000980,2026-04-17,SKU-10002,Disque de frein,4.0,OMG-LIL,250,
NordDrive,ND-001345,2025-02-15,SKU-10008,Batterie 12V,24.0,OMG-LYO,740,
NordDrive,ND-000328,2026-06-16,SKU-10006,Amortisseur avant,3.0,OMG-MAR,5430,
NordDrive,ND-000660,2026-06-19,SKU-10007,Courroie de distribution,33.0,OMG-MAR,7140,
NordDrive,ND-001074,2025-07-16,SKU-10003,Filtre a huile,4.0,OMG-LIL,2240,
NordDrive,ND-001146,2026-01-12,SKU-10002,Disque de frein,17.0,OMG-LIL,250,
NordDrive,ND-000648,2026-04-15,SKU-10006,Amortisseur avant,37.0,OMG-LIL,5430,
NordDrive,ND-000413,2025-08-28,SKU-10010,Pare-chocs avant,17.0,OMG-LIL,290,
NordDrive,ND-001182,2026-01-01,SKU-10006,Amortisseur avant,37.0,OMG-LYO,5430,
NordDrive,ND-000036,2025-12-21,SKU-10010,Pare-chocs avant,21.0,OMG-LYO,290,
NordDrive,ND-000187,2025-12-01,SKU-10002,Disque de frein,,OMG-LYO,250,
NordDrive,ND-000664,2026-05-05,SKU-10004,Filtre a air,9.0,OMG-LIL,1820,
NordDrive,ND-001207,2025-07-20,SKU-10005,Bougie d'allumage,22.0,OMG-MAR,5900,
NordDrive,ND-000099,2026-02-18,SKU-10002,Disque de frein,21.0,OMG-LIL,250,
NordDrive,ND-000609,2025-09-07,SKU-10010,Pare-chocs avant,22.0,OMG-MAR,290,
NordDrive,ND-000806,2025-01-11,SKU-10006,Amortisseur avant,14.0,OMG-LYO,5430,
NordDrive,ND-000433,2026-06-27,SKU-10010,Pare-chocs avant,17.0,OMG-LYO,290,
NordDrive,ND-000099,2026-02-18,SKU-10002,Disque de frein,26.0,OMG-LIL,250,
NordDrive,ND-000455,2025-01-07,SKU-10007,Courroie de distribution,7.0,OMG-MAR,7140,
NordDrive,ND-000016,2025-05-10,SKU-10007,Courroie de distribution,1.0,OMG-LYO,7140,
NordDrive,ND-001172,2026-01-14,SKU-10002,Disque de frein,10.0,OMG-LIL,250,
NordDrive,ND-000646,2026-02-07,SKU-10003,Filtre a huile,8.0,OMG-LIL,2240,
NordDrive,ND-001256,2026-07-07,SKU-10010,Pare-chocs avant,13.0,OMG-LYO,290,
NordDrive,ND-000842,2025-10-07,SKU-10010,Pare-chocs avant,31.0,OMG-LYO,290,
NordDrive,ND-000221,2025-10-27,SKU-10010,Pare-chocs avant,5.0,OMG-LIL,290,
NordDrive,ND-001067,2025-04-12,SKU-10001,Plaquette de frein,7.0,OMG-MAR,5130,
NordDrive,ND-001341,2025-10-06,SKU-10006,Amortisseur avant,25.0,OMG-LIL,5430,
NordDrive,ND-001120,2025-06-26,SKU-10008,Batterie 12V,8.0,OMG-MAR,740,
NordDrive,ND-001219,2025-12-23,SKU-10007,Courroie de distribution,8.0,OMG-MAR,7140,
NordDrive,ND-000233,2025-01-19,SKU-10001,Plaquette de frein,22.0,OMG-LIL,5130,
NordDrive,ND-000306,2026-06-05,SKU-10005,Bougie d'allumage,10.0,OMG-LYO,5900,
NordDrive,ND-000275,2026-07-19,SKU-10008,Batterie 12V,23.0,OMG-LIL,740,
NordDrive,ND-000454,2026-05-24,SKU-10004,Filtre a air,38.0,OMG-LIL,1820,
NordDrive,ND-000938,2025-11-26,SKU-10002,Disque de frein,10.0,OMG-LYO,250,
NordDrive,ND-001031,2026-01-30,SKU-10006,Amortisseur avant,7.0,OMG-LYO,5430,
NordDrive,ND-000852,2025-04-09,SKU-10004,Filtre a air,19.0,OMG-LYO,1820,
NordDrive,ND-001363,2025-05-27,SKU-10005,Bougie d'allumage,39.0,OMG-LYO,5900,
NordDrive,ND-000255,2026-05-23,SKU-10002,Disque de frein,22.0,OMG-LIL,250,
NordDrive,ND-001335,2025-05-03,SKU-10002,Disque de frein,39.0,OMG-LYO,250,
NordDrive,ND-000700,2025-09-10,SKU-10009,Retroviseur,35.0,OMG-LYO,3400,
NordDrive,ND-000467,2025-02-08,SKU-10008,Batterie 12V,40.0,OMG-MAR,740,
NordDrive,ND-000433,2026-06-27,SKU-10008,Batterie 12V,15.0,OMG-LYO,740,
NordDrive,ND-001040,2025-01-24,SKU-10003,Filtre a huile,7.0,OMG-LIL,2240,
NordDrive,ND-000754,2025-11-26,SKU-10005,Bougie d'allumage,15.0,OMG-LIL,5900,
NordDrive,ND-000691,2025-06-20,SKU-10005,Bougie d'allumage,10.0,OMG-LIL,5900,
NordDrive,ND-000296,2025-12-12,SKU-10008,Batterie 12V,21.0,OMG-LIL,740,
NordDrive,ND-000542,2026-01-01,SKU-10003,Filtre a huile,17.0,OMG-LIL,2240,
NordDrive,ND-000487,2026-01-07,SKU-10005,Bougie d'allumage,33.0,OMG-MAR,5900,
NordDrive,ND-000748,2025-04-24,SKU-10002,Disque de frein,8.0,OMG-MAR,250,
NordDrive,ND-000235,2025-03-16,SKU-10010,Pare-chocs avant,4.0,OMG-MAR,290,
NordDrive,ND-000360,2025-06-27,SKU-10005,Bougie d'allumage,39.0,OMG-LIL,5900,
NordDrive,ND-000676,2025-05-25,SKU-10008,Batterie 12V,12.0,OMG-LIL,740,
NordDrive,ND-000086,2025-07-26,SKU-10002,Disque de frein,31.0,OMG-LYO,250,
NordDrive,ND-001304,2026-02-16,SKU-10002,Disque de frein,,OMG-LIL,250,
NordDrive,ND-001189,2025-01-25,SKU-10007,Courroie de distribution,21.0,OMG-LYO,7140,
NordDrive,ND-000806,2025-01-11,SKU-10010,Pare-chocs avant,34.0,OMG-LYO,290,
NordDrive,ND-000418,2026-03-04,SKU-10009,Retroviseur,27.0,OMG-LIL,3400,
NordDrive,ND-000748,2025-04-24,SKU-10010,Pare-chocs avant,28.0,OMG-MAR,290,
NordDrive,ND-000876,2025-01-07,SKU-10003,Filtre a huile,33.0,OMG-LYO,2240,
NordDrive,ND-000415,2025-02-12,SKU-10003,Filtre a huile,3.0,OMG-LYO,2240,
NordDrive,ND-000006,2025-10-24,SKU-10005,Bougie d'allumage,22.0,OMG-LIL,5900,
NordDrive,ND-000220,2026-05-16,SKU-10010,Pare-chocs avant,19.0,OMG-LIL,290,
NordDrive,ND-001122,2025-08-27,SKU-10009,Retroviseur,7.0,OMG-MAR,3400,
NordDrive,ND-001110,2025-02-08,SKU-10010,Pare-chocs avant,11.0,OMG-MAR,290,
NordDrive,ND-001017,2026-03-27,SKU-10001,Plaquette de frein,26.0,OMG-LIL,5130,
NordDrive,ND-000373,2026-07-20,SKU-10004,Filtre a air,8.0,OMG-MAR,1820,
NordDrive,ND-000652,2025-04-17,SKU-10008,Batterie 12V,9.0,OMG-MAR,740,
NordDrive,ND-000935,2025-08-23,SKU-10005,Bougie d'allumage,20.0,OMG-LYO,5900,
NordDrive,ND-000552,2025-09-16,SKU-10009,Retroviseur,40.0,OMG-LYO,3400,
NordDrive,ND-000545,2026-04-06,SKU-10007,Courroie de distribution,24.0,OMG-MAR,7140,
NordDrive,ND-001138,2025-11-12,SKU-10007,Courroie de distribution,2.0,OMG-LIL,7140,
NordDrive,ND-000549,2026-07-19,SKU-10003,Filtre a huile,,OMG-LIL,2240,
NordDrive,ND-000351,2025-07-13,SKU-10003,Filtre a huile,7.0,OMG-LYO,2240,
NordDrive,ND-000016,2025-05-10,SKU-10007,Courroie de distribution,17.0,OMG-LYO,7140,
NordDrive,ND-001133,2026-05-28,SKU-10009,Retroviseur,17.0,OMG-LIL,3400,
NordDrive,ND-000343,2025-10-26,SKU-10008,Batterie 12V,29.0,OMG-MAR,740,
NordDrive,ND-000337,2026-01-26,SKU-10008,Batterie 12V,9.0,OMG-MAR,740,
NordDrive,ND-001116,2026-05-27,SKU-10007,Courroie de distribution,12.0,OMG-LIL,7140,
NordDrive,ND-000247,2026-06-29,SKU-10008,Batterie 12V,3.0,OMG-MAR,740,
NordDrive,ND-000242,2025-12-25,SKU-10007,Courroie de distribution,28.0,OMG-LYO,7140,
NordDrive,ND-001296,2025-09-15,SKU-10005,Bougie d'allumage,33.0,OMG-LYO,5900,
NordDrive,ND-000751,2025-12-24,SKU-10001,Plaquette de frein,9.0,OMG-LIL,5130,
NordDrive,ND-001256,2026-07-07,SKU-10009,Retroviseur,4.0,OMG-LYO,3400,
NordDrive,ND-000909,2026-03-14,SKU-10008,Batterie 12V,14.0,OMG-LIL,740,
NordDrive,ND-000242,2025-12-25,SKU-10008,Batterie 12V,2.0,OMG-LYO,740,
NordDrive,ND-001266,2026-03-21,SKU-10007,Courroie de distribution,36.0,OMG-LIL,7140,
NordDrive,ND-000422,2026-06-17,SKU-10001,Plaquette de frein,12.0,OMG-LYO,5130,
NordDrive,ND-000718,2026-07-28,SKU-10008,Batterie 12V,40.0,OMG-LYO,740,
NordDrive,ND-000660,2026-06-19,SKU-10010,Pare-chocs avant,29.0,OMG-MAR,290,
NordDrive,ND-001333,2025-08-24,SKU-10001,Plaquette de frein,40.0,OMG-LYO,5130,
NordDrive,ND-000750,2026-07-10,SKU-10004,Filtre a air,6.0,OMG-MAR,1820,
NordDrive,ND-000975,2025-06-30,SKU-10010,Pare-chocs avant,14.0,OMG-LYO,290,
NordDrive,ND-000747,2025-11-27,SKU-10006,Amortisseur avant,7.0,OMG-MAR,5430,
NordDrive,ND-001200,2025-08-29,SKU-10003,Filtre a huile,8.0,OMG-LIL,2240,
NordDrive,ND-000222,2026-04-02,SKU-10009,Retroviseur,19.0,OMG-LYO,3400,
NordDrive,ND-000418,2026-03-04,SKU-10003,Filtre a huile,8.0,OMG-LIL,2240,
NordDrive,ND-000162,2025-01-18,SKU-10008,Batterie 12V,23.0,OMG-LYO,740,
NordDrive,ND-000199,2026-03-11,SKU-10003,Filtre a huile,,OMG-LIL,2240,
NordDrive,ND-000204,2025-09-02,SKU-10007,Courroie de distribution,36.0,OMG-LYO,7140,
NordDrive,ND-001325,2025-05-10,SKU-10006,Amortisseur avant,36.0,OMG-LYO,5430,
NordDrive,ND-000406,2026-04-15,SKU-10008,Batterie 12V,31.0,OMG-MAR,740,
NordDrive,ND-001038,2025-07-20,SKU-10001,Plaquette de frein,24.0,OMG-MAR,5130,
NordDrive,ND-001000,2026-02-04,SKU-10002,Disque de frein,26.0,OMG-LYO,250,
NordDrive,ND-000229,2026-07-09,SKU-10006,Amortisseur avant,18.0,OMG-MAR,5430,
NordDrive,ND-000870,2026-07-24,SKU-10009,Retroviseur,5.0,OMG-LIL,3400,
NordDrive,ND-000631,2026-04-30,SKU-10002,Disque de frein,10.0,OMG-MAR,250,
NordDrive,ND-001255,2025-06-17,SKU-10006,Amortisseur avant,8.0,OMG-LYO,5430,
NordDrive,ND-000909,2026-03-14,SKU-10010,Pare-chocs avant,25.0,OMG-LIL,290,
NordDrive,ND-000919,2025-02-04,SKU-10009,Retroviseur,27.0,OMG-LIL,3400,
NordDrive,ND-000785,2025-07-10,SKU-10003,Filtre a huile,2.0,OMG-MAR,2240,
NordDrive,ND-000427,2025-09-22,SKU-10005,Bougie d'allumage,21.0,OMG-LYO,5900,
NordDrive,ND-000538,2025-05-17,SKU-10001,Plaquette de frein,32.0,OMG-LYO,5130,
NordDrive,ND-001291,2025-06-27,SKU-10010,Pare-chocs avant,35.0,OMG-LIL,290,
NordDrive,ND-000222,2026-04-02,SKU-10001,Plaquette de frein,26.0,OMG-LYO,5130,
NordDrive,ND-000221,2025-10-27,SKU-10006,Amortisseur avant,21.0,OMG-LIL,5430,
NordDrive,ND-000541,2025-07-18,SKU-10005,Bougie d'allumage,14.0,OMG-LIL,5900,
NordDrive,ND-000162,2025-01-18,SKU-10009,Retroviseur,28.0,OMG-LYO,3400,
NordDrive,ND-001335,2025-05-03,SKU-10002,Disque de frein,8.0,OMG-LYO,250,
NordDrive,ND-000781,2025-04-30,SKU-10010,Pare-chocs avant,21.0,OMG-LYO,290,
NordDrive,ND-000363,2026-07-27,SKU-10003,Filtre a huile,2.0,OMG-LYO,2240,
NordDrive,ND-000860,2025-01-12,SKU-10009,Retroviseur,19.0,OMG-LYO,3400,
NordDrive,ND-001293,2025-09-29,SKU-10006,Amortisseur avant,1.0,OMG-MAR,5430,
NordDrive,ND-000405,2026-04-21,SKU-10010,Pare-chocs avant,40.0,OMG-LYO,290,
NordDrive,ND-001037,2025-10-03,SKU-10005,Bougie d'allumage,32.0,OMG-LIL,5900,
NordDrive,ND-001172,2026-01-14,SKU-10001,Plaquette de frein,36.0,OMG-LIL,5130,
NordDrive,ND-001118,2025-10-06,SKU-10009,Retroviseur,10.0,OMG-LIL,3400,
NordDrive,ND-000659,2025-08-23,SKU-10005,Bougie d'allumage,7.0,OMG-LIL,5900,
NordDrive,ND-000125,2025-10-13,SKU-10004,Filtre a air,8.0,OMG-MAR,1820,
NordDrive,ND-000404,2025-11-18,SKU-10008,Batterie 12V,18.0,OMG-LIL,740,
NordDrive,ND-000204,2025-09-02,SKU-10009,Retroviseur,32.0,OMG-LYO,3400,
NordDrive,ND-000662,2026-04-10,SKU-10005,Bougie d'allumage,21.0,OMG-MAR,5900,
NordDrive,ND-000268,2025-10-14,SKU-10007,Courroie de distribution,8.0,OMG-LIL,7140,
NordDrive,ND-000939,2025-12-24,SKU-10003,Filtre a huile,19.0,OMG-LIL,2240,
NordDrive,ND-000826,2025-03-10,SKU-10005,Bougie d'allumage,,OMG-LIL,5900,
NordDrive,ND-000042,2026-01-03,SKU-10005,Bougie d'allumage,24.0,OMG-LYO,5900,
NordDrive,ND-000751,2025-12-24,SKU-10007,Courroie de distribution,2.0,OMG-LIL,7140,
NordDrive,ND-000334,2025-11-11,SKU-10008,Batterie 12V,39.0,OMG-MAR,740,
NordDrive,ND-001222,2026-05-27,SKU-10002,Disque de frein,16.0,OMG-LIL,250,
NordDrive,ND-000975,2025-06-30,SKU-10002,Disque de frein,20.0,OMG-LYO,250,
NordDrive,ND-000049,2025-04-03,SKU-10004,Filtre a air,14.0,OMG-LIL,1820,
NordDrive,ND-001001,2026-05-28,SKU-10006,Amortisseur avant,28.0,OMG-MAR,5430,
NordDrive,ND-000086,2025-07-26,SKU-10009,Retroviseur,38.0,OMG-LYO,3400,
NordDrive,ND-001330,2025-01-30,SKU-10009,Retroviseur,33.0,OMG-LYO,3400,
NordDrive,ND-000965,2025-02-20,SKU-10010,Pare-chocs avant,8.0,OMG-MAR,290,
NordDrive,ND-000677,2025-05-22,SKU-10005,Bougie d'allumage,27.0,OMG-MAR,5900,
NordDrive,ND-000784,2025-01-20,SKU-10010,Pare-chocs avant,35.0,OMG-LYO,290,
NordDrive,ND-001385,2025-05-24,SKU-10006,Amortisseur avant,39.0,OMG-MAR,5430,
NordDrive,ND-000629,2025-12-09,SKU-10003,Filtre a huile,,OMG-LIL,2240,
NordDrive,ND-001296,2025-09-15,SKU-10007,Courroie de distribution,39.0,OMG-LYO,7140,
NordDrive,ND-001028,2025-07-09,SKU-10007,Courroie de distribution,36.0,OMG-LIL,7140,
NordDrive,ND-000753,2025-12-31,SKU-10008,Batterie 12V,1.0,OMG-LYO,740,
NordDrive,ND-000275,2026-07-19,SKU-10003,Filtre a huile,19.0,OMG-LIL,2240,
NordDrive,ND-000043,2025-01-20,SKU-10010,Pare-chocs avant,16.0,OMG-MAR,290,
NordDrive,ND-000560,2025-12-24,SKU-10010,Pare-chocs avant,1.0,OMG-LYO,290,
NordDrive,ND-000489,2025-03-29,SKU-10005,Bougie d'allumage,27.0,OMG-LIL,5900,
NordDrive,ND-000580,2025-08-15,SKU-10008,Batterie 12V,27.0,OMG-MAR,740,
NordDrive,ND-000172,2026-04-15,SKU-10009,Retroviseur,23.0,OMG-MAR,3400,
NordDrive,ND-001309,2026-01-05,SKU-10005,Bougie d'allumage,10.0,OMG-LIL,5900,
NordDrive,ND-001185,2026-04-17,SKU-10001,Plaquette de frein,26.0,OMG-LIL,5130,
NordDrive,ND-000101,2025-08-29,SKU-10006,Amortisseur avant,11.0,OMG-LIL,5430,
NordDrive,ND-000183,2025-04-22,SKU-10004,Filtre a air,37.0,OMG-MAR,1820,
NordDrive,ND-001099,2025-07-02,SKU-10006,Amortisseur avant,22.0,OMG-MAR,5430,
NordDrive,ND-000233,2025-01-19,SKU-10001,Plaquette de frein,25.0,OMG-LIL,5130,
NordDrive,ND-000825,2025-12-10,SKU-10006,Amortisseur avant,28.0,OMG-MAR,5430,
NordDrive,ND-000094,2026-06-30,SKU-10006,Amortisseur avant,1.0,OMG-LIL,5430,
NordDrive,ND-000808,2025-05-26,SKU-10003,Filtre a huile,30.0,OMG-LIL,2240,
NordDrive,ND-001177,2025-01-18,SKU-10005,Bougie d'allumage,32.0,OMG-LYO,5900,
NordDrive,ND-000488,2026-07-06,SKU-10010,Pare-chocs avant,24.0,OMG-LIL,290,
NordDrive,ND-000234,2026-07-07,SKU-10004,Filtre a air,34.0,OMG-LYO,1820,
NordDrive,ND-001105,2025-07-19,SKU-10005,Bougie d'allumage,26.0,OMG-MAR,5900,
NordDrive,ND-001329,2025-04-26,SKU-10003,Filtre a huile,24.0,OMG-LYO,2240,
NordDrive,ND-000529,2025-07-25,SKU-10010,Pare-chocs avant,6.0,OMG-LIL,290,
NordDrive,ND-000287,2025-06-05,SKU-10004,Filtre a air,23.0,OMG-MAR,1820,
NordDrive,ND-001392,2025-04-10,SKU-10006,Amortisseur avant,18.0,OMG-LIL,5430,
NordDrive,ND-000782,2025-10-31,SKU-10007,Courroie de distribution,21.0,OMG-MAR,7140,
NordDrive,ND-000774,2026-04-09,SKU-10010,Pare-chocs avant,10.0,OMG-MAR,290,
NordDrive,ND-001043,2025-06-03,SKU-10007,Courroie de distribution,28.0,OMG-LIL,7140,
NordDrive,ND-000290,2026-05-18,SKU-10005,Bougie d'allumage,6.0,OMG-MAR,5900,
NordDrive,ND-001158,2025-06-20,SKU-10010,Pare-chocs avant,34.0,OMG-LYO,290,
NordDrive,ND-001101,2026-05-16,SKU-10001,Plaquette de frein,15.0,OMG-LYO,5130,
NordDrive,ND-000595,2026-07-29,SKU-10009,Retroviseur,23.0,OMG-LYO,3400,
NordDrive,ND-000797,2025-09-11,SKU-10005,Bougie d'allumage,2.0,OMG-MAR,5900,
NordDrive,ND-000429,2025-06-05,SKU-10008,Batterie 12V,8.0,OMG-LIL,740,
NordDrive,ND-001177,2025-01-18,SKU-10007,Courroie de distribution,4.0,OMG-LYO,7140,
NordDrive,ND-000392,2026-03-20,SKU-10007,Courroie de distribution,17.0,OMG-LIL,7140,
NordDrive,ND-000750,2026-07-10,SKU-10001,Plaquette de frein,24.0,OMG-MAR,5130,
NordDrive,ND-001074,2025-07-16,SKU-10008,Batterie 12V,21.0,OMG-LIL,740,
NordDrive,ND-001230,2025-09-14,SKU-10010,Pare-chocs avant,15.0,OMG-LIL,290,
NordDrive,ND-001052,2026-01-22,SKU-10002,Disque de frein,15.0,OMG-MAR,250,
NordDrive,ND-000043,2025-01-20,SKU-10004,Filtre a air,5.0,OMG-MAR,1820,
NordDrive,ND-001325,2025-05-10,SKU-10004,Filtre a air,37.0,OMG-LYO,1820,
NordDrive,ND-000210,2025-09-30,SKU-10006,Amortisseur avant,19.0,OMG-MAR,5430,
NordDrive,ND-000229,2026-07-09,SKU-10004,Filtre a air,21.0,OMG-MAR,1820,
NordDrive,ND-000078,2026-05-18,SKU-10002,Disque de frein,19.0,OMG-MAR,250,
NordDrive,ND-000950,2026-02-16,SKU-10006,Amortisseur avant,29.0,OMG-MAR,5430,
NordDrive,ND-000552,2025-09-16,SKU-10006,Amortisseur avant,39.0,OMG-LYO,5430,
NordDrive,ND-000381,2025-05-29,SKU-10001,Plaquette de frein,24.0,OMG-LIL,5130,
NordDrive,ND-001375,2026-07-30,SKU-10009,Retroviseur,9.0,OMG-LIL,3400,
NordDrive,ND-001279,2025-01-06,SKU-10009,Retroviseur,13.0,OMG-LYO,3400,
NordDrive,ND-001246,2025-10-15,SKU-10001,Plaquette de frein,36.0,OMG-LIL,5130,
NordDrive,ND-000746,2025-09-17,SKU-10001,Plaquette de frein,39.0,OMG-MAR,5130,
NordDrive,ND-000820,2026-06-13,SKU-10008,Batterie 12V,19.0,OMG-LIL,740,
NordDrive,ND-000208,2025-07-24,SKU-10008,Batterie 12V,8.0,OMG-LIL,740,
NordDrive,ND-001279,2025-01-06,SKU-10002,Disque de frein,25.0,OMG-LYO,250,
NordDrive,ND-000893,2026-02-20,SKU-10004,Filtre a air,19.0,OMG-LIL,1820,
NordDrive,ND-000603,2026-04-09,SKU-10005,Bougie d'allumage,4.0,OMG-LYO,5900,
NordDrive,ND-000268,2025-10-14,SKU-10006,Amortisseur avant,32.0,OMG-LIL,5430,
NordDrive,ND-000608,2026-03-09,SKU-10008,Batterie 12V,18.0,OMG-MAR,740,
NordDrive,ND-000708,2025-08-01,SKU-10002,Disque de frein,8.0,OMG-LYO,250,
NordDrive,ND-000406,2026-04-15,SKU-10003,Filtre a huile,25.0,OMG-MAR,2240,
NordDrive,ND-000424,2025-08-06,SKU-10003,Filtre a huile,37.0,OMG-LYO,2240,
NordDrive,ND-000049,2025-04-03,SKU-10008,Batterie 12V,18.0,OMG-LIL,740,
NordDrive,ND-001172,2026-01-14,SKU-10010,Pare-chocs avant,33.0,OMG-LIL,290,
NordDrive,ND-001250,2026-07-12,SKU-10003,Filtre a huile,26.0,OMG-LIL,2240,
NordDrive,ND-001349,2026-01-30,SKU-10004,Filtre a air,22.0,OMG-LYO,1820,
NordDrive,ND-000881,2026-03-20,SKU-10002,Disque de frein,8.0,OMG-LIL,250,
NordDrive,ND-000663,2026-07-24,SKU-10004,Filtre a air,35.0,OMG-LYO,1820,
NordDrive,ND-000852,2025-04-09,SKU-10001,Plaquette de frein,21.0,OMG-LYO,5130,
NordDrive,ND-001158,2025-06-20,SKU-10004,Filtre a air,3.0,OMG-LYO,1820,
NordDrive,ND-000691,2025-06-20,SKU-10003,Filtre a huile,39.0,OMG-LIL,2240,
NordDrive,ND-000125,2025-10-13,SKU-10008,Batterie 12V,34.0,OMG-MAR,740,
NordDrive,ND-001037,2025-10-03,SKU-10002,Disque de frein,12.0,OMG-LIL,250,
NordDrive,ND-000297,2026-04-26,SKU-10009,Retroviseur,14.0,OMG-MAR,3400,
NordDrive,ND-000844,2025-08-20,SKU-10004,Filtre a air,4.0,OMG-MAR,1820,
NordDrive,ND-000366,2025-04-16,SKU-10005,Bougie d'allumage,1.0,OMG-MAR,5900,
NordDrive,ND-001230,2025-09-14,SKU-10008,Batterie 12V,36.0,OMG-LIL,740,
NordDrive,ND-000751,2025-12-24,SKU-10004,Filtre a air,15.0,OMG-LIL,1820,
NordDrive,ND-000700,2025-09-10,SKU-10002,Disque de frein,34.0,OMG-LYO,250,
NordDrive,ND-001260,2025-08-30,SKU-10009,Retroviseur,37.0,OMG-LYO,3400,
NordDrive,ND-000518,2026-07-18,SKU-10007,Courroie de distribution,23.0,OMG-LIL,7140,
NordDrive,ND-001012,2025-04-02,SKU-10002,Disque de frein,39.0,OMG-MAR,250,
NordDrive,ND-000113,2025-09-05,SKU-10001,Plaquette de frein,19.0,OMG-LYO,5130,
NordDrive,ND-001133,2026-05-28,SKU-10008,Batterie 12V,5.0,OMG-LIL,740,
NordDrive,ND-001038,2025-07-20,SKU-10002,Disque de frein,11.0,OMG-MAR,250,
NordDrive,ND-001369,2026-03-12,SKU-10003,Filtre a huile,11.0,OMG-LYO,2240,
NordDrive,ND-000612,2026-06-13,SKU-10004,Filtre a air,6.0,OMG-LIL,1820,
NordDrive,ND-000907,2025-09-30,SKU-10006,Amortisseur avant,1.0,OMG-LYO,5430,
NordDrive,ND-001052,2026-01-22,SKU-10001,Plaquette de frein,25.0,OMG-MAR,5130,
NordDrive,ND-000296,2025-12-12,SKU-10001,Plaquette de frein,7.0,OMG-LIL,5130,
NordDrive,ND-001131,2026-01-21,SKU-10008,Batterie 12V,3.0,OMG-LIL,740,
NordDrive,ND-000946,2025-11-18,SKU-10010,Pare-chocs avant,21.0,OMG-LYO,290,
NordDrive,ND-000450,2026-06-29,SKU-10006,Amortisseur avant,6.0,OMG-LIL,5430,
NordDrive,ND-000770,2025-12-01,SKU-10001,Plaquette de frein,14.0,OMG-LIL,5130,
NordDrive,ND-000896,2026-01-27,SKU-10010,Pare-chocs avant,26.0,OMG-LYO,290,
NordDrive,ND-000840,2025-12-16,SKU-10009,Retroviseur,13.0,OMG-MAR,3400,
NordDrive,ND-001043,2025-06-03,SKU-10008,Batterie 12V,2.0,OMG-LIL,740,
NordDrive,ND-000064,2026-04-18,SKU-10001,Plaquette de frein,36.0,OMG-MAR,5130,
NordDrive,ND-000414,2026-01-19,SKU-10004,Filtre a air,36.0,OMG-MAR,1820,
NordDrive,ND-000900,2025-04-20,SKU-10008,Batterie 12V,17.0,OMG-LYO,740,
NordDrive,ND-000052,2025-08-24,SKU-10002,Disque de frein,36.0,OMG-MAR,250,
NordDrive,ND-001211,2025-01-04,SKU-10001,Plaquette de frein,31.0,OMG-MAR,5130,
NordDrive,ND-000187,2025-12-01,SKU-10009,Retroviseur,27.0,OMG-LYO,3400,
NordDrive,ND-001012,2025-04-02,SKU-10008,Batterie 12V,15.0,OMG-MAR,740,
NordDrive,ND-001264,2025-01-14,SKU-10001,Plaquette de frein,34.0,OMG-LIL,5130,
NordDrive,ND-000216,2026-05-01,SKU-10007,Courroie de distribution,6.0,OMG-LIL,7140,
NordDrive,ND-001314,2025-01-31,SKU-10002,Disque de frein,16.0,OMG-LYO,250,
NordDrive,ND-000215,2025-12-09,SKU-10006,Amortisseur avant,17.0,OMG-LYO,5430,
NordDrive,ND-000764,2025-09-01,SKU-10005,Bougie d'allumage,37.0,OMG-LIL,5900,
NordDrive,ND-000488,2026-07-06,SKU-10002,Disque de frein,26.0,OMG-LIL,250,
NordDrive,ND-001325,2025-05-10,SKU-10009,Retroviseur,14.0,OMG-LYO,3400,
NordDrive,ND-001196,2025-12-15,SKU-10007,Courroie de distribution,4.0,OMG-LYO,7140,
NordDrive,ND-001291,2025-06-27,SKU-10007,Courroie de distribution,26.0,OMG-LIL,7140,
NordDrive,ND-000699,2026-04-01,SKU-10008,Batterie 12V,28.0,OMG-LYO,740,
NordDrive,ND-000825,2025-12-10,SKU-10001,Plaquette de frein,36.0,OMG-MAR,5130,
NordDrive,ND-001131,2026-01-21,SKU-10006,Amortisseur avant,35.0,OMG-LIL,5430,
NordDrive,ND-000838,2025-03-24,SKU-10006,Amortisseur avant,15.0,OMG-MAR,5430,
NordDrive,ND-000654,2026-02-11,SKU-10007,Courroie de distribution,20.0,OMG-MAR,7140,
NordDrive,ND-000826,2025-03-10,SKU-10010,Pare-chocs avant,33.0,OMG-LIL,290,
NordDrive,ND-001309,2026-01-05,SKU-10006,Amortisseur avant,,OMG-LIL,5430,
NordDrive,ND-000982,2025-07-10,SKU-10005,Bougie d'allumage,,OMG-LIL,5900,
NordDrive,ND-001289,2025-01-11,SKU-10008,Batterie 12V,38.0,OMG-LYO,740,
NordDrive,ND-000489,2025-03-29,SKU-10009,Retroviseur,,OMG-LIL,3400,
NordDrive,ND-001164,2026-05-13,SKU-10002,Disque de frein,25.0,OMG-LYO,250,
NordDrive,ND-000608,2026-03-09,SKU-10006,Amortisseur avant,17.0,OMG-MAR,5430,
NordDrive,ND-000181,2025-12-04,SKU-10004,Filtre a air,14.0,OMG-LIL,1820,
NordDrive,ND-001280,2026-06-04,SKU-10001,Plaquette de frein,40.0,OMG-LYO,5130,
NordDrive,ND-000183,2025-04-22,SKU-10007,Courroie de distribution,35.0,OMG-MAR,7140,
NordDrive,ND-001108,2025-01-10,SKU-10006,Amortisseur avant,14.0,OMG-LIL,5430,
NordDrive,ND-001343,2026-02-17,SKU-10006,Amortisseur avant,21.0,OMG-LIL,5430,
NordDrive,ND-000946,2025-11-18,SKU-10002,Disque de frein,15.0,OMG-LYO,250,
NordDrive,ND-001262,2025-05-03,SKU-10006,Amortisseur avant,27.0,OMG-MAR,5430,
NordDrive,ND-001120,2025-06-26,SKU-10009,Retroviseur,26.0,OMG-MAR,3400,
NordDrive,ND-000261,2025-02-03,SKU-10004,Filtre a air,10.0,OMG-LYO,1820,
NordDrive,ND-000036,2025-12-21,SKU-10008,Batterie 12V,40.0,OMG-LYO,740,
NordDrive,ND-000275,2026-07-19,SKU-10003,Filtre a huile,36.0,OMG-LIL,2240,
NordDrive,ND-000388,2025-10-13,SKU-10004,Filtre a air,17.0,OMG-LIL,1820,
NordDrive,ND-001007,2025-06-22,SKU-10010,Pare-chocs avant,10.0,OMG-MAR,290,
NordDrive,ND-001222,2026-05-27,SKU-10002,Disque de frein,37.0,OMG-LIL,250,
NordDrive,ND-000498,2025-10-08,SKU-10006,Amortisseur avant,1.0,OMG-MAR,5430,
NordDrive,ND-001187,2025-04-08,SKU-10005,Bougie d'allumage,22.0,OMG-LIL,5900,
NordDrive,ND-001345,2025-02-15,SKU-10006,Amortisseur avant,26.0,OMG-LYO,5430,
NordDrive,ND-000162,2025-01-18,SKU-10004,Filtre a air,16.0,OMG-LYO,1820,
NordDrive,ND-000457,2026-06-25,SKU-10007,Courroie de distribution,21.0,OMG-LYO,7140,
NordDrive,ND-001172,2026-01-14,SKU-10008,Batterie 12V,18.0,OMG-LIL,740,
NordDrive,ND-001169,2025-02-09,SKU-10006,Amortisseur avant,4.0,OMG-LIL,5430,
NordDrive,ND-000392,2026-03-20,SKU-10008,Batterie 12V,36.0,OMG-LIL,740,
NordDrive,ND-000163,2025-05-27,SKU-10001,Plaquette de frein,27.0,OMG-LIL,5130,
NordDrive,ND-001197,2026-07-24,SKU-10004,Filtre a air,35.0,OMG-MAR,1820,
NordDrive,ND-000992,2025-04-04,SKU-10004,Filtre a air,6.0,OMG-LYO,1820,
NordDrive,ND-000328,2026-06-16,SKU-10010,Pare-chocs avant,37.0,OMG-MAR,290,
NordDrive,ND-000870,2026-07-24,SKU-10006,Amortisseur avant,36.0,OMG-LIL,5430,
NordDrive,ND-001359,2025-02-09,SKU-10002,Disque de frein,27.0,OMG-LIL,250,
NordDrive,ND-000033,2025-08-11,SKU-10008,Batterie 12V,29.0,OMG-LIL,740,
NordDrive,ND-000775,2025-04-08,SKU-10002,Disque de frein,3.0,OMG-LIL,250,
NordDrive,ND-001304,2026-02-16,SKU-10002,Disque de frein,15.0,OMG-LIL,250,
NordDrive,ND-000870,2026-07-24,SKU-10006,Amortisseur avant,,OMG-LIL,5430,
NordDrive,ND-000284,2025-01-15,SKU-10004,Filtre a air,2.0,OMG-LIL,1820,
NordDrive,ND-000187,2025-12-01,SKU-10009,Retroviseur,6.0,OMG-LYO,3400,
NordDrive,ND-001266,2026-03-21,SKU-10004,Filtre a air,34.0,OMG-LIL,1820,
NordDrive,ND-000975,2025-06-30,SKU-10009,Retroviseur,31.0,OMG-LYO,3400,
NordDrive,ND-000840,2025-12-16,SKU-10005,Bougie d'allumage,15.0,OMG-MAR,5900,
NordDrive,ND-001345,2025-02-15,SKU-10007,Courroie de distribution,20.0,OMG-LYO,7140,
NordDrive,ND-000429,2025-06-05,SKU-10005,Bougie d'allumage,10.0,OMG-LIL,5900,
NordDrive,ND-000476,2025-07-02,SKU-10002,Disque de frein,21.0,OMG-LYO,250,
NordDrive,ND-000043,2025-01-20,SKU-10010,Pare-chocs avant,8.0,OMG-MAR,290,
NordDrive,ND-000497,2026-02-23,SKU-10009,Retroviseur,26.0,OMG-LYO,3400,
NordDrive,ND-001170,2025-08-17,SKU-10002,Disque de frein,23.0,OMG-MAR,250,
NordDrive,ND-000443,2026-05-14,SKU-10010,Pare-chocs avant,28.0,OMG-LYO,290,
NordDrive,ND-001376,2026-02-25,SKU-10007,Courroie de distribution,30.0,OMG-MAR,7140,
NordDrive,ND-001298,2026-05-26,SKU-10008,Batterie 12V,18.0,OMG-MAR,740,
NordDrive,ND-001241,2025-05-28,SKU-10008,Batterie 12V,35.0,OMG-MAR,740,
NordDrive,ND-000306,2026-06-05,SKU-10001,Plaquette de frein,19.0,OMG-LYO,5130,
NordDrive,ND-000038,2025-06-16,SKU-10001,Plaquette de frein,14.0,OMG-MAR,5130,
NordDrive,ND-001159,2025-07-18,SKU-10005,Bougie d'allumage,12.0,OMG-MAR,5900,
NordDrive,ND-000026,2025-06-13,SKU-10006,Amortisseur avant,36.0,OMG-LIL,5430,
NordDrive,ND-000509,2025-04-21,SKU-10003,Filtre a huile,14.0,OMG-MAR,2240,
NordDrive,ND-001097,2025-09-11,SKU-10001,Plaquette de frein,28.0,OMG-LYO,5130,
NordDrive,ND-001055,2025-10-23,SKU-10004,Filtre a air,12.0,OMG-LIL,1820,
NordDrive,ND-000306,2026-06-05,SKU-10003,Filtre a huile,19.0,OMG-LYO,2240,
NordDrive,ND-000438,2025-05-17,SKU-10007,Courroie de distribution,21.0,OMG-LIL,7140,
NordDrive,ND-001279,2025-01-06,SKU-10007,Courroie de distribution,25.0,OMG-LYO,7140,
NordDrive,ND-000366,2025-04-16,SKU-10009,Retroviseur,1.0,OMG-MAR,3400,
NordDrive,ND-001172,2026-01-14,SKU-10007,Courroie de distribution,22.0,OMG-LIL,7140,
NordDrive,ND-000932,2025-07-10,SKU-10008,Batterie 12V,11.0,OMG-MAR,740,
NordDrive,ND-000409,2026-02-22,SKU-10009,Retroviseur,25.0,OMG-MAR,3400,
NordDrive,ND-000739,2026-05-05,SKU-10008,Batterie 12V,6.0,OMG-MAR,740,
NordDrive,ND-000818,2025-03-11,SKU-10009,Retroviseur,12.0,OMG-MAR,3400,
NordDrive,ND-000860,2025-01-12,SKU-10002,Disque de frein,16.0,OMG-LYO,250,
NordDrive,ND-001099,2025-07-02,SKU-10006,Amortisseur avant,5.0,OMG-MAR,5430,
NordDrive,ND-000370,2026-01-19,SKU-10006,Amortisseur avant,30.0,OMG-LYO,5430,
NordDrive,ND-000373,2026-07-20,SKU-10009,Retroviseur,8.0,OMG-MAR,3400,
NordDrive,ND-000109,2025-03-20,SKU-10007,Courroie de distribution,10.0,OMG-LIL,7140,
NordDrive,ND-000775,2025-04-08,SKU-10003,Filtre a huile,39.0,OMG-LIL,2240,
NordDrive,ND-000489,2025-03-29,SKU-10009,Retroviseur,2.0,OMG-LIL,3400,
NordDrive,ND-000358,2025-04-05,SKU-10003,Filtre a huile,19.0,OMG-LIL,2240,
NordDrive,ND-000172,2026-04-15,SKU-10004,Filtre a air,36.0,OMG-MAR,1820,
NordDrive,ND-000706,2026-05-05,SKU-10006,Amortisseur avant,,OMG-LYO,5430,
NordDrive,ND-001116,2026-05-27,SKU-10006,Amortisseur avant,23.0,OMG-LIL,5430,
NordDrive,ND-001170,2025-08-17,SKU-10009,Retroviseur,31.0,OMG-MAR,3400,
NordDrive,ND-001170,2025-08-17,SKU-10005,Bougie d'allumage,33.0,OMG-MAR,5900,
NordDrive,ND-001335,2025-05-03,SKU-10007,Courroie de distribution,30.0,OMG-LYO,7140,
NordDrive,ND-000580,2025-08-15,SKU-10008,Batterie 12V,7.0,OMG-MAR,740,
NordDrive,ND-000971,2026-02-26,SKU-10010,Pare-chocs avant,28.0,OMG-LYO,290,
NordDrive,ND-001215,2025-07-16,SKU-10001,Plaquette de frein,5.0,OMG-MAR,5130,
NordDrive,ND-000647,2025-08-29,SKU-10009,Retroviseur,30.0,OMG-LYO,3400,
NordDrive,ND-000896,2026-01-27,SKU-10009,Retroviseur,39.0,OMG-LYO,3400,
NordDrive,ND-001007,2025-06-22,SKU-10006,Amortisseur avant,34.0,OMG-MAR,5430,
NordDrive,ND-000351,2025-07-13,SKU-10002,Disque de frein,6.0,OMG-LYO,250,
NordDrive,ND-001302,2025-10-02,SKU-10004,Filtre a air,9.0,OMG-LYO,1820,
NordDrive,ND-001204,2026-01-19,SKU-10007,Courroie de distribution,21.0,OMG-MAR,7140,
NordDrive,ND-000635,2025-06-20,SKU-10010,Pare-chocs avant,11.0,OMG-LYO,290,
NordDrive,ND-000328,2026-06-16,SKU-10003,Filtre a huile,29.0,OMG-MAR,2240,
NordDrive,ND-000699,2026-04-01,SKU-10008,Batterie 12V,,OMG-LYO,740,
NordDrive,ND-000078,2026-05-18,SKU-10006,Amortisseur avant,27.0,OMG-MAR,5430,
NordDrive,ND-001349,2026-01-30,SKU-10001,Plaquette de frein,30.0,OMG-LYO,5130,
NordDrive,ND-001105,2025-07-19,SKU-10008,Batterie 12V,2.0,OMG-MAR,740,
NordDrive,ND-000824,2025-06-04,SKU-10010,Pare-chocs avant,30.0,OMG-MAR,290,
NordDrive,ND-001031,2026-01-30,SKU-10006,Amortisseur avant,36.0,OMG-LYO,5430,
NordDrive,ND-000851,2026-02-21,SKU-10004,Filtre a air,4.0,OMG-LIL,1820,
NordDrive,ND-001221,2026-05-17,SKU-10009,Retroviseur,33.0,OMG-LYO,3400,
NordDrive,ND-000508,2026-01-08,SKU-10003,Filtre a huile,29.0,OMG-LYO,2240,
NordDrive,ND-000663,2026-07-24,SKU-10001,Plaquette de frein,16.0,OMG-LYO,5130,
NordDrive,ND-000042,2026-01-03,SKU-10010,Pare-chocs avant,8.0,OMG-LYO,290,
NordDrive,ND-000256,2026-03-21,SKU-10005,Bougie d'allumage,39.0,OMG-LIL,5900,
NordDrive,ND-001338,2026-06-15,SKU-10005,Bougie d'allumage,25.0,OMG-MAR,5900,
NordDrive,ND-001280,2026-06-04,SKU-10007,Courroie de distribution,34.0,OMG-LYO,7140,
NordDrive,ND-000580,2025-08-15,SKU-10002,Disque de frein,13.0,OMG-MAR,250,
NordDrive,ND-001122,2025-08-27,SKU-10001,Plaquette de frein,2.0,OMG-MAR,5130,
NordDrive,ND-000659,2025-08-23,SKU-10002,Disque de frein,35.0,OMG-LIL,250,
NordDrive,ND-000942,2026-07-17,SKU-10007,Courroie de distribution,33.0,OMG-MAR,7140,
NordDrive,ND-000689,2025-03-11,SKU-10003,Filtre a huile,21.0,OMG-LYO,2240,
NordDrive,ND-000427,2025-09-22,SKU-10009,Retroviseur,9.0,OMG-LYO,3400,
NordDrive,ND-000542,2026-01-01,SKU-10009,Retroviseur,5.0,OMG-LIL,3400,
NordDrive,ND-000085,2025-04-23,SKU-10002,Disque de frein,2.0,OMG-LIL,250,
NordDrive,ND-000316,2025-02-20,SKU-10007,Courroie de distribution,7.0,OMG-MAR,7140,
NordDrive,ND-001197,2026-07-24,SKU-10008,Batterie 12V,38.0,OMG-MAR,740,
NordDrive,ND-000840,2025-12-16,SKU-10004,Filtre a air,17.0,OMG-MAR,1820,
NordDrive,ND-000422,2026-06-17,SKU-10010,Pare-chocs avant,40.0,OMG-LYO,290,
NordDrive,ND-000413,2025-08-28,SKU-10002,Disque de frein,9.0,OMG-LIL,250,
NordDrive,ND-000661,2025-04-07,SKU-10004,Filtre a air,40.0,OMG-MAR,1820,
NordDrive,ND-000443,2026-05-14,SKU-10010,Pare-chocs avant,12.0,OMG-LYO,290,
NordDrive,ND-000112,2025-07-31,SKU-10003,Filtre a huile,28.0,OMG-LYO,2240,
NordDrive,ND-001336,2026-04-25,SKU-10003,Filtre a huile,22.0,OMG-LYO,2240,
NordDrive,ND-001122,2025-08-27,SKU-10005,Bougie d'allumage,14.0,OMG-MAR,5900,
NordDrive,ND-001110,2025-02-08,SKU-10001,Plaquette de frein,20.0,OMG-MAR,5130,
NordDrive,ND-001262,2025-05-03,SKU-10010,Pare-chocs avant,33.0,OMG-MAR,290,
NordDrive,ND-000199,2026-03-11,SKU-10007,Courroie de distribution,,OMG-LIL,7140,
NordDrive,ND-000220,2026-05-16,SKU-10010,Pare-chocs avant,33.0,OMG-LIL,290,
NordDrive,ND-001228,2026-05-15,SKU-10002,Disque de frein,17.0,OMG-LIL,250,
NordDrive,ND-000813,2025-06-08,SKU-10003,Filtre a huile,33.0,OMG-LYO,2240,
NordDrive,ND-000722,2025-02-01,SKU-10002,Disque de frein,27.0,OMG-LIL,250,
NordDrive,ND-000567,2025-02-05,SKU-10010,Pare-chocs avant,17.0,OMG-LIL,290,
NordDrive,ND-000418,2026-03-04,SKU-10009,Retroviseur,14.0,OMG-LIL,3400,
NordDrive,ND-001230,2025-09-14,SKU-10006,Amortisseur avant,23.0,OMG-LIL,5430,
NordDrive,ND-001126,2025-07-10,SKU-10008,Batterie 12V,25.0,OMG-LYO,740,
NordDrive,ND-000769,2026-07-30,SKU-10008,Batterie 12V,10.0,OMG-MAR,740,
NordDrive,ND-000578,2025-09-20,SKU-10004,Filtre a air,8.0,OMG-LYO,1820,
NordDrive,ND-000188,2026-03-11,SKU-10010,Pare-chocs avant,34.0,OMG-MAR,290,
NordDrive,ND-001204,2026-01-19,SKU-10006,Amortisseur avant,13.0,OMG-MAR,5430,
NordDrive,ND-001266,2026-03-21,SKU-10003,Filtre a huile,40.0,OMG-LIL,2240,
NordDrive,ND-000881,2026-03-20,SKU-10008,Batterie 12V,19.0,OMG-LIL,740,
NordDrive,ND-001132,2025-07-24,SKU-10008,Batterie 12V,26.0,OMG-LYO,740,
NordDrive,ND-000002,2025-10-23,SKU-10003,Filtre a huile,24.0,OMG-LYO,2240,
NordDrive,ND-000976,2026-05-30,SKU-10004,Filtre a air,17.0,OMG-MAR,1820,
NordDrive,ND-000739,2026-05-05,SKU-10004,Filtre a air,28.0,OMG-MAR,1820,
NordDrive,ND-001284,2025-06-30,SKU-10006,Amortisseur avant,23.0,OMG-LIL,5430,
NordDrive,ND-000420,2025-06-30,SKU-10001,Plaquette de frein,30.0,OMG-MAR,5130,
NordDrive,ND-000819,2026-03-27,SKU-10010,Pare-chocs avant,8.0,OMG-LYO,290,
NordDrive,ND-001078,2025-10-18,SKU-10010,Pare-chocs avant,5.0,OMG-LYO,290,
NordDrive,ND-000758,2025-07-29,SKU-10005,Bougie d'allumage,1.0,OMG-LYO,5900,
NordDrive,ND-001234,2025-06-14,SKU-10005,Bougie d'allumage,34.0,OMG-LYO,5900,
NordDrive,ND-000728,2026-01-02,SKU-10002,Disque de frein,7.0,OMG-LIL,250,
NordDrive,ND-000951,2026-03-09,SKU-10003,Filtre a huile,25.0,OMG-LIL,2240,
NordDrive,ND-000439,2026-05-29,SKU-10005,Bougie d'allumage,37.0,OMG-LYO,5900,
NordDrive,ND-001185,2026-04-17,SKU-10008,Batterie 12V,29.0,OMG-LIL,740,
NordDrive,ND-000322,2026-06-06,SKU-10009,Retroviseur,30.0,OMG-LYO,3400,
NordDrive,ND-000256,2026-03-21,SKU-10006,Amortisseur avant,1.0,OMG-LIL,5430,
NordDrive,ND-000758,2025-07-29,SKU-10006,Amortisseur avant,6.0,OMG-LYO,5430,
NordDrive,ND-000328,2026-06-16,SKU-10003,Filtre a huile,12.0,OMG-MAR,2240,
NordDrive,ND-000056,2026-05-01,SKU-10007,Courroie de distribution,8.0,OMG-LIL,7140,
NordDrive,ND-000152,2025-08-13,SKU-10005,Bougie d'allumage,37.0,OMG-MAR,5900,
NordDrive,ND-000487,2026-01-07,SKU-10006,Amortisseur avant,23.0,OMG-MAR,5430,
NordDrive,ND-000339,2026-04-10,SKU-10001,Plaquette de frein,1.0,OMG-LIL,5130,
NordDrive,ND-000183,2025-04-22,SKU-10002,Disque de frein,20.0,OMG-MAR,250,
NordDrive,ND-000806,2025-01-11,SKU-10007,Courroie de distribution,13.0,OMG-LYO,7140,
NordDrive,ND-000669,2025-01-04,SKU-10007,Courroie de distribution,24.0,OMG-LYO,7140,
NordDrive,ND-000888,2025-11-22,SKU-10008,Batterie 12V,21.0,OMG-LIL,740,
NordDrive,ND-001382,2025-01-20,SKU-10005,Bougie d'allumage,25.0,OMG-LYO,5900,
NordDrive,ND-000630,2025-03-20,SKU-10006,Amortisseur avant,14.0,OMG-LIL,5430,
NordDrive,ND-000664,2026-05-05,SKU-10001,Plaquette de frein,10.0,OMG-LIL,5130,
NordDrive,ND-000101,2025-08-29,SKU-10002,Disque de frein,33.0,OMG-LIL,250,
NordDrive,ND-000033,2025-08-11,SKU-10010,Pare-chocs avant,21.0,OMG-LIL,290,
NordDrive,ND-001224,2025-03-26,SKU-10005,Bougie d'allumage,18.0,OMG-LYO,5900,
NordDrive,ND-000091,2026-07-28,SKU-10009,Retroviseur,4.0,OMG-MAR,3400,
NordDrive,ND-000287,2025-06-05,SKU-10004,Filtre a air,31.0,OMG-MAR,1820,
NordDrive,ND-001359,2025-02-09,SKU-10001,Plaquette de frein,11.0,OMG-LIL,5130,
NordDrive,ND-000976,2026-05-30,SKU-10006,Amortisseur avant,10.0,OMG-MAR,5430,
NordDrive,ND-000739,2026-05-05,SKU-10003,Filtre a huile,29.0,OMG-MAR,2240,
NordDrive,ND-000782,2025-10-31,SKU-10009,Retroviseur,11.0,OMG-MAR,3400,
NordDrive,ND-000844,2025-08-20,SKU-10010,Pare-chocs avant,35.0,OMG-MAR,290,
NordDrive,ND-000424,2025-08-06,SKU-10007,Courroie de distribution,35.0,OMG-LYO,7140,
NordDrive,ND-000753,2025-12-31,SKU-10007,Courroie de distribution,22.0,OMG-LYO,7140,
NordDrive,ND-001052,2026-01-22,SKU-10003,Filtre a huile,6.0,OMG-MAR,2240,
NordDrive,ND-000664,2026-05-05,SKU-10002,Disque de frein,13.0,OMG-LIL,250,
NordDrive,ND-000722,2025-02-01,SKU-10008,Batterie 12V,18.0,OMG-LIL,740,
NordDrive,ND-001185,2026-04-17,SKU-10006,Amortisseur avant,11.0,OMG-LIL,5430,
NordDrive,ND-000108,2026-06-30,SKU-10002,Disque de frein,28.0,OMG-MAR,250,
NordDrive,ND-000992,2025-04-04,SKU-10009,Retroviseur,24.0,OMG-LYO,3400,
NordDrive,ND-000274,2026-01-22,SKU-10007,Courroie de distribution,26.0,OMG-MAR,7140,
NordDrive,ND-000392,2026-03-20,SKU-10003,Filtre a huile,9.0,OMG-LIL,2240,
NordDrive,ND-000173,2025-12-31,SKU-10001,Plaquette de frein,37.0,OMG-MAR,5130,
NordDrive,ND-000296,2025-12-12,SKU-10002,Disque de frein,32.0,OMG-LIL,250,
NordDrive,ND-000917,2025-08-04,SKU-10006,Amortisseur avant,21.0,OMG-MAR,5430,
NordDrive,ND-001159,2025-07-18,SKU-10004,Filtre a air,,OMG-MAR,1820,
NordDrive,ND-001256,2026-07-07,SKU-10004,Filtre a air,38.0,OMG-LYO,1820,
NordDrive,ND-000251,2026-04-13,SKU-10006,Amortisseur avant,21.0,OMG-LYO,5430,
NordDrive,ND-000360,2025-06-27,SKU-10008,Batterie 12V,24.0,OMG-LIL,740,
NordDrive,ND-000545,2026-04-06,SKU-10004,Filtre a air,6.0,OMG-MAR,1820,
NordDrive,ND-000247,2026-06-29,SKU-10010,Pare-chocs avant,13.0,OMG-MAR,290,
NordDrive,ND-001224,2025-03-26,SKU-10007,Courroie de distribution,39.0,OMG-LYO,7140,
NordDrive,ND-001177,2025-01-18,SKU-10006,Amortisseur avant,33.0,OMG-LYO,5430,
NordDrive,ND-001066,2025-11-09,SKU-10006,Amortisseur avant,30.0,OMG-MAR,5430,
NordDrive,ND-001081,2025-04-22,SKU-10002,Disque de frein,13.0,OMG-LIL,250,
NordDrive,ND-001165,2025-08-12,SKU-10009,Retroviseur,26.0,OMG-LYO,3400,
NordDrive,ND-000476,2025-07-02,SKU-10007,Courroie de distribution,13.0,OMG-LYO,7140,
NordDrive,ND-000991,2025-12-07,SKU-10002,Disque de frein,6.0,OMG-LIL,250,
NordDrive,ND-001341,2025-10-06,SKU-10004,Filtre a air,2.0,OMG-LIL,1820,
NordDrive,ND-001026,2025-03-22,SKU-10004,Filtre a air,29.0,OMG-LIL,1820,
NordDrive,ND-000725,2026-06-29,SKU-10002,Disque de frein,33.0,OMG-LIL,250,
NordDrive,ND-001259,2026-06-19,SKU-10008,Batterie 12V,17.0,OMG-LYO,740,
NordDrive,ND-000109,2025-03-20,SKU-10003,Filtre a huile,12.0,OMG-LIL,2240,
NordDrive,ND-000487,2026-01-07,SKU-10007,Courroie de distribution,18.0,OMG-MAR,7140,
NordDrive,ND-000334,2025-11-11,SKU-10008,Batterie 12V,31.0,OMG-MAR,740,
NordDrive,ND-000388,2025-10-13,SKU-10005,Bougie d'allumage,6.0,OMG-LIL,5900,
NordDrive,ND-001301,2026-06-07,SKU-10009,Retroviseur,,OMG-LYO,3400,
NordDrive,ND-001074,2025-07-16,SKU-10009,Retroviseur,2.0,OMG-LIL,3400,
NordDrive,ND-000042,2026-01-03,SKU-10004,Filtre a air,30.0,OMG-LYO,1820,
NordDrive,ND-000580,2025-08-15,SKU-10003,Filtre a huile,24.0,OMG-MAR,2240,
NordDrive,ND-000842,2025-10-07,SKU-10006,Amortisseur avant,12.0,OMG-LYO,5430,
NordDrive,ND-000608,2026-03-09,SKU-10009,Retroviseur,21.0,OMG-MAR,3400,
NordDrive,ND-001165,2025-08-12,SKU-10007,Courroie de distribution,36.0,OMG-LYO,7140,
NordDrive,ND-000488,2026-07-06,SKU-10002,Disque de frein,13.0,OMG-LIL,250,
NordDrive,ND-000647,2025-08-29,SKU-10010,Pare-chocs avant,20.0,OMG-LYO,290,
NordDrive,ND-001333,2025-08-24,SKU-10009,Retroviseur,13.0,OMG-LYO,3400,
NordDrive,ND-000567,2025-02-05,SKU-10006,Amortisseur avant,38.0,OMG-LIL,5430,
NordDrive,ND-001280,2026-06-04,SKU-10001,Plaquette de frein,5.0,OMG-LYO,5130,
NordDrive,ND-001189,2025-01-25,SKU-10008,Batterie 12V,30.0,OMG-LYO,740,
NordDrive,ND-001215,2025-07-16,SKU-10004,Filtre a air,16.0,OMG-MAR,1820,
NordDrive,ND-001298,2026-05-26,SKU-10008,Batterie 12V,32.0,OMG-MAR,740,
NordDrive,ND-000282,2026-06-23,SKU-10003,Filtre a huile,7.0,OMG-LYO,2240,
NordDrive,ND-000669,2025-01-04,SKU-10005,Bougie d'allumage,38.0,OMG-LYO,5900,
NordDrive,ND-000199,2026-03-11,SKU-10001,Plaquette de frein,40.0,OMG-LIL,5130,
NordDrive,ND-000560,2025-12-24,SKU-10010,Pare-chocs avant,29.0,OMG-LYO,290,
NordDrive,ND-001392,2025-04-10,SKU-10001,Plaquette de frein,3.0,OMG-LIL,5130,
NordDrive,ND-000478,2025-12-20,SKU-10004,Filtre a air,23.0,OMG-MAR,1820,
NordDrive,ND-000657,2026-02-03,SKU-10004,Filtre a air,35.0,OMG-LIL,1820,
NordDrive,ND-000578,2025-09-20,SKU-10008,Batterie 12V,17.0,OMG-LYO,740,
NordDrive,ND-000727,2025-03-27,SKU-10004,Filtre a air,21.0,OMG-LIL,1820,
NordDrive,ND-000662,2026-04-10,SKU-10006,Amortisseur avant,9.0,OMG-MAR,5430,
NordDrive,ND-000542,2026-01-01,SKU-10007,Courroie de distribution,7.0,OMG-LIL,7140,
NordDrive,ND-000609,2025-09-07,SKU-10001,Plaquette de frein,9.0,OMG-MAR,5130,
NordDrive,ND-000844,2025-08-20,SKU-10004,Filtre a air,19.0,OMG-MAR,1820,
NordDrive,ND-000644,2026-03-19,SKU-10002,Disque de frein,11.0,OMG-LIL,250,
NordDrive,ND-001309,2026-01-05,SKU-10001,Plaquette de frein,40.0,OMG-LIL,5130,
NordDrive,ND-000820,2026-06-13,SKU-10010,Pare-chocs avant,36.0,OMG-LIL,290,
NordDrive,ND-001228,2026-05-15,SKU-10006,Amortisseur avant,16.0,OMG-LIL,5430,
NordDrive,ND-000733,2026-01-31,SKU-10003,Filtre a huile,37.0,OMG-LIL,2240,
NordDrive,ND-001159,2025-07-18,SKU-10003,Filtre a huile,28.0,OMG-MAR,2240,
NordDrive,ND-001138,2025-11-12,SKU-10007,Courroie de distribution,29.0,OMG-LIL,7140,
NordDrive,ND-001068,2025-10-05,SKU-10004,Filtre a air,20.0,OMG-LIL,1820,
NordDrive,ND-000652,2025-04-17,SKU-10009,Retroviseur,16.0,OMG-MAR,3400,
NordDrive,ND-001230,2025-09-14,SKU-10001,Plaquette de frein,28.0,OMG-LIL,5130,
NordDrive,ND-000699,2026-04-01,SKU-10002,Disque de frein,38.0,OMG-LYO,250,
NordDrive,ND-000210,2025-09-30,SKU-10005,Bougie d'allumage,37.0,OMG-MAR,5900,
NordDrive,ND-000509,2025-04-21,SKU-10007,Courroie de distribution,8.0,OMG-MAR,7140,
NordDrive,ND-000662,2026-04-10,SKU-10001,Plaquette de frein,34.0,OMG-MAR,5130,
NordDrive,ND-001271,2025-10-12,SKU-10002,Disque de frein,19.0,OMG-MAR,250,
NordDrive,ND-000450,2026-06-29,SKU-10009,Retroviseur,3.0,OMG-LIL,3400,
NordDrive,ND-000844,2025-08-20,SKU-10006,Amortisseur avant,2.0,OMG-MAR,5430,
NordDrive,ND-001385,2025-05-24,SKU-10002,Disque de frein,26.0,OMG-MAR,250,
NordDrive,ND-000366,2025-04-16,SKU-10007,Courroie de distribution,19.0,OMG-MAR,7140,
NordDrive,ND-001078,2025-10-18,SKU-10003,Filtre a huile,38.0,OMG-LYO,2240,
NordDrive,ND-000370,2026-01-19,SKU-10005,Bougie d'allumage,32.0,OMG-LYO,5900,
NordDrive,ND-000754,2025-11-26,SKU-10009,Retroviseur,17.0,OMG-LIL,3400,
NordDrive,ND-000781,2025-04-30,SKU-10006,Amortisseur avant,11.0,OMG-LYO,5430,
NordDrive,ND-000405,2026-04-21,SKU-10002,Disque de frein,31.0,OMG-LYO,250,
NordDrive,ND-000016,2025-05-10,SKU-10001,Plaquette de frein,11.0,OMG-LYO,5130,
NordDrive,ND-000971,2026-02-26,SKU-10002,Disque de frein,29.0,OMG-LYO,250,
NordDrive,ND-001200,2025-08-29,SKU-10001,Plaquette de frein,16.0,OMG-LIL,5130,
NordDrive,ND-000784,2025-01-20,SKU-10003,Filtre a huile,2.0,OMG-LYO,2240,
NordDrive,ND-000112,2025-07-31,SKU-10001,Plaquette de frein,27.0,OMG-LYO,5130,
NordDrive,ND-000443,2026-05-14,SKU-10007,Courroie de distribution,36.0,OMG-LYO,7140,
NordDrive,ND-000487,2026-01-07,SKU-10004,Filtre a air,15.0,OMG-MAR,1820,
NordDrive,ND-000804,2026-01-07,SKU-10006,Amortisseur avant,31.0,OMG-MAR,5430,
NordDrive,ND-001158,2025-06-20,SKU-10001,Plaquette de frein,15.0,OMG-LYO,5130,
NordDrive,ND-000323,2026-03-27,SKU-10004,Filtre a air,7.0,OMG-MAR,1820,
NordDrive,ND-000764,2025-09-01,SKU-10003,Filtre a huile,5.0,OMG-LIL,2240,
NordDrive,ND-001157,2026-03-21,SKU-10001,Plaquette de frein,32.0,OMG-LIL,5130,
NordDrive,ND-001264,2025-01-14,SKU-10004,Filtre a air,24.0,OMG-LIL,1820,
NordDrive,ND-000267,2025-05-04,SKU-10007,Courroie de distribution,9.0,OMG-MAR,7140,
NordDrive,ND-000210,2025-09-30,SKU-10005,Bougie d'allumage,33.0,OMG-MAR,5900,
NordDrive,ND-000900,2025-04-20,SKU-10007,Courroie de distribution,20.0,OMG-LYO,7140,
NordDrive,ND-000971,2026-02-26,SKU-10008,Batterie 12V,20.0,OMG-LYO,740,
NordDrive,ND-000414,2026-01-19,SKU-10010,Pare-chocs avant,1.0,OMG-MAR,290,
NordDrive,ND-001234,2025-06-14,SKU-10002,Disque de frein,28.0,OMG-LYO,250,
NordDrive,ND-001382,2025-01-20,SKU-10003,Filtre a huile,4.0,OMG-LYO,2240,
NordDrive,ND-001152,2026-04-19,SKU-10002,Disque de frein,1.0,OMG-LIL,250,
NordDrive,ND-001309,2026-01-05,SKU-10002,Disque de frein,16.0,OMG-LIL,250,
NordDrive,ND-000809,2026-05-30,SKU-10009,Retroviseur,,OMG-LIL,3400,
NordDrive,ND-001189,2025-01-25,SKU-10007,Courroie de distribution,12.0,OMG-LYO,7140,
NordDrive,ND-000091,2026-07-28,SKU-10010,Pare-chocs avant,36.0,OMG-MAR,290,
NordDrive,ND-000433,2026-06-27,SKU-10004,Filtre a air,10.0,OMG-LYO,1820,
NordDrive,ND-000976,2026-05-30,SKU-10008,Batterie 12V,39.0,OMG-MAR,740,
NordDrive,ND-000477,2026-01-01,SKU-10007,Courroie de distribution,10.0,OMG-LYO,7140,
NordDrive,ND-000699,2026-04-01,SKU-10003,Filtre a huile,25.0,OMG-LYO,2240,
NordDrive,ND-000756,2025-12-30,SKU-10007,Courroie de distribution,13.0,OMG-MAR,7140,
NordDrive,ND-000529,2025-07-25,SKU-10005,Bougie d'allumage,5.0,OMG-LIL,5900,
NordDrive,ND-000839,2025-10-18,SKU-10003,Filtre a huile,21.0,OMG-LIL,2240,
NordDrive,ND-000048,2026-06-22,SKU-10006,Amortisseur avant,28.0,OMG-LIL,5430,
NordDrive,ND-000085,2025-04-23,SKU-10005,Bougie d'allumage,12.0,OMG-LIL,5900,
NordDrive,ND-000727,2025-03-27,SKU-10001,Plaquette de frein,12.0,OMG-LIL,5130,
NordDrive,ND-000560,2025-12-24,SKU-10006,Amortisseur avant,3.0,OMG-LYO,5430,
NordDrive,ND-000085,2025-04-23,SKU-10003,Filtre a huile,1.0,OMG-LIL,2240,
NordDrive,ND-001369,2026-03-12,SKU-10005,Bougie d'allumage,35.0,OMG-LYO,5900,
NordDrive,ND-000753,2025-12-31,SKU-10005,Bougie d'allumage,31.0,OMG-LYO,5900,
NordDrive,ND-000438,2025-05-17,SKU-10008,Batterie 12V,4.0,OMG-LIL,740,
NordDrive,ND-000854,2025-07-27,SKU-10007,Courroie de distribution,40.0,OMG-MAR,7140,
NordDrive,ND-000225,2026-04-21,SKU-10001,Plaquette de frein,9.0,OMG-LIL,5130,
NordDrive,ND-001298,2026-05-26,SKU-10007,Courroie de distribution,5.0,OMG-MAR,7140,
NordDrive,ND-000932,2025-07-10,SKU-10007,Courroie de distribution,14.0,OMG-MAR,7140,
NordDrive,ND-000932,2025-07-10,SKU-10006,Amortisseur avant,1.0,OMG-MAR,5430,
NordDrive,ND-001163,2025-04-15,SKU-10003,Filtre a huile,9.0,OMG-LIL,2240,
NordDrive,ND-000661,2025-04-07,SKU-10003,Filtre a huile,24.0,OMG-MAR,2240,
NordDrive,ND-000826,2025-03-10,SKU-10010,Pare-chocs avant,19.0,OMG-LIL,290,
NordDrive,ND-000892,2025-03-27,SKU-10002,Disque de frein,22.0,OMG-MAR,250,
NordDrive,ND-001341,2025-10-06,SKU-10005,Bougie d'allumage,5.0,OMG-LIL,5900,
NordDrive,ND-000689,2025-03-11,SKU-10010,Pare-chocs avant,24.0,OMG-LYO,290,
NordDrive,ND-000676,2025-05-25,SKU-10009,Retroviseur,8.0,OMG-LIL,3400,
NordDrive,ND-000824,2025-06-04,SKU-10002,Disque de frein,20.0,OMG-MAR,250,
NordDrive,ND-000966,2026-02-12,SKU-10007,Courroie de distribution,7.0,OMG-MAR,7140,
NordDrive,ND-001146,2026-01-12,SKU-10008,Batterie 12V,35.0,OMG-LIL,740,
NordDrive,ND-000854,2025-07-27,SKU-10002,Disque de frein,14.0,OMG-MAR,250,
NordDrive,ND-000327,2025-07-22,SKU-10008,Batterie 12V,33.0,OMG-MAR,740,
NordDrive,ND-000001,2025-12-23,SKU-10006,Amortisseur avant,37.0,OMG-MAR,5430,
NordDrive,ND-000112,2025-07-31,SKU-10001,Plaquette de frein,26.0,OMG-LYO,5130,
NordDrive,ND-000014,2025-11-09,SKU-10004,Filtre a air,13.0,OMG-LYO,1820,
NordDrive,ND-000998,2025-10-20,SKU-10003,Filtre a huile,11.0,OMG-MAR,2240,
NordDrive,ND-000646,2026-02-07,SKU-10003,Filtre a huile,35.0,OMG-LIL,2240,
NordDrive,ND-000939,2025-12-24,SKU-10009,Retroviseur,18.0,OMG-LIL,3400,
NordDrive,ND-001274,2025-12-10,SKU-10005,Bougie d'allumage,36.0,OMG-MAR,5900,
NordDrive,ND-001146,2026-01-12,SKU-10002,Disque de frein,25.0,OMG-LIL,250,
NordDrive,ND-000646,2026-02-07,SKU-10007,Courroie de distribution,26.0,OMG-LIL,7140,
NordDrive,ND-000609,2025-09-07,SKU-10001,Plaquette de frein,39.0,OMG-MAR,5130,
NordDrive,ND-000794,2026-05-26,SKU-10001,Plaquette de frein,21.0,OMG-LYO,5130,
NordDrive,ND-001001,2026-05-28,SKU-10005,Bougie d'allumage,9.0,OMG-MAR,5900,
NordDrive,ND-000753,2025-12-31,SKU-10005,Bougie d'allumage,8.0,OMG-LYO,5900,
NordDrive,ND-000048,2026-06-22,SKU-10009,Retroviseur,22.0,OMG-LIL,3400,
NordDrive,ND-000756,2025-12-30,SKU-10007,Courroie de distribution,11.0,OMG-MAR,7140,
NordDrive,ND-000188,2026-03-11,SKU-10003,Filtre a huile,25.0,OMG-MAR,2240,
NordDrive,ND-001183,2026-03-29,SKU-10010,Pare-chocs avant,1.0,OMG-LYO,290,
NordDrive,ND-000279,2025-09-16,SKU-10001,Plaquette de frein,29.0,OMG-LIL,5130,
NordDrive,ND-000109,2025-03-20,SKU-10009,Retroviseur,3.0,OMG-LIL,3400,
NordDrive,ND-000334,2025-11-11,SKU-10001,Plaquette de frein,19.0,OMG-MAR,5130,
NordDrive,ND-000287,2025-06-05,SKU-10003,Filtre a huile,3.0,OMG-MAR,2240,
NordDrive,ND-000508,2026-01-08,SKU-10006,Amortisseur avant,12.0,OMG-LYO,5430,
NordDrive,ND-000411,2026-04-04,SKU-10008,Batterie 12V,6.0,OMG-LIL,740,
NordDrive,ND-000733,2026-01-31,SKU-10003,Filtre a huile,1.0,OMG-LIL,2240,
NordDrive,ND-001266,2026-03-21,SKU-10005,Bougie d'allumage,19.0,OMG-LIL,5900,
NordDrive,ND-001170,2025-08-17,SKU-10001,Plaquette de frein,31.0,OMG-MAR,5130,
NordDrive,ND-001040,2025-01-24,SKU-10010,Pare-chocs avant,34.0,OMG-LIL,290,
NordDrive,ND-000078,2026-05-18,SKU-10001,Plaquette de frein,38.0,OMG-MAR,5130,
NordDrive,ND-000418,2026-03-04,SKU-10005,Bougie d'allumage,22.0,OMG-LIL,5900,
NordDrive,ND-001338,2026-06-15,SKU-10001,Plaquette de frein,37.0,OMG-MAR,5130,
NordDrive,ND-000725,2026-06-29,SKU-10010,Pare-chocs avant,12.0,OMG-LIL,290,
NordDrive,ND-000806,2025-01-11,SKU-10008,Batterie 12V,7.0,OMG-LYO,740,
NordDrive,ND-001259,2026-06-19,SKU-10005,Bougie d'allumage,39.0,OMG-LYO,5900,
NordDrive,ND-001215,2025-07-16,SKU-10003,Filtre a huile,3.0,OMG-MAR,2240,
NordDrive,ND-000274,2026-01-22,SKU-10007,Courroie de distribution,3.0,OMG-MAR,7140,
NordDrive,ND-000439,2026-05-29,SKU-10008,Batterie 12V,13.0,OMG-LYO,740,
NordDrive,ND-000689,2025-03-11,SKU-10004,Filtre a air,8.0,OMG-LYO,1820,
NordDrive,ND-001392,2025-04-10,SKU-10004,Filtre a air,33.0,OMG-LIL,1820,
NordDrive,ND-001259,2026-06-19,SKU-10001,Plaquette de frein,40.0,OMG-LYO,5130,
NordDrive,ND-000454,2026-05-24,SKU-10004,Filtre a air,34.0,OMG-LIL,1820,
NordDrive,ND-001271,2025-10-12,SKU-10004,Filtre a air,10.0,OMG-MAR,1820,
NordDrive,ND-000513,2025-06-18,SKU-10004,Filtre a air,33.0,OMG-MAR,1820,
NordDrive,ND-000756,2025-12-30,SKU-10001,Plaquette de frein,24.0,OMG-MAR,5130,
NordDrive,ND-000854,2025-07-27,SKU-10008,Batterie 12V,18.0,OMG-MAR,740,
NordDrive,ND-001116,2026-05-27,SKU-10009,Retroviseur,10.0,OMG-LIL,3400,
NordDrive,ND-001291,2025-06-27,SKU-10002,Disque de frein,30.0,OMG-LIL,250,
NordDrive,ND-000982,2025-07-10,SKU-10006,Amortisseur avant,29.0,OMG-LIL,5430,
NordDrive,ND-001246,2025-10-15,SKU-10010,Pare-chocs avant,25.0,OMG-LIL,290,
NordDrive,ND-001082,2025-07-14,SKU-10009,Retroviseur,1.0,OMG-LIL,3400,
NordDrive,ND-001080,2025-03-03,SKU-10004,Filtre a air,32.0,OMG-MAR,1820,
NordDrive,ND-001169,2025-02-09,SKU-10002,Disque de frein,19.0,OMG-LIL,250,
NordDrive,ND-000747,2025-11-27,SKU-10010,Pare-chocs avant,19.0,OMG-MAR,290,
NordDrive,ND-000950,2026-02-16,SKU-10008,Batterie 12V,2.0,OMG-MAR,740,
NordDrive,ND-000056,2026-05-01,SKU-10009,Retroviseur,15.0,OMG-LIL,3400,
NordDrive,ND-001336,2026-04-25,SKU-10009,Retroviseur,29.0,OMG-LYO,3400,
NordDrive,ND-000896,2026-01-27,SKU-10001,Plaquette de frein,1.0,OMG-LYO,5130,
NordDrive,ND-000297,2026-04-26,SKU-10006,Amortisseur avant,36.0,OMG-MAR,5430,
NordDrive,ND-000414,2026-01-19,SKU-10007,Courroie de distribution,29.0,OMG-MAR,7140,
NordDrive,ND-001215,2025-07-16,SKU-10003,Filtre a huile,38.0,OMG-MAR,2240,
NordDrive,ND-000215,2025-12-09,SKU-10004,Filtre a air,9.0,OMG-LYO,1820,
NordDrive,ND-000498,2025-10-08,SKU-10005,Bougie d'allumage,23.0,OMG-MAR,5900,
NordDrive,ND-000999,2026-05-10,SKU-10010,Pare-chocs avant,7.0,OMG-MAR,290,
NordDrive,ND-001012,2025-04-02,SKU-10010,Pare-chocs avant,30.0,OMG-MAR,290,
NordDrive,ND-000870,2026-07-24,SKU-10006,Amortisseur avant,6.0,OMG-LIL,5430,
NordDrive,ND-000373,2026-07-20,SKU-10006,Amortisseur avant,4.0,OMG-MAR,5430,
NordDrive,ND-000204,2025-09-02,SKU-10001,Plaquette de frein,32.0,OMG-LYO,5130,
NordDrive,ND-000471,2025-05-20,SKU-10008,Batterie 12V,9.0,OMG-LYO,740,
NordDrive,ND-000982,2025-07-10,SKU-10001,Plaquette de frein,9.0,OMG-LIL,5130,
NordDrive,ND-001067,2025-04-12,SKU-10010,Pare-chocs avant,34.0,OMG-MAR,290,
NordDrive,ND-000086,2025-07-26,SKU-10008,Batterie 12V,24.0,OMG-LYO,740,
NordDrive,ND-000838,2025-03-24,SKU-10007,Courroie de distribution,5.0,OMG-MAR,7140,
NordDrive,ND-000938,2025-11-26,SKU-10010,Pare-chocs avant,17.0,OMG-LYO,290,
NordDrive,ND-001291,2025-06-27,SKU-10001,Plaquette de frein,32.0,OMG-LIL,5130,
NordDrive,ND-001157,2026-03-21,SKU-10007,Courroie de distribution,6.0,OMG-LIL,7140,
NordDrive,ND-001080,2025-03-03,SKU-10010,Pare-chocs avant,4.0,OMG-MAR,290,
NordDrive,ND-000965,2025-02-20,SKU-10003,Filtre a huile,18.0,OMG-MAR,2240,
NordDrive,ND-000833,2025-11-20,SKU-10001,Plaquette de frein,19.0,OMG-LIL,5130,
NordDrive,ND-001238,2026-03-05,SKU-10001,Plaquette de frein,28.0,OMG-MAR,5130,
NordDrive,ND-000881,2026-03-20,SKU-10009,Retroviseur,9.0,OMG-LIL,3400,
NordDrive,ND-000529,2025-07-25,SKU-10010,Pare-chocs avant,7.0,OMG-LIL,290,
NordDrive,ND-001161,2025-01-14,SKU-10010,Pare-chocs avant,5.0,OMG-LYO,290,
NordDrive,ND-000439,2026-05-29,SKU-10005,Bougie d'allumage,25.0,OMG-LYO,5900,
NordDrive,ND-000204,2025-09-02,SKU-10001,Plaquette de frein,23.0,OMG-LYO,5130,
NordDrive,ND-000677,2025-05-22,SKU-10008,Batterie 12V,40.0,OMG-MAR,740,
NordDrive,ND-000343,2025-10-26,SKU-10010,Pare-chocs avant,34.0,OMG-MAR,290,
NordDrive,ND-000225,2026-04-21,SKU-10001,Plaquette de frein,11.0,OMG-LIL,5130,
NordDrive,ND-001304,2026-02-16,SKU-10009,Retroviseur,26.0,OMG-LIL,3400,
NordDrive,ND-000316,2025-02-20,SKU-10004,Filtre a air,35.0,OMG-MAR,1820,
NordDrive,ND-000235,2025-03-16,SKU-10004,Filtre a air,19.0,OMG-MAR,1820,
NordDrive,ND-001017,2026-03-27,SKU-10001,Plaquette de frein,23.0,OMG-LIL,5130,
NordDrive,ND-001296,2025-09-15,SKU-10005,Bougie d'allumage,39.0,OMG-LYO,5900,
NordDrive,ND-001248,2025-02-20,SKU-10002,Disque de frein,26.0,OMG-LYO,250,
NordDrive,ND-000189,2025-05-10,SKU-10008,Batterie 12V,39.0,OMG-LYO,740,
NordDrive,ND-000036,2025-12-21,SKU-10009,Retroviseur,28.0,OMG-LYO,3400,
NordDrive,ND-001318,2025-04-22,SKU-10005,Bougie d'allumage,40.0,OMG-MAR,5900,
NordDrive,ND-000363,2026-07-27,SKU-10003,Filtre a huile,34.0,OMG-LYO,2240,
NordDrive,ND-000892,2025-03-27,SKU-10001,Plaquette de frein,25.0,OMG-MAR,5130,
NordDrive,ND-000381,2025-05-29,SKU-10009,Retroviseur,40.0,OMG-LIL,3400,
NordDrive,ND-000552,2025-09-16,SKU-10001,Plaquette de frein,17.0,OMG-LYO,5130,
NordDrive,ND-000042,2026-01-03,SKU-10003,Filtre a huile,39.0,OMG-LYO,2240,
NordDrive,ND-000323,2026-03-27,SKU-10006,Amortisseur avant,9.0,OMG-MAR,5430,
NordDrive,ND-000001,2025-12-23,SKU-10005,Bougie d'allumage,40.0,OMG-MAR,5900,
NordDrive,ND-000992,2025-04-04,SKU-10006,Amortisseur avant,21.0,OMG-LYO,5430,
NordDrive,ND-000173,2025-12-31,SKU-10004,Filtre a air,24.0,OMG-MAR,1820,
NordDrive,ND-000414,2026-01-19,SKU-10008,Batterie 12V,30.0,OMG-MAR,740,
NordDrive,ND-000763,2026-04-17,SKU-10002,Disque de frein,1.0,OMG-MAR,250,
NordDrive,ND-001017,2026-03-27,SKU-10008,Batterie 12V,30.0,OMG-LIL,740,
NordDrive,ND-001118,2025-10-06,SKU-10009,Retroviseur,11.0,OMG-LIL,3400,
NordDrive,ND-000933,2025-10-29,SKU-10005,Bougie d'allumage,28.0,OMG-LYO,5900,
NordDrive,ND-000708,2025-08-01,SKU-10005,Bougie d'allumage,38.0,OMG-LYO,5900,
NordDrive,ND-001197,2026-07-24,SKU-10010,Pare-chocs avant,4.0,OMG-MAR,290,
NordDrive,ND-000464,2026-03-07,SKU-10004,Filtre a air,20.0,OMG-LYO,1820,
NordDrive,ND-001200,2025-08-29,SKU-10002,Disque de frein,5.0,OMG-LIL,250,
NordDrive,ND-000793,2026-02-02,SKU-10005,Bougie d'allumage,39.0,OMG-LYO,5900,
NordDrive,ND-001165,2025-08-12,SKU-10009,Retroviseur,23.0,OMG-LYO,3400,
NordDrive,ND-000229,2026-07-09,SKU-10002,Disque de frein,37.0,OMG-MAR,250,
NordDrive,ND-001332,2026-03-20,SKU-10001,Plaquette de frein,10.0,OMG-MAR,5130,
NordDrive,ND-001158,2025-06-20,SKU-10002,Disque de frein,11.0,OMG-LYO,250,
NordDrive,ND-000038,2025-06-16,SKU-10007,Courroie de distribution,25.0,OMG-MAR,7140,
NordDrive,ND-000876,2025-01-07,SKU-10008,Batterie 12V,25.0,OMG-LYO,740,
NordDrive,ND-000727,2025-03-27,SKU-10006,Amortisseur avant,27.0,OMG-LIL,5430,
NordDrive,ND-000748,2025-04-24,SKU-10005,Bougie d'allumage,10.0,OMG-MAR,5900,
NordDrive,ND-001335,2025-05-03,SKU-10003,Filtre a huile,4.0,OMG-LYO,2240,
NordDrive,ND-001157,2026-03-21,SKU-10007,Courroie de distribution,29.0,OMG-LIL,7140,
NordDrive,ND-000210,2025-09-30,SKU-10009,Retroviseur,11.0,OMG-MAR,3400,
FreshMarket,FM-000821,2025-04-06,SKU-20011,Yaourt nature 4x125g,28.0,OMG-MAR,,OUI
FreshMarket,FM-000241,2025-01-17,SKU-20018,Pizza surgelee,9.0,OMG-LYO,,OUI
FreshMarket,FM-000074,2025-07-17,SKU-20018,Pizza surgelee,19.0,OMG-MAR,,OUI
FreshMarket,FM-000137,2026-05-24,SKU-20013,Filet de poulet 500g,17.0,OMG-MAR,,OUI
FreshMarket,FM-001032,2025-05-14,SKU-20016,Fromage rape 200g,5.0,OMG-LYO,,OUI
FreshMarket,FM-000812,2025-02-21,SKU-20017,Pommes Gala 1kg,26.0,OMG-LYO,,OUI
FreshMarket,FM-001201,2025-04-05,SKU-20012,Lait demi-ecreme 1L,31.0,OMG-LIL,,OUI
FreshMarket,FM-000401,2026-05-26,SKU-20019,Beurre doux 250g,40.0,OMG-LIL,,OUI
FreshMarket,FM-001201,2025-04-05,SKU-20012,Lait demi-ecreme 1L,23.0,OMG-LIL,,OUI
FreshMarket,FM-001209,2025-05-22,SKU-20019,Beurre doux 250g,37.0,OMG-LYO,,OUI
FreshMarket,FM-000505,2025-08-14,SKU-20019,Beurre doux 250g,13.0,OMG-LYO,,OUI
FreshMarket,FM-000524,2026-06-10,SKU-20011,Yaourt nature 4x125g,9.0,OMG-MAR,,OUI
FreshMarket,FM-000203,2026-01-14,SKU-20018,Pizza surgelee,19.0,OMG-LYO,,OUI
FreshMarket,FM-000348,2025-09-21,SKU-20012,Lait demi-ecreme 1L,17.0,OMG-LYO,,OUI
FreshMarket,FM-000266,2025-12-11,SKU-20015,Jus d'orange 1L,27.0,OMG-MAR,,OUI
FreshMarket,FM-000453,2025-10-24,SKU-20019,Beurre doux 250g,23.0,OMG-LIL,,OUI
FreshMarket,FM-000556,2025-04-01,SKU-20018,Pizza surgelee,30.0,OMG-LIL,,OUI
FreshMarket,FM-000802,2026-06-19,SKU-20013,Filet de poulet 500g,21.0,OMG-LIL,,OUI
FreshMarket,FM-000218,2025-08-21,SKU-20019,Beurre doux 250g,37.0,OMG-LIL,,OUI
FreshMarket,FM-000313,2025-06-15,SKU-20016,Fromage rape 200g,19.0,OMG-LYO,,OUI
FreshMarket,FM-000080,2025-11-03,SKU-20012,Lait demi-ecreme 1L,30.0,OMG-LYO,,OUI
FreshMarket,FM-001384,2026-02-22,SKU-20017,Pommes Gala 1kg,9.0,OMG-LIL,,OUI
FreshMarket,FM-000272,2026-06-10,SKU-20017,Pommes Gala 1kg,38.0,OMG-LIL,,OUI
FreshMarket,FM-001049,2026-06-21,SKU-20011,Yaourt nature 4x125g,26.0,OMG-LIL,,OUI
FreshMarket,FM-000378,2025-12-30,SKU-20013,Filet de poulet 500g,29.0,OMG-MAR,,OUI
FreshMarket,FM-001032,2025-05-14,SKU-20019,Beurre doux 250g,4.0,OMG-LYO,,OUI
FreshMarket,FM-001076,2026-06-25,SKU-20016,Fromage rape 200g,24.0,OMG-LYO,,OUI
FreshMarket,FM-000845,2026-02-20,SKU-20019,Beurre doux 250g,8.0,OMG-LYO,,OUI
FreshMarket,FM-000137,2026-05-24,SKU-20012,Lait demi-ecreme 1L,28.0,OMG-MAR,,OUI
FreshMarket,FM-000436,2026-04-28,SKU-20012,Lait demi-ecreme 1L,22.0,OMG-LYO,,OUI
FreshMarket,FM-000092,2025-02-09,SKU-20014,Epinards surgeles 1kg,7.0,OMG-MAR,,OUI
FreshMarket,FM-000799,2025-08-22,SKU-20019,Beurre doux 250g,21.0,OMG-MAR,,OUI
FreshMarket,FM-000142,2026-06-08,SKU-20018,Pizza surgelee,17.0,OMG-LIL,,OUI
FreshMarket,FM-000821,2025-04-06,SKU-20011,Yaourt nature 4x125g,17.0,OMG-MAR,,OUI
FreshMarket,FM-000480,2026-01-15,SKU-20018,Pizza surgelee,18.0,OMG-MAR,,OUI
FreshMarket,FM-000602,2026-06-12,SKU-20016,Fromage rape 200g,12.0,OMG-LIL,,OUI
FreshMarket,FM-000788,2026-05-08,SKU-20011,Yaourt nature 4x125g,12.0,OMG-LIL,,OUI
FreshMarket,FM-000887,2025-08-15,SKU-20018,Pizza surgelee,19.0,OMG-LYO,,OUI
FreshMarket,FM-000280,2025-05-11,SKU-20013,Filet de poulet 500g,40.0,OMG-LYO,,OUI
FreshMarket,FM-001251,2025-01-17,SKU-20015,Jus d'orange 1L,17.0,OMG-LYO,,OUI
FreshMarket,FM-001393,2025-04-24,SKU-20012,Lait demi-ecreme 1L,9.0,OMG-MAR,,OUI
FreshMarket,FM-000368,2025-02-23,SKU-20012,Lait demi-ecreme 1L,30.0,OMG-LYO,,OUI
FreshMarket,FM-001350,2025-11-08,SKU-20011,Yaourt nature 4x125g,2.0,OMG-LYO,,OUI
FreshMarket,FM-000410,2025-05-10,SKU-20011,Yaourt nature 4x125g,34.0,OMG-LIL,,OUI
FreshMarket,FM-001203,2025-09-30,SKU-20014,Epinards surgeles 1kg,11.0,OMG-MAR,,OUI
FreshMarket,FM-000331,2025-09-25,SKU-20018,Pizza surgelee,11.0,OMG-LIL,,OUI
FreshMarket,FM-000331,2025-09-25,SKU-20014,Epinards surgeles 1kg,5.0,OMG-LIL,,OUI
FreshMarket,FM-001009,2025-11-24,SKU-20015,Jus d'orange 1L,1.0,OMG-MAR,,OUI
FreshMarket,FM-000632,2026-04-11,SKU-20020,Compote pomme 4x100g,13.0,OMG-LIL,,OUI
FreshMarket,FM-000726,2025-04-24,SKU-20017,Pommes Gala 1kg,34.0,OMG-LYO,,OUI
FreshMarket,FM-000614,2025-06-27,SKU-20015,Jus d'orange 1L,36.0,OMG-MAR,,OUI
FreshMarket,FM-000281,2025-11-30,SKU-20011,Yaourt nature 4x125g,35.0,OMG-MAR,,OUI
FreshMarket,FM-000707,2026-04-14,SKU-20012,Lait demi-ecreme 1L,36.0,OMG-LYO,,OUI
FreshMarket,FM-000410,2025-05-10,SKU-20013,Filet de poulet 500g,38.0,OMG-LIL,,OUI
FreshMarket,FM-000090,2025-11-20,SKU-20013,Filet de poulet 500g,31.0,OMG-LIL,,OUI
FreshMarket,FM-001384,2026-02-22,SKU-20020,Compote pomme 4x100g,2.0,OMG-LIL,,OUI
FreshMarket,FM-000957,2025-01-24,SKU-20014,Epinards surgeles 1kg,12.0,OMG-LYO,,OUI
FreshMarket,FM-001313,2026-07-08,SKU-20020,Compote pomme 4x100g,8.0,OMG-LIL,,OUI
FreshMarket,FM-000136,2025-06-17,SKU-20011,Yaourt nature 4x125g,19.0,OMG-LYO,,OUI
FreshMarket,FM-001048,2025-10-16,SKU-20014,Epinards surgeles 1kg,40.0,OMG-LYO,,OUI
FreshMarket,FM-001085,2025-11-10,SKU-20017,Pommes Gala 1kg,2.0,OMG-LIL,,OUI
FreshMarket,FM-000625,2025-06-01,SKU-20012,Lait demi-ecreme 1L,22.0,OMG-LIL,,OUI
FreshMarket,FM-000374,2025-04-03,SKU-20011,Yaourt nature 4x125g,3.0,OMG-MAR,,OUI
FreshMarket,FM-001041,2026-04-14,SKU-20016,Fromage rape 200g,16.0,OMG-LYO,,OUI
FreshMarket,FM-000103,2026-03-27,SKU-20020,Compote pomme 4x100g,21.0,OMG-MAR,,OUI
FreshMarket,FM-000041,2025-07-15,SKU-20014,Epinards surgeles 1kg,5.0,OMG-LIL,,OUI
FreshMarket,FM-000528,2026-01-26,SKU-20015,Jus d'orange 1L,24.0,OMG-LIL,,OUI
FreshMarket,FM-000356,2025-04-15,SKU-20017,Pommes Gala 1kg,7.0,OMG-LIL,,OUI
FreshMarket,FM-000345,2025-10-02,SKU-20019,Beurre doux 250g,19.0,OMG-LIL,,OUI
FreshMarket,FM-001398,2025-05-14,SKU-20011,Yaourt nature 4x125g,35.0,OMG-LIL,,OUI
FreshMarket,FM-001313,2026-07-08,SKU-20013,Filet de poulet 500g,20.0,OMG-LIL,,OUI
FreshMarket,FM-000050,2025-08-23,SKU-20013,Filet de poulet 500g,18.0,OMG-LYO,,OUI
FreshMarket,FM-000651,2025-02-26,SKU-20017,Pommes Gala 1kg,3.0,OMG-LYO,,OUI
FreshMarket,FM-000886,2025-10-23,SKU-20019,Beurre doux 250g,12.0,OMG-MAR,,OUI
FreshMarket,FM-000573,2026-07-09,SKU-20017,Pommes Gala 1kg,37.0,OMG-LYO,,OUI
FreshMarket,FM-000458,2025-09-16,SKU-20018,Pizza surgelee,13.0,OMG-LIL,,OUI
FreshMarket,FM-000532,2025-04-25,SKU-20014,Epinards surgeles 1kg,27.0,OMG-LIL,,OUI
FreshMarket,FM-000025,2026-07-30,SKU-20013,Filet de poulet 500g,35.0,OMG-LYO,,OUI
FreshMarket,FM-000555,2025-05-09,SKU-20018,Pizza surgelee,4.0,OMG-LIL,,OUI
FreshMarket,FM-000092,2025-02-09,SKU-20015,Jus d'orange 1L,23.0,OMG-MAR,,OUI
FreshMarket,FM-000082,2025-10-16,SKU-20020,Compote pomme 4x100g,27.0,OMG-LIL,,OUI
FreshMarket,FM-000037,2026-05-11,SKU-20015,Jus d'orange 1L,29.0,OMG-LYO,,OUI
FreshMarket,FM-000831,2025-07-02,SKU-20013,Filet de poulet 500g,10.0,OMG-LYO,,OUI
FreshMarket,FM-000984,2026-01-13,SKU-20020,Compote pomme 4x100g,28.0,OMG-LIL,,OUI
FreshMarket,FM-001366,2025-10-03,SKU-20015,Jus d'orange 1L,36.0,OMG-LYO,,OUI
FreshMarket,FM-001032,2025-05-14,SKU-20016,Fromage rape 200g,31.0,OMG-LYO,,OUI
FreshMarket,FM-000766,2025-11-08,SKU-20020,Compote pomme 4x100g,21.0,OMG-LIL,,OUI
FreshMarket,FM-000891,2025-06-20,SKU-20015,Jus d'orange 1L,29.0,OMG-MAR,,OUI
FreshMarket,FM-001024,2025-12-07,SKU-20011,Yaourt nature 4x125g,8.0,OMG-LIL,,OUI
FreshMarket,FM-000920,2026-06-25,SKU-20012,Lait demi-ecreme 1L,12.0,OMG-MAR,,OUI
FreshMarket,FM-000944,2026-02-04,SKU-20011,Yaourt nature 4x125g,24.0,OMG-MAR,,OUI
FreshMarket,FM-000398,2025-02-16,SKU-20015,Jus d'orange 1L,4.0,OMG-LYO,,OUI
FreshMarket,FM-000503,2025-02-21,SKU-20020,Compote pomme 4x100g,28.0,OMG-LIL,,OUI
FreshMarket,FM-000814,2025-02-23,SKU-20011,Yaourt nature 4x125g,31.0,OMG-MAR,,OUI
FreshMarket,FM-001063,2025-10-29,SKU-20013,Filet de poulet 500g,34.0,OMG-LIL,,OUI
FreshMarket,FM-000253,2025-10-22,SKU-20012,Lait demi-ecreme 1L,3.0,OMG-LIL,,OUI
FreshMarket,FM-000765,2025-12-10,SKU-20018,Pizza surgelee,3.0,OMG-LIL,,OUI
FreshMarket,FM-001396,2025-02-02,SKU-20011,Yaourt nature 4x125g,25.0,OMG-LYO,,OUI
FreshMarket,FM-000845,2026-02-20,SKU-20020,Compote pomme 4x100g,4.0,OMG-LYO,,OUI
FreshMarket,FM-001288,2025-07-03,SKU-20018,Pizza surgelee,35.0,OMG-LYO,,OUI
FreshMarket,FM-000076,2025-08-18,SKU-20011,Yaourt nature 4x125g,26.0,OMG-MAR,,OUI
FreshMarket,FM-000719,2026-04-24,SKU-20013,Filet de poulet 500g,26.0,OMG-LYO,,OUI
FreshMarket,FM-000142,2026-06-08,SKU-20011,Yaourt nature 4x125g,39.0,OMG-LIL,,OUI
FreshMarket,FM-001009,2025-11-24,SKU-20012,Lait demi-ecreme 1L,17.0,OMG-MAR,,OUI
FreshMarket,FM-001351,2025-11-27,SKU-20015,Jus d'orange 1L,32.0,OMG-LIL,,OUI
FreshMarket,FM-001102,2025-02-02,SKU-20013,Filet de poulet 500g,9.0,OMG-LYO,,OUI
FreshMarket,FM-001378,2026-05-31,SKU-20020,Compote pomme 4x100g,26.0,OMG-MAR,,OUI
FreshMarket,FM-000460,2026-04-22,SKU-20012,Lait demi-ecreme 1L,37.0,OMG-LYO,,OUI
FreshMarket,FM-001184,2025-08-15,SKU-20012,Lait demi-ecreme 1L,30.0,OMG-MAR,,OUI
FreshMarket,FM-001070,2026-03-13,SKU-20015,Jus d'orange 1L,16.0,OMG-LYO,,OUI
FreshMarket,FM-000468,2026-04-24,SKU-20017,Pommes Gala 1kg,21.0,OMG-MAR,,OUI
FreshMarket,FM-000100,2025-11-11,SKU-20018,Pizza surgelee,24.0,OMG-LYO,,OUI
FreshMarket,FM-001041,2026-04-14,SKU-20018,Pizza surgelee,8.0,OMG-LYO,,OUI
FreshMarket,FM-000397,2025-09-15,SKU-20014,Epinards surgeles 1kg,14.0,OMG-LYO,,OUI
FreshMarket,FM-000453,2025-10-24,SKU-20015,Jus d'orange 1L,22.0,OMG-LIL,,OUI
FreshMarket,FM-000672,2026-04-13,SKU-20011,Yaourt nature 4x125g,8.0,OMG-LYO,,OUI
FreshMarket,FM-000039,2025-11-22,SKU-20015,Jus d'orange 1L,28.0,OMG-LIL,,OUI
FreshMarket,FM-000353,2026-06-18,SKU-20018,Pizza surgelee,21.0,OMG-LIL,,OUI
FreshMarket,FM-000325,2025-01-04,SKU-20017,Pommes Gala 1kg,18.0,OMG-LYO,,OUI
FreshMarket,FM-000674,2025-11-28,SKU-20019,Beurre doux 250g,35.0,OMG-LYO,,OUI
FreshMarket,FM-001366,2025-10-03,SKU-20013,Filet de poulet 500g,32.0,OMG-LYO,,OUI
FreshMarket,FM-000600,2026-04-03,SKU-20016,Fromage rape 200g,28.0,OMG-LIL,,OUI
FreshMarket,FM-001244,2025-01-21,SKU-20011,Yaourt nature 4x125g,17.0,OMG-LIL,,OUI
FreshMarket,FM-001071,2025-10-22,SKU-20020,Compote pomme 4x100g,24.0,OMG-LIL,,OUI
FreshMarket,FM-001039,2025-05-14,SKU-20016,Fromage rape 200g,37.0,OMG-LYO,,OUI
FreshMarket,FM-001003,2025-05-26,SKU-20019,Beurre doux 250g,29.0,OMG-LIL,,OUI
FreshMarket,FM-000550,2025-10-15,SKU-20014,Epinards surgeles 1kg,25.0,OMG-LYO,,OUI
FreshMarket,FM-001292,2025-02-17,SKU-20014,Epinards surgeles 1kg,26.0,OMG-MAR,,OUI
FreshMarket,FM-001203,2025-09-30,SKU-20019,Beurre doux 250g,26.0,OMG-MAR,,OUI
FreshMarket,FM-000100,2025-11-11,SKU-20012,Lait demi-ecreme 1L,28.0,OMG-LYO,,OUI
FreshMarket,FM-000666,2025-03-04,SKU-20018,Pizza surgelee,28.0,OMG-LIL,,OUI
FreshMarket,FM-000481,2026-03-27,SKU-20011,Yaourt nature 4x125g,3.0,OMG-LIL,,OUI
FreshMarket,FM-000524,2026-06-10,SKU-20011,Yaourt nature 4x125g,38.0,OMG-MAR,,OUI
FreshMarket,FM-001261,2026-02-23,SKU-20017,Pommes Gala 1kg,34.0,OMG-LYO,,OUI
FreshMarket,FM-001003,2025-05-26,SKU-20012,Lait demi-ecreme 1L,18.0,OMG-LIL,,OUI
FreshMarket,FM-000119,2025-11-06,SKU-20011,Yaourt nature 4x125g,13.0,OMG-MAR,,OUI
FreshMarket,FM-000721,2025-12-07,SKU-20013,Filet de poulet 500g,9.0,OMG-LYO,,OUI
FreshMarket,FM-000681,2025-09-24,SKU-20016,Fromage rape 200g,26.0,OMG-MAR,,OUI
FreshMarket,FM-000340,2025-05-01,SKU-20015,Jus d'orange 1L,17.0,OMG-LYO,,OUI
FreshMarket,FM-000029,2025-06-23,SKU-20017,Pommes Gala 1kg,22.0,OMG-LYO,,OUI
FreshMarket,FM-000530,2025-08-21,SKU-20017,Pommes Gala 1kg,26.0,OMG-MAR,,OUI
FreshMarket,FM-001070,2026-03-13,SKU-20011,Yaourt nature 4x125g,9.0,OMG-LYO,,OUI
FreshMarket,FM-000192,2025-03-30,SKU-20013,Filet de poulet 500g,36.0,OMG-LIL,,OUI
FreshMarket,FM-000462,2026-06-28,SKU-20019,Beurre doux 250g,32.0,OMG-LYO,,OUI
FreshMarket,FM-000480,2026-01-15,SKU-20020,Compote pomme 4x100g,31.0,OMG-MAR,,OUI
FreshMarket,FM-000846,2025-01-24,SKU-20016,Fromage rape 200g,4.0,OMG-MAR,,OUI
FreshMarket,FM-000104,2025-02-14,SKU-20012,Lait demi-ecreme 1L,6.0,OMG-LYO,,OUI
FreshMarket,FM-000636,2026-02-07,SKU-20016,Fromage rape 200g,28.0,OMG-LIL,,OUI
FreshMarket,FM-000410,2025-05-10,SKU-20019,Beurre doux 250g,8.0,OMG-LIL,,OUI
FreshMarket,FM-000886,2025-10-23,SKU-20016,Fromage rape 200g,31.0,OMG-MAR,,OUI
FreshMarket,FM-000120,2025-11-07,SKU-20016,Fromage rape 200g,34.0,OMG-LIL,,OUI
FreshMarket,FM-001337,2026-02-21,SKU-20018,Pizza surgelee,20.0,OMG-LYO,,OUI
FreshMarket,FM-001174,2025-11-28,SKU-20014,Epinards surgeles 1kg,1.0,OMG-LYO,,OUI
FreshMarket,FM-000335,2025-04-21,SKU-20015,Jus d'orange 1L,11.0,OMG-MAR,,OUI
FreshMarket,FM-001251,2025-01-17,SKU-20019,Beurre doux 250g,28.0,OMG-LYO,,OUI
FreshMarket,FM-001295,2025-01-31,SKU-20017,Pommes Gala 1kg,40.0,OMG-MAR,,OUI
FreshMarket,FM-000516,2025-12-11,SKU-20014,Epinards surgeles 1kg,5.0,OMG-MAR,,OUI
FreshMarket,FM-000460,2026-04-22,SKU-20015,Jus d'orange 1L,7.0,OMG-LYO,,OUI
FreshMarket,FM-001233,2025-08-21,SKU-20013,Filet de poulet 500g,5.0,OMG-MAR,,OUI
FreshMarket,FM-000651,2025-02-26,SKU-20011,Yaourt nature 4x125g,17.0,OMG-LYO,,OUI
FreshMarket,FM-001127,2026-03-06,SKU-20014,Epinards surgeles 1kg,40.0,OMG-LIL,,OUI
FreshMarket,FM-000619,2025-02-20,SKU-20018,Pizza surgelee,4.0,OMG-MAR,,OUI
FreshMarket,FM-000765,2025-12-10,SKU-20012,Lait demi-ecreme 1L,37.0,OMG-LIL,,OUI
FreshMarket,FM-000960,2025-03-28,SKU-20017,Pommes Gala 1kg,22.0,OMG-MAR,,OUI
FreshMarket,FM-000633,2026-01-30,SKU-20014,Epinards surgeles 1kg,6.0,OMG-LYO,,OUI
FreshMarket,FM-001261,2026-02-23,SKU-20018,Pizza surgelee,22.0,OMG-LYO,,OUI
FreshMarket,FM-000191,2025-11-06,SKU-20014,Epinards surgeles 1kg,21.0,OMG-LYO,,OUI
FreshMarket,FM-000020,2026-06-05,SKU-20013,Filet de poulet 500g,20.0,OMG-LYO,,OUI
FreshMarket,FM-000726,2025-04-24,SKU-20015,Jus d'orange 1L,15.0,OMG-LYO,,OUI
FreshMarket,FM-000128,2026-03-21,SKU-20018,Pizza surgelee,34.0,OMG-MAR,,OUI
FreshMarket,FM-000446,2026-02-06,SKU-20012,Lait demi-ecreme 1L,16.0,OMG-LIL,,OUI
FreshMarket,FM-001087,2025-05-03,SKU-20013,Filet de poulet 500g,32.0,OMG-LIL,,OUI
FreshMarket,FM-000914,2026-02-13,SKU-20015,Jus d'orange 1L,3.0,OMG-LIL,,OUI
FreshMarket,FM-000061,2026-03-31,SKU-20016,Fromage rape 200g,27.0,OMG-LYO,,OUI
FreshMarket,FM-000665,2025-05-08,SKU-20020,Compote pomme 4x100g,16.0,OMG-LIL,,OUI
FreshMarket,FM-000126,2026-04-21,SKU-20018,Pizza surgelee,12.0,OMG-LYO,,OUI
FreshMarket,FM-000873,2025-05-10,SKU-20019,Beurre doux 250g,31.0,OMG-LYO,,OUI
FreshMarket,FM-000912,2025-09-04,SKU-20017,Pommes Gala 1kg,36.0,OMG-MAR,,OUI
FreshMarket,FM-001102,2025-02-02,SKU-20019,Beurre doux 250g,21.0,OMG-LYO,,OUI
FreshMarket,FM-000058,2025-12-31,SKU-20015,Jus d'orange 1L,,OMG-LYO,,OUI
FreshMarket,FM-001153,2025-06-15,SKU-20017,Pommes Gala 1kg,29.0,OMG-LIL,,OUI
FreshMarket,FM-000093,2025-10-13,SKU-20020,Compote pomme 4x100g,40.0,OMG-MAR,,OUI
FreshMarket,FM-000717,2025-05-13,SKU-20016,Fromage rape 200g,16.0,OMG-LIL,,OUI
FreshMarket,FM-001388,2025-07-15,SKU-20018,Pizza surgelee,38.0,OMG-MAR,,OUI
FreshMarket,FM-001041,2026-04-14,SKU-20019,Beurre doux 250g,5.0,OMG-LYO,,OUI
FreshMarket,FM-000410,2025-05-10,SKU-20018,Pizza surgelee,6.0,OMG-LIL,,OUI
FreshMarket,FM-000050,2025-08-23,SKU-20013,Filet de poulet 500g,32.0,OMG-LYO,,OUI
FreshMarket,FM-000583,2025-11-08,SKU-20017,Pommes Gala 1kg,3.0,OMG-LIL,,OUI
FreshMarket,FM-000690,2026-06-12,SKU-20019,Beurre doux 250g,39.0,OMG-LIL,,OUI
FreshMarket,FM-000092,2025-02-09,SKU-20012,Lait demi-ecreme 1L,37.0,OMG-MAR,,OUI
FreshMarket,FM-000494,2025-10-15,SKU-20019,Beurre doux 250g,20.0,OMG-LIL,,OUI
FreshMarket,FM-001294,2026-03-19,SKU-20019,Beurre doux 250g,12.0,OMG-LIL,,OUI
FreshMarket,FM-001322,2026-04-26,SKU-20017,Pommes Gala 1kg,36.0,OMG-LYO,,OUI
FreshMarket,FM-001147,2026-03-30,SKU-20018,Pizza surgelee,39.0,OMG-MAR,,OUI
FreshMarket,FM-000960,2025-03-28,SKU-20013,Filet de poulet 500g,16.0,OMG-MAR,,OUI
FreshMarket,FM-000398,2025-02-16,SKU-20012,Lait demi-ecreme 1L,2.0,OMG-LYO,,OUI
FreshMarket,FM-000543,2026-06-24,SKU-20013,Filet de poulet 500g,29.0,OMG-LIL,,OUI
FreshMarket,FM-000921,2025-03-05,SKU-20015,Jus d'orange 1L,13.0,OMG-LIL,,OUI
FreshMarket,FM-000214,2025-09-08,SKU-20013,Filet de poulet 500g,37.0,OMG-LIL,,OUI
FreshMarket,FM-000401,2026-05-26,SKU-20014,Epinards surgeles 1kg,37.0,OMG-LIL,,OUI
FreshMarket,FM-001009,2025-11-24,SKU-20016,Fromage rape 200g,9.0,OMG-MAR,,OUI
FreshMarket,FM-000581,2025-05-14,SKU-20014,Epinards surgeles 1kg,10.0,OMG-MAR,,OUI
FreshMarket,FM-000155,2025-07-12,SKU-20015,Jus d'orange 1L,22.0,OMG-LIL,,OUI
FreshMarket,FM-001334,2026-04-18,SKU-20017,Pommes Gala 1kg,4.0,OMG-LYO,,OUI
FreshMarket,FM-001147,2026-03-30,SKU-20014,Epinards surgeles 1kg,18.0,OMG-MAR,,OUI
FreshMarket,FM-000067,2026-01-12,SKU-20020,Compote pomme 4x100g,25.0,OMG-MAR,,OUI
FreshMarket,FM-000175,2026-05-14,SKU-20013,Filet de poulet 500g,9.0,OMG-MAR,,OUI
FreshMarket,FM-001292,2025-02-17,SKU-20019,Beurre doux 250g,10.0,OMG-MAR,,OUI
FreshMarket,FM-000341,2026-03-08,SKU-20020,Compote pomme 4x100g,23.0,OMG-MAR,,OUI
FreshMarket,FM-000721,2025-12-07,SKU-20016,Fromage rape 200g,28.0,OMG-LYO,,OUI
FreshMarket,FM-001342,2025-05-06,SKU-20011,Yaourt nature 4x125g,29.0,OMG-MAR,,OUI
FreshMarket,FM-000198,2025-03-26,SKU-20013,Filet de poulet 500g,36.0,OMG-MAR,,OUI
FreshMarket,FM-000201,2026-01-16,SKU-20020,Compote pomme 4x100g,8.0,OMG-MAR,,OUI
FreshMarket,FM-000401,2026-05-26,SKU-20013,Filet de poulet 500g,28.0,OMG-LIL,,OUI
FreshMarket,FM-000191,2025-11-06,SKU-20018,Pizza surgelee,37.0,OMG-LYO,,OUI
FreshMarket,FM-001005,2025-10-11,SKU-20019,Beurre doux 250g,9.0,OMG-LYO,,OUI
FreshMarket,FM-001299,2026-01-22,SKU-20019,Beurre doux 250g,37.0,OMG-MAR,,OUI
FreshMarket,FM-000486,2025-03-28,SKU-20012,Lait demi-ecreme 1L,36.0,OMG-LYO,,OUI
FreshMarket,FM-000400,2025-10-01,SKU-20015,Jus d'orange 1L,4.0,OMG-MAR,,OUI
FreshMarket,FM-000067,2026-01-12,SKU-20019,Beurre doux 250g,25.0,OMG-MAR,,OUI
FreshMarket,FM-001021,2026-05-09,SKU-20019,Beurre doux 250g,21.0,OMG-MAR,,OUI
FreshMarket,FM-000997,2025-09-07,SKU-20016,Fromage rape 200g,2.0,OMG-MAR,,OUI
FreshMarket,FM-000929,2025-07-09,SKU-20018,Pizza surgelee,26.0,OMG-LIL,,OUI
FreshMarket,FM-000398,2025-02-16,SKU-20015,Jus d'orange 1L,24.0,OMG-LYO,,OUI
FreshMarket,FM-000741,2025-11-09,SKU-20017,Pommes Gala 1kg,25.0,OMG-MAR,,OUI
FreshMarket,FM-001127,2026-03-06,SKU-20017,Pommes Gala 1kg,7.0,OMG-LIL,,OUI
FreshMarket,FM-001093,2026-07-20,SKU-20018,Pizza surgelee,16.0,OMG-MAR,,OUI
FreshMarket,FM-000313,2025-06-15,SKU-20019,Beurre doux 250g,31.0,OMG-LYO,,OUI
FreshMarket,FM-000473,2026-03-10,SKU-20019,Beurre doux 250g,7.0,OMG-LYO,,OUI
FreshMarket,FM-000812,2025-02-21,SKU-20017,Pommes Gala 1kg,7.0,OMG-LYO,,OUI
FreshMarket,FM-000729,2025-10-08,SKU-20020,Compote pomme 4x100g,25.0,OMG-MAR,,OUI
FreshMarket,FM-000262,2026-06-29,SKU-20020,Compote pomme 4x100g,38.0,OMG-LYO,,OUI
FreshMarket,FM-001315,2025-06-11,SKU-20019,Beurre doux 250g,14.0,OMG-LYO,,OUI
FreshMarket,FM-000194,2026-01-29,SKU-20016,Fromage rape 200g,35.0,OMG-MAR,,OUI
FreshMarket,FM-000936,2025-05-08,SKU-20011,Yaourt nature 4x125g,11.0,OMG-LYO,,OUI
FreshMarket,FM-000658,2025-05-15,SKU-20011,Yaourt nature 4x125g,25.0,OMG-LIL,,OUI
FreshMarket,FM-000350,2026-03-07,SKU-20014,Epinards surgeles 1kg,37.0,OMG-LYO,,OUI
FreshMarket,FM-001184,2025-08-15,SKU-20013,Filet de poulet 500g,33.0,OMG-MAR,,OUI
FreshMarket,FM-000777,2025-10-01,SKU-20017,Pommes Gala 1kg,24.0,OMG-LIL,,OUI
FreshMarket,FM-000788,2026-05-08,SKU-20013,Filet de poulet 500g,20.0,OMG-LIL,,OUI
FreshMarket,FM-000883,2026-01-29,SKU-20016,Fromage rape 200g,3.0,OMG-LYO,,OUI
FreshMarket,FM-001075,2025-07-31,SKU-20013,Filet de poulet 500g,40.0,OMG-LYO,,OUI
FreshMarket,FM-000623,2026-01-09,SKU-20013,Filet de poulet 500g,3.0,OMG-LIL,,OUI
FreshMarket,FM-000674,2025-11-28,SKU-20017,Pommes Gala 1kg,38.0,OMG-LYO,,OUI
FreshMarket,FM-000080,2025-11-03,SKU-20014,Epinards surgeles 1kg,31.0,OMG-LYO,,OUI
FreshMarket,FM-000587,2026-07-18,SKU-20015,Jus d'orange 1L,14.0,OMG-LIL,,OUI
FreshMarket,FM-000148,2025-03-26,SKU-20011,Yaourt nature 4x125g,34.0,OMG-LYO,,OUI
FreshMarket,FM-000326,2025-03-26,SKU-20013,Filet de poulet 500g,35.0,OMG-MAR,,OUI
FreshMarket,FM-000315,2026-07-17,SKU-20016,Fromage rape 200g,33.0,OMG-MAR,,OUI
FreshMarket,FM-000281,2025-11-30,SKU-20014,Epinards surgeles 1kg,24.0,OMG-MAR,,OUI
FreshMarket,FM-000791,2026-01-21,SKU-20012,Lait demi-ecreme 1L,38.0,OMG-MAR,,OUI
FreshMarket,FM-000111,2025-08-07,SKU-20013,Filet de poulet 500g,13.0,OMG-LIL,,OUI
FreshMarket,FM-000923,2025-10-10,SKU-20019,Beurre doux 250g,37.0,OMG-MAR,,OUI
FreshMarket,FM-000132,2025-06-13,SKU-20015,Jus d'orange 1L,20.0,OMG-MAR,,OUI
FreshMarket,FM-001290,2026-03-21,SKU-20014,Epinards surgeles 1kg,28.0,OMG-LYO,,OUI
FreshMarket,FM-000564,2026-04-12,SKU-20017,Pommes Gala 1kg,6.0,OMG-MAR,,OUI
FreshMarket,FM-000377,2025-05-30,SKU-20015,Jus d'orange 1L,3.0,OMG-MAR,,OUI
FreshMarket,FM-000168,2026-02-22,SKU-20018,Pizza surgelee,4.0,OMG-LYO,,OUI
FreshMarket,FM-000293,2025-02-05,SKU-20011,Yaourt nature 4x125g,34.0,OMG-LIL,,OUI
FreshMarket,FM-000614,2025-06-27,SKU-20019,Beurre doux 250g,40.0,OMG-MAR,,OUI
FreshMarket,FM-001094,2025-04-24,SKU-20014,Epinards surgeles 1kg,13.0,OMG-MAR,,OUI
FreshMarket,FM-000128,2026-03-21,SKU-20017,Pommes Gala 1kg,27.0,OMG-MAR,,OUI
FreshMarket,FM-000665,2025-05-08,SKU-20017,Pommes Gala 1kg,12.0,OMG-LIL,,OUI
FreshMarket,FM-000602,2026-06-12,SKU-20013,Filet de poulet 500g,27.0,OMG-LIL,,OUI
FreshMarket,FM-000507,2025-05-07,SKU-20014,Epinards surgeles 1kg,36.0,OMG-LIL,,OUI
FreshMarket,FM-001398,2025-05-14,SKU-20016,Fromage rape 200g,17.0,OMG-LIL,,OUI
FreshMarket,FM-000924,2026-01-27,SKU-20014,Epinards surgeles 1kg,30.0,OMG-MAR,,OUI
FreshMarket,FM-000564,2026-04-12,SKU-20013,Filet de poulet 500g,28.0,OMG-MAR,,OUI
FreshMarket,FM-000802,2026-06-19,SKU-20018,Pizza surgelee,8.0,OMG-LIL,,OUI
FreshMarket,FM-000353,2026-06-18,SKU-20012,Lait demi-ecreme 1L,34.0,OMG-LIL,,OUI
FreshMarket,FM-000931,2025-05-09,SKU-20014,Epinards surgeles 1kg,12.0,OMG-LIL,,OUI
FreshMarket,FM-001010,2025-04-22,SKU-20014,Epinards surgeles 1kg,26.0,OMG-LYO,,OUI
FreshMarket,FM-000368,2025-02-23,SKU-20020,Compote pomme 4x100g,29.0,OMG-LYO,,OUI
FreshMarket,FM-000055,2026-04-07,SKU-20014,Epinards surgeles 1kg,19.0,OMG-MAR,,OUI
FreshMarket,FM-000157,2026-03-03,SKU-20019,Beurre doux 250g,29.0,OMG-MAR,,OUI
FreshMarket,FM-001147,2026-03-30,SKU-20012,Lait demi-ecreme 1L,31.0,OMG-MAR,,OUI
FreshMarket,FM-000067,2026-01-12,SKU-20014,Epinards surgeles 1kg,27.0,OMG-MAR,,OUI
FreshMarket,FM-000266,2025-12-11,SKU-20020,Compote pomme 4x100g,6.0,OMG-MAR,,OUI
FreshMarket,FM-000421,2025-09-17,SKU-20015,Jus d'orange 1L,17.0,OMG-LYO,,OUI
FreshMarket,FM-000768,2026-02-20,SKU-20014,Epinards surgeles 1kg,26.0,OMG-MAR,,OUI
FreshMarket,FM-000377,2025-05-30,SKU-20019,Beurre doux 250g,19.0,OMG-MAR,,OUI
FreshMarket,FM-000340,2025-05-01,SKU-20020,Compote pomme 4x100g,18.0,OMG-LYO,,OUI
FreshMarket,FM-001062,2026-07-07,SKU-20016,Fromage rape 200g,14.0,OMG-LIL,,OUI
FreshMarket,FM-001362,2026-02-23,SKU-20015,Jus d'orange 1L,35.0,OMG-LYO,,OUI
FreshMarket,FM-001049,2026-06-21,SKU-20017,Pommes Gala 1kg,18.0,OMG-LIL,,OUI
FreshMarket,FM-000655,2026-04-10,SKU-20014,Epinards surgeles 1kg,6.0,OMG-LYO,,OUI
FreshMarket,FM-000791,2026-01-21,SKU-20013,Filet de poulet 500g,13.0,OMG-MAR,,OUI
FreshMarket,FM-001089,2025-08-30,SKU-20019,Beurre doux 250g,19.0,OMG-MAR,,OUI
FreshMarket,FM-000729,2025-10-08,SKU-20016,Fromage rape 200g,16.0,OMG-MAR,,OUI
FreshMarket,FM-000157,2026-03-03,SKU-20014,Epinards surgeles 1kg,16.0,OMG-MAR,,OUI
FreshMarket,FM-000453,2025-10-24,SKU-20017,Pommes Gala 1kg,40.0,OMG-LIL,,OUI
FreshMarket,FM-000253,2025-10-22,SKU-20020,Compote pomme 4x100g,15.0,OMG-LIL,,OUI
FreshMarket,FM-001156,2025-07-13,SKU-20018,Pizza surgelee,2.0,OMG-LIL,,OUI
FreshMarket,FM-001188,2026-05-16,SKU-20011,Yaourt nature 4x125g,24.0,OMG-LYO,,OUI
FreshMarket,FM-000494,2025-10-15,SKU-20011,Yaourt nature 4x125g,21.0,OMG-LIL,,OUI
FreshMarket,FM-000147,2025-04-24,SKU-20018,Pizza surgelee,17.0,OMG-LIL,,OUI
FreshMarket,FM-001282,2025-02-15,SKU-20013,Filet de poulet 500g,26.0,OMG-LYO,,OUI
FreshMarket,FM-000107,2025-07-15,SKU-20015,Jus d'orange 1L,26.0,OMG-LIL,,OUI
FreshMarket,FM-001027,2026-06-24,SKU-20014,Epinards surgeles 1kg,29.0,OMG-LYO,,OUI
FreshMarket,FM-000446,2026-02-06,SKU-20018,Pizza surgelee,5.0,OMG-LIL,,OUI
FreshMarket,FM-000155,2025-07-12,SKU-20014,Epinards surgeles 1kg,29.0,OMG-LIL,,OUI
FreshMarket,FM-001111,2025-10-17,SKU-20011,Yaourt nature 4x125g,8.0,OMG-MAR,,OUI
FreshMarket,FM-000507,2025-05-07,SKU-20019,Beurre doux 250g,15.0,OMG-LIL,,OUI
FreshMarket,FM-001283,2025-05-06,SKU-20011,Yaourt nature 4x125g,26.0,OMG-LYO,,OUI
FreshMarket,FM-001353,2025-01-25,SKU-20017,Pommes Gala 1kg,27.0,OMG-LYO,,OUI
FreshMarket,FM-001154,2026-02-25,SKU-20018,Pizza surgelee,28.0,OMG-LYO,,OUI
FreshMarket,FM-001111,2025-10-17,SKU-20011,Yaourt nature 4x125g,20.0,OMG-MAR,,OUI
FreshMarket,FM-000338,2026-06-26,SKU-20016,Fromage rape 200g,38.0,OMG-LYO,,OUI
FreshMarket,FM-000846,2025-01-24,SKU-20013,Filet de poulet 500g,14.0,OMG-MAR,,OUI
FreshMarket,FM-001388,2025-07-15,SKU-20011,Yaourt nature 4x125g,7.0,OMG-MAR,,OUI
FreshMarket,FM-000791,2026-01-21,SKU-20014,Epinards surgeles 1kg,17.0,OMG-MAR,,OUI
FreshMarket,FM-001379,2025-03-12,SKU-20015,Jus d'orange 1L,21.0,OMG-MAR,,OUI
FreshMarket,FM-000776,2025-05-29,SKU-20018,Pizza surgelee,30.0,OMG-LYO,,OUI
FreshMarket,FM-000500,2025-01-06,SKU-20020,Compote pomme 4x100g,9.0,OMG-LYO,,OUI
FreshMarket,FM-000350,2026-03-07,SKU-20016,Fromage rape 200g,23.0,OMG-LYO,,OUI
FreshMarket,FM-000773,2026-02-20,SKU-20020,Compote pomme 4x100g,25.0,OMG-LIL,,OUI
FreshMarket,FM-001281,2025-05-18,SKU-20018,Pizza surgelee,27.0,OMG-LIL,,OUI
FreshMarket,FM-001312,2026-02-23,SKU-20018,Pizza surgelee,22.0,OMG-LIL,,OUI
FreshMarket,FM-000237,2025-04-04,SKU-20018,Pizza surgelee,20.0,OMG-LIL,,OUI
FreshMarket,FM-000035,2026-03-24,SKU-20011,Yaourt nature 4x125g,7.0,OMG-MAR,,OUI
FreshMarket,FM-000506,2026-06-17,SKU-20019,Beurre doux 250g,38.0,OMG-LIL,,OUI
FreshMarket,FM-001378,2026-05-31,SKU-20020,Compote pomme 4x100g,36.0,OMG-MAR,,OUI
FreshMarket,FM-000814,2025-02-23,SKU-20018,Pizza surgelee,10.0,OMG-MAR,,OUI
FreshMarket,FM-001076,2026-06-25,SKU-20017,Pommes Gala 1kg,22.0,OMG-LYO,,OUI
FreshMarket,FM-001308,2025-11-03,SKU-20015,Jus d'orange 1L,30.0,OMG-LYO,,OUI
FreshMarket,FM-001233,2025-08-21,SKU-20013,Filet de poulet 500g,24.0,OMG-MAR,,OUI
FreshMarket,FM-000681,2025-09-24,SKU-20017,Pommes Gala 1kg,40.0,OMG-MAR,,OUI
FreshMarket,FM-000080,2025-11-03,SKU-20016,Fromage rape 200g,17.0,OMG-LYO,,OUI
FreshMarket,FM-000121,2025-03-21,SKU-20013,Filet de poulet 500g,29.0,OMG-LIL,,OUI
FreshMarket,FM-000927,2025-09-19,SKU-20013,Filet de poulet 500g,23.0,OMG-LIL,,OUI
FreshMarket,FM-000486,2025-03-28,SKU-20013,Filet de poulet 500g,36.0,OMG-LYO,,OUI
FreshMarket,FM-000749,2026-01-19,SKU-20013,Filet de poulet 500g,16.0,OMG-LIL,,OUI
FreshMarket,FM-000377,2025-05-30,SKU-20018,Pizza surgelee,29.0,OMG-MAR,,OUI
FreshMarket,FM-001190,2026-06-28,SKU-20015,Jus d'orange 1L,27.0,OMG-MAR,,OUI
FreshMarket,FM-000434,2025-01-24,SKU-20016,Fromage rape 200g,31.0,OMG-LIL,,OUI
FreshMarket,FM-000075,2025-11-26,SKU-20017,Pommes Gala 1kg,37.0,OMG-MAR,,OUI
FreshMarket,FM-000591,2025-03-05,SKU-20013,Filet de poulet 500g,31.0,OMG-LIL,,OUI
FreshMarket,FM-000776,2025-05-29,SKU-20019,Beurre doux 250g,8.0,OMG-LYO,,OUI
FreshMarket,FM-000082,2025-10-16,SKU-20013,Filet de poulet 500g,27.0,OMG-LIL,,OUI
FreshMarket,FM-001351,2025-11-27,SKU-20014,Epinards surgeles 1kg,13.0,OMG-LIL,,OUI
FreshMarket,FM-001306,2025-08-12,SKU-20015,Jus d'orange 1L,40.0,OMG-MAR,,OUI
FreshMarket,FM-001044,2026-06-16,SKU-20012,Lait demi-ecreme 1L,20.0,OMG-LIL,,OUI
FreshMarket,FM-000107,2025-07-15,SKU-20012,Lait demi-ecreme 1L,38.0,OMG-LIL,,OUI
FreshMarket,FM-000100,2025-11-11,SKU-20013,Filet de poulet 500g,40.0,OMG-LYO,,OUI
FreshMarket,FM-001379,2025-03-12,SKU-20011,Yaourt nature 4x125g,8.0,OMG-MAR,,OUI
FreshMarket,FM-000272,2026-06-10,SKU-20012,Lait demi-ecreme 1L,1.0,OMG-LIL,,OUI
FreshMarket,FM-000460,2026-04-22,SKU-20015,Jus d'orange 1L,29.0,OMG-LYO,,OUI
FreshMarket,FM-000294,2026-06-10,SKU-20019,Beurre doux 250g,40.0,OMG-MAR,,OUI
FreshMarket,FM-001039,2025-05-14,SKU-20019,Beurre doux 250g,14.0,OMG-LYO,,OUI
FreshMarket,FM-000387,2025-06-16,SKU-20015,Jus d'orange 1L,36.0,OMG-LYO,,OUI
FreshMarket,FM-000502,2026-05-23,SKU-20017,Pommes Gala 1kg,12.0,OMG-LYO,,OUI
FreshMarket,FM-000675,2025-06-12,SKU-20012,Lait demi-ecreme 1L,27.0,OMG-MAR,,OUI
FreshMarket,FM-000325,2025-01-04,SKU-20016,Fromage rape 200g,9.0,OMG-LYO,,OUI
FreshMarket,FM-000253,2025-10-22,SKU-20012,Lait demi-ecreme 1L,31.0,OMG-LIL,,OUI
FreshMarket,FM-000281,2025-11-30,SKU-20011,Yaourt nature 4x125g,21.0,OMG-MAR,,OUI
FreshMarket,FM-000262,2026-06-29,SKU-20013,Filet de poulet 500g,37.0,OMG-LYO,,OUI
FreshMarket,FM-001048,2025-10-16,SKU-20015,Jus d'orange 1L,28.0,OMG-LYO,,OUI
FreshMarket,FM-000719,2026-04-24,SKU-20016,Fromage rape 200g,7.0,OMG-LYO,,OUI
FreshMarket,FM-000550,2025-10-15,SKU-20012,Lait demi-ecreme 1L,1.0,OMG-LYO,,OUI
FreshMarket,FM-000047,2026-06-29,SKU-20011,Yaourt nature 4x125g,34.0,OMG-MAR,,OUI
FreshMarket,FM-001379,2025-03-12,SKU-20013,Filet de poulet 500g,4.0,OMG-MAR,,OUI
FreshMarket,FM-001188,2026-05-16,SKU-20020,Compote pomme 4x100g,20.0,OMG-LYO,,OUI
FreshMarket,FM-000925,2025-03-31,SKU-20018,Pizza surgelee,9.0,OMG-LYO,,OUI
FreshMarket,FM-001089,2025-08-30,SKU-20016,Fromage rape 200g,24.0,OMG-MAR,,OUI
FreshMarket,FM-000723,2026-07-18,SKU-20013,Filet de poulet 500g,8.0,OMG-MAR,,OUI
FreshMarket,FM-000977,2026-03-14,SKU-20011,Yaourt nature 4x125g,26.0,OMG-LIL,,OUI
FreshMarket,FM-000092,2025-02-09,SKU-20019,Beurre doux 250g,14.0,OMG-MAR,,OUI
FreshMarket,FM-000121,2025-03-21,SKU-20015,Jus d'orange 1L,29.0,OMG-LIL,,OUI
FreshMarket,FM-000501,2025-08-23,SKU-20018,Pizza surgelee,36.0,OMG-LYO,,OUI
FreshMarket,FM-000175,2026-05-14,SKU-20013,Filet de poulet 500g,35.0,OMG-MAR,,OUI
FreshMarket,FM-000062,2025-01-29,SKU-20019,Beurre doux 250g,1.0,OMG-MAR,,OUI
FreshMarket,FM-000572,2025-09-17,SKU-20020,Compote pomme 4x100g,39.0,OMG-LYO,,OUI
FreshMarket,FM-001217,2025-09-23,SKU-20013,Filet de poulet 500g,8.0,OMG-LYO,,OUI
FreshMarket,FM-000345,2025-10-02,SKU-20012,Lait demi-ecreme 1L,6.0,OMG-LIL,,OUI
FreshMarket,FM-000285,2025-07-18,SKU-20011,Yaourt nature 4x125g,4.0,OMG-MAR,,OUI
FreshMarket,FM-000397,2025-09-15,SKU-20015,Jus d'orange 1L,36.0,OMG-LYO,,OUI
FreshMarket,FM-001283,2025-05-06,SKU-20019,Beurre doux 250g,35.0,OMG-LYO,,OUI
FreshMarket,FM-000501,2025-08-23,SKU-20018,Pizza surgelee,15.0,OMG-LYO,,OUI
FreshMarket,FM-001093,2026-07-20,SKU-20017,Pommes Gala 1kg,13.0,OMG-MAR,,OUI
FreshMarket,FM-000726,2025-04-24,SKU-20014,Epinards surgeles 1kg,6.0,OMG-LYO,,OUI
FreshMarket,FM-000364,2025-07-31,SKU-20019,Beurre doux 250g,12.0,OMG-MAR,,OUI
FreshMarket,FM-000283,2026-02-09,SKU-20016,Fromage rape 200g,32.0,OMG-MAR,,OUI
FreshMarket,FM-001003,2025-05-26,SKU-20017,Pommes Gala 1kg,29.0,OMG-LIL,,OUI
FreshMarket,FM-001387,2026-05-26,SKU-20020,Compote pomme 4x100g,5.0,OMG-MAR,,OUI
FreshMarket,FM-000516,2025-12-11,SKU-20018,Pizza surgelee,24.0,OMG-MAR,,OUI
FreshMarket,FM-000403,2026-05-25,SKU-20019,Beurre doux 250g,35.0,OMG-LYO,,OUI
FreshMarket,FM-000729,2025-10-08,SKU-20015,Jus d'orange 1L,14.0,OMG-MAR,,OUI
FreshMarket,FM-001048,2025-10-16,SKU-20011,Yaourt nature 4x125g,10.0,OMG-LYO,,OUI
FreshMarket,FM-000039,2025-11-22,SKU-20020,Compote pomme 4x100g,15.0,OMG-LIL,,OUI
FreshMarket,FM-001134,2026-03-11,SKU-20013,Filet de poulet 500g,26.0,OMG-LYO,,OUI
FreshMarket,FM-000729,2025-10-08,SKU-20012,Lait demi-ecreme 1L,7.0,OMG-MAR,,OUI
FreshMarket,FM-001313,2026-07-08,SKU-20013,Filet de poulet 500g,33.0,OMG-LIL,,OUI
FreshMarket,FM-001337,2026-02-21,SKU-20019,Beurre doux 250g,7.0,OMG-LYO,,OUI
FreshMarket,FM-000280,2025-05-11,SKU-20018,Pizza surgelee,6.0,OMG-LYO,,OUI
FreshMarket,FM-000607,2025-07-14,SKU-20020,Compote pomme 4x100g,33.0,OMG-MAR,,OUI
FreshMarket,FM-000925,2025-03-31,SKU-20018,Pizza surgelee,38.0,OMG-LYO,,OUI
FreshMarket,FM-000845,2026-02-20,SKU-20020,Compote pomme 4x100g,33.0,OMG-LYO,,OUI
FreshMarket,FM-001123,2025-04-03,SKU-20016,Fromage rape 200g,25.0,OMG-LIL,,OUI
FreshMarket,FM-001180,2026-01-13,SKU-20014,Epinards surgeles 1kg,26.0,OMG-LYO,,OUI
FreshMarket,FM-000792,2026-04-09,SKU-20017,Pommes Gala 1kg,13.0,OMG-LIL,,OUI
FreshMarket,FM-000456,2025-05-30,SKU-20020,Compote pomme 4x100g,9.0,OMG-LIL,,OUI
FreshMarket,FM-000092,2025-02-09,SKU-20013,Filet de poulet 500g,31.0,OMG-MAR,,OUI
FreshMarket,FM-000241,2025-01-17,SKU-20012,Lait demi-ecreme 1L,22.0,OMG-LYO,,OUI
FreshMarket,FM-000738,2026-05-08,SKU-20016,Fromage rape 200g,18.0,OMG-MAR,,OUI
FreshMarket,FM-000873,2025-05-10,SKU-20011,Yaourt nature 4x125g,28.0,OMG-LYO,,OUI
FreshMarket,FM-000537,2025-03-12,SKU-20016,Fromage rape 200g,22.0,OMG-LIL,,OUI
FreshMarket,FM-001065,2025-05-02,SKU-20014,Epinards surgeles 1kg,25.0,OMG-MAR,,OUI
FreshMarket,FM-001388,2025-07-15,SKU-20017,Pommes Gala 1kg,4.0,OMG-MAR,,OUI
FreshMarket,FM-000532,2025-04-25,SKU-20017,Pommes Gala 1kg,27.0,OMG-LIL,,OUI
FreshMarket,FM-001124,2026-04-23,SKU-20018,Pizza surgelee,25.0,OMG-MAR,,OUI
FreshMarket,FM-000672,2026-04-13,SKU-20012,Lait demi-ecreme 1L,25.0,OMG-LYO,,OUI
FreshMarket,FM-001075,2025-07-31,SKU-20012,Lait demi-ecreme 1L,22.0,OMG-LYO,,OUI
FreshMarket,FM-000273,2025-09-10,SKU-20014,Epinards surgeles 1kg,4.0,OMG-MAR,,OUI
FreshMarket,FM-001084,2026-01-09,SKU-20018,Pizza surgelee,21.0,OMG-MAR,,OUI
FreshMarket,FM-000037,2026-05-11,SKU-20012,Lait demi-ecreme 1L,19.0,OMG-LYO,,OUI
FreshMarket,FM-000492,2025-04-13,SKU-20013,Filet de poulet 500g,17.0,OMG-MAR,,OUI
FreshMarket,FM-000175,2026-05-14,SKU-20013,Filet de poulet 500g,23.0,OMG-MAR,,OUI
FreshMarket,FM-001167,2025-01-19,SKU-20011,Yaourt nature 4x125g,14.0,OMG-LIL,,OUI
FreshMarket,FM-001084,2026-01-09,SKU-20014,Epinards surgeles 1kg,38.0,OMG-MAR,,OUI
FreshMarket,FM-001093,2026-07-20,SKU-20016,Fromage rape 200g,4.0,OMG-MAR,,OUI
FreshMarket,FM-000581,2025-05-14,SKU-20017,Pommes Gala 1kg,24.0,OMG-MAR,,OUI
FreshMarket,FM-001251,2025-01-17,SKU-20014,Epinards surgeles 1kg,7.0,OMG-LYO,,OUI
FreshMarket,FM-000315,2026-07-17,SKU-20015,Jus d'orange 1L,13.0,OMG-MAR,,OUI
FreshMarket,FM-000142,2026-06-08,SKU-20020,Compote pomme 4x100g,37.0,OMG-LIL,,OUI
FreshMarket,FM-000984,2026-01-13,SKU-20016,Fromage rape 200g,35.0,OMG-LIL,,OUI
FreshMarket,FM-000232,2025-08-25,SKU-20018,Pizza surgelee,24.0,OMG-MAR,,OUI
FreshMarket,FM-001024,2025-12-07,SKU-20013,Filet de poulet 500g,21.0,OMG-LIL,,OUI
FreshMarket,FM-000084,2026-05-30,SKU-20011,Yaourt nature 4x125g,4.0,OMG-LYO,,OUI
FreshMarket,FM-000168,2026-02-22,SKU-20015,Jus d'orange 1L,10.0,OMG-LYO,,OUI
FreshMarket,FM-001009,2025-11-24,SKU-20019,Beurre doux 250g,20.0,OMG-MAR,,OUI
FreshMarket,FM-000104,2025-02-14,SKU-20020,Compote pomme 4x100g,39.0,OMG-LYO,,OUI
FreshMarket,FM-001370,2025-11-07,SKU-20013,Filet de poulet 500g,34.0,OMG-MAR,,OUI
FreshMarket,FM-000421,2025-09-17,SKU-20011,Yaourt nature 4x125g,13.0,OMG-LYO,,OUI
FreshMarket,FM-000616,2025-01-05,SKU-20011,Yaourt nature 4x125g,15.0,OMG-LIL,,OUI
FreshMarket,FM-001283,2025-05-06,SKU-20015,Jus d'orange 1L,5.0,OMG-LYO,,OUI
FreshMarket,FM-000401,2026-05-26,SKU-20014,Epinards surgeles 1kg,27.0,OMG-LIL,,OUI
FreshMarket,FM-000185,2025-10-04,SKU-20015,Jus d'orange 1L,16.0,OMG-LYO,,OUI
FreshMarket,FM-000832,2025-08-14,SKU-20020,Compote pomme 4x100g,32.0,OMG-LIL,,OUI
FreshMarket,FM-001044,2026-06-16,SKU-20019,Beurre doux 250g,12.0,OMG-LIL,,OUI
FreshMarket,FM-001180,2026-01-13,SKU-20017,Pommes Gala 1kg,38.0,OMG-LYO,,OUI
FreshMarket,FM-000574,2026-01-20,SKU-20015,Jus d'orange 1L,13.0,OMG-LYO,,OUI
FreshMarket,FM-000061,2026-03-31,SKU-20012,Lait demi-ecreme 1L,11.0,OMG-LYO,,OUI
FreshMarket,FM-001370,2025-11-07,SKU-20014,Epinards surgeles 1kg,40.0,OMG-MAR,,OUI
FreshMarket,FM-000193,2025-02-23,SKU-20017,Pommes Gala 1kg,25.0,OMG-MAR,,OUI
FreshMarket,FM-001322,2026-04-26,SKU-20019,Beurre doux 250g,12.0,OMG-LYO,,OUI
FreshMarket,FM-000076,2025-08-18,SKU-20015,Jus d'orange 1L,1.0,OMG-MAR,,OUI
FreshMarket,FM-001086,2025-05-15,SKU-20014,Epinards surgeles 1kg,7.0,OMG-MAR,,OUI
FreshMarket,FM-000145,2026-01-07,SKU-20019,Beurre doux 250g,23.0,OMG-MAR,,OUI
FreshMarket,FM-001233,2025-08-21,SKU-20017,Pommes Gala 1kg,1.0,OMG-MAR,,OUI
FreshMarket,FM-000383,2025-02-01,SKU-20019,Beurre doux 250g,7.0,OMG-MAR,,OUI
FreshMarket,FM-001358,2025-06-13,SKU-20011,Yaourt nature 4x125g,,OMG-LYO,,OUI
FreshMarket,FM-000589,2026-03-21,SKU-20016,Fromage rape 200g,16.0,OMG-LIL,,OUI
FreshMarket,FM-000902,2026-03-07,SKU-20012,Lait demi-ecreme 1L,28.0,OMG-MAR,,OUI
FreshMarket,FM-000516,2025-12-11,SKU-20013,Filet de poulet 500g,1.0,OMG-MAR,,OUI
FreshMarket,FM-000336,2025-04-13,SKU-20019,Beurre doux 250g,33.0,OMG-LIL,,OUI
FreshMarket,FM-000633,2026-01-30,SKU-20012,Lait demi-ecreme 1L,11.0,OMG-LYO,,OUI
FreshMarket,FM-001342,2025-05-06,SKU-20012,Lait demi-ecreme 1L,28.0,OMG-MAR,,OUI
FreshMarket,FM-000214,2025-09-08,SKU-20018,Pizza surgelee,22.0,OMG-LIL,,OUI
FreshMarket,FM-001346,2025-05-14,SKU-20013,Filet de poulet 500g,17.0,OMG-LIL,,OUI
FreshMarket,FM-000983,2025-06-04,SKU-20015,Jus d'orange 1L,39.0,OMG-LIL,,OUI
FreshMarket,FM-000460,2026-04-22,SKU-20011,Yaourt nature 4x125g,5.0,OMG-LYO,,OUI
FreshMarket,FM-000492,2025-04-13,SKU-20014,Epinards surgeles 1kg,31.0,OMG-MAR,,OUI
FreshMarket,FM-000348,2025-09-21,SKU-20011,Yaourt nature 4x125g,31.0,OMG-LYO,,OUI
FreshMarket,FM-000611,2025-05-18,SKU-20012,Lait demi-ecreme 1L,30.0,OMG-LIL,,OUI
FreshMarket,FM-000563,2026-04-14,SKU-20016,Fromage rape 200g,33.0,OMG-MAR,,OUI
FreshMarket,FM-001156,2025-07-13,SKU-20017,Pommes Gala 1kg,39.0,OMG-LIL,,OUI
FreshMarket,FM-000023,2026-05-23,SKU-20012,Lait demi-ecreme 1L,7.0,OMG-MAR,,OUI
FreshMarket,FM-000400,2025-10-01,SKU-20014,Epinards surgeles 1kg,33.0,OMG-MAR,,OUI
FreshMarket,FM-000923,2025-10-10,SKU-20014,Epinards surgeles 1kg,28.0,OMG-MAR,,OUI
FreshMarket,FM-001072,2026-03-17,SKU-20012,Lait demi-ecreme 1L,24.0,OMG-MAR,,OUI
FreshMarket,FM-000638,2025-03-18,SKU-20014,Epinards surgeles 1kg,22.0,OMG-LYO,,OUI
FreshMarket,FM-001179,2025-07-08,SKU-20011,Yaourt nature 4x125g,28.0,OMG-LYO,,OUI
FreshMarket,FM-000684,2026-04-21,SKU-20015,Jus d'orange 1L,39.0,OMG-MAR,,OUI
FreshMarket,FM-000123,2026-06-12,SKU-20013,Filet de poulet 500g,39.0,OMG-MAR,,OUI
FreshMarket,FM-000633,2026-01-30,SKU-20018,Pizza surgelee,40.0,OMG-LYO,,OUI
FreshMarket,FM-001387,2026-05-26,SKU-20013,Filet de poulet 500g,21.0,OMG-MAR,,OUI
FreshMarket,FM-000313,2025-06-15,SKU-20014,Epinards surgeles 1kg,40.0,OMG-LYO,,OUI
FreshMarket,FM-000530,2025-08-21,SKU-20016,Fromage rape 200g,13.0,OMG-MAR,,OUI
FreshMarket,FM-000749,2026-01-19,SKU-20019,Beurre doux 250g,32.0,OMG-LIL,,OUI
FreshMarket,FM-000978,2025-09-07,SKU-20019,Beurre doux 250g,29.0,OMG-LYO,,OUI
FreshMarket,FM-000768,2026-02-20,SKU-20017,Pommes Gala 1kg,28.0,OMG-MAR,,OUI
FreshMarket,FM-000494,2025-10-15,SKU-20019,Beurre doux 250g,11.0,OMG-LIL,,OUI
FreshMarket,FM-001039,2025-05-14,SKU-20018,Pizza surgelee,12.0,OMG-LYO,,OUI
FreshMarket,FM-000544,2025-03-05,SKU-20019,Beurre doux 250g,9.0,OMG-MAR,,OUI
FreshMarket,FM-001312,2026-02-23,SKU-20019,Beurre doux 250g,22.0,OMG-LIL,,OUI
FreshMarket,FM-000658,2025-05-15,SKU-20014,Epinards surgeles 1kg,30.0,OMG-LIL,,OUI
FreshMarket,FM-001104,2025-05-08,SKU-20020,Compote pomme 4x100g,19.0,OMG-MAR,,OUI
FreshMarket,FM-001065,2025-05-02,SKU-20017,Pommes Gala 1kg,12.0,OMG-MAR,,OUI
FreshMarket,FM-001282,2025-02-15,SKU-20016,Fromage rape 200g,2.0,OMG-LYO,,OUI
FreshMarket,FM-000003,2026-05-13,SKU-20014,Epinards surgeles 1kg,3.0,OMG-LIL,,OUI
FreshMarket,FM-001209,2025-05-22,SKU-20019,Beurre doux 250g,6.0,OMG-LYO,,OUI
FreshMarket,FM-000912,2025-09-04,SKU-20018,Pizza surgelee,32.0,OMG-MAR,,OUI
FreshMarket,FM-000462,2026-06-28,SKU-20018,Pizza surgelee,28.0,OMG-LYO,,OUI
FreshMarket,FM-000020,2026-06-05,SKU-20015,Jus d'orange 1L,26.0,OMG-LYO,,OUI
FreshMarket,FM-001143,2025-07-05,SKU-20015,Jus d'orange 1L,13.0,OMG-LIL,,OUI
FreshMarket,FM-000705,2025-04-10,SKU-20017,Pommes Gala 1kg,11.0,OMG-LIL,,OUI
FreshMarket,FM-000531,2026-05-29,SKU-20015,Jus d'orange 1L,35.0,OMG-LYO,,OUI
FreshMarket,FM-001321,2025-10-10,SKU-20020,Compote pomme 4x100g,3.0,OMG-LIL,,OUI
FreshMarket,FM-001299,2026-01-22,SKU-20013,Filet de poulet 500g,21.0,OMG-MAR,,OUI
FreshMarket,FM-001107,2025-02-12,SKU-20020,Compote pomme 4x100g,17.0,OMG-LIL,,OUI
FreshMarket,FM-001003,2025-05-26,SKU-20014,Epinards surgeles 1kg,30.0,OMG-LIL,,OUI
FreshMarket,FM-000023,2026-05-23,SKU-20015,Jus d'orange 1L,7.0,OMG-MAR,,OUI
FreshMarket,FM-000986,2025-05-22,SKU-20018,Pizza surgelee,34.0,OMG-LYO,,OUI
FreshMarket,FM-000766,2025-11-08,SKU-20016,Fromage rape 200g,33.0,OMG-LIL,,OUI
FreshMarket,FM-000231,2025-03-09,SKU-20016,Fromage rape 200g,13.0,OMG-LIL,,OUI
FreshMarket,FM-000353,2026-06-18,SKU-20011,Yaourt nature 4x125g,1.0,OMG-LIL,,OUI
FreshMarket,FM-001168,2025-07-09,SKU-20018,Pizza surgelee,17.0,OMG-LIL,,OUI
FreshMarket,FM-000175,2026-05-14,SKU-20019,Beurre doux 250g,32.0,OMG-MAR,,OUI
FreshMarket,FM-000037,2026-05-11,SKU-20016,Fromage rape 200g,21.0,OMG-LYO,,OUI
FreshMarket,FM-000479,2025-03-28,SKU-20015,Jus d'orange 1L,39.0,OMG-LYO,,OUI
FreshMarket,FM-000089,2026-04-16,SKU-20019,Beurre doux 250g,14.0,OMG-MAR,,OUI
FreshMarket,FM-000190,2026-04-27,SKU-20013,Filet de poulet 500g,20.0,OMG-LIL,,OUI
FreshMarket,FM-000501,2025-08-23,SKU-20011,Yaourt nature 4x125g,,OMG-LYO,,OUI
FreshMarket,FM-001144,2025-11-26,SKU-20020,Compote pomme 4x100g,9.0,OMG-MAR,,OUI
FreshMarket,FM-000456,2025-05-30,SKU-20020,Compote pomme 4x100g,14.0,OMG-LIL,,OUI
FreshMarket,FM-000792,2026-04-09,SKU-20020,Compote pomme 4x100g,25.0,OMG-LIL,,OUI
FreshMarket,FM-000107,2025-07-15,SKU-20013,Filet de poulet 500g,39.0,OMG-LIL,,OUI
FreshMarket,FM-000122,2026-05-12,SKU-20012,Lait demi-ecreme 1L,26.0,OMG-LIL,,OUI
FreshMarket,FM-000589,2026-03-21,SKU-20014,Epinards surgeles 1kg,23.0,OMG-LIL,,OUI
FreshMarket,FM-000147,2025-04-24,SKU-20012,Lait demi-ecreme 1L,23.0,OMG-LIL,,OUI
FreshMarket,FM-000126,2026-04-21,SKU-20013,Filet de poulet 500g,5.0,OMG-LYO,,OUI
FreshMarket,FM-001305,2025-01-20,SKU-20019,Beurre doux 250g,17.0,OMG-LIL,,OUI
FreshMarket,FM-000658,2025-05-15,SKU-20014,Epinards surgeles 1kg,5.0,OMG-LIL,,OUI
FreshMarket,FM-000273,2025-09-10,SKU-20015,Jus d'orange 1L,,OMG-MAR,,OUI
FreshMarket,FM-000908,2026-03-30,SKU-20015,Jus d'orange 1L,36.0,OMG-LIL,,OUI
FreshMarket,FM-000004,2025-07-27,SKU-20018,Pizza surgelee,26.0,OMG-LIL,,OUI
FreshMarket,FM-000035,2026-03-24,SKU-20018,Pizza surgelee,26.0,OMG-MAR,,OUI
FreshMarket,FM-000776,2025-05-29,SKU-20011,Yaourt nature 4x125g,24.0,OMG-LYO,,OUI
FreshMarket,FM-000191,2025-11-06,SKU-20017,Pommes Gala 1kg,18.0,OMG-LYO,,OUI
FreshMarket,FM-000165,2025-07-02,SKU-20013,Filet de poulet 500g,33.0,OMG-LIL,,OUI
FreshMarket,FM-000062,2025-01-29,SKU-20015,Jus d'orange 1L,21.0,OMG-MAR,,OUI
FreshMarket,FM-000441,2025-08-08,SKU-20017,Pommes Gala 1kg,21.0,OMG-LYO,,OUI
FreshMarket,FM-000321,2026-03-02,SKU-20019,Beurre doux 250g,10.0,OMG-MAR,,OUI
FreshMarket,FM-000451,2025-07-04,SKU-20016,Fromage rape 200g,4.0,OMG-LIL,,OUI
FreshMarket,FM-000984,2026-01-13,SKU-20016,Fromage rape 200g,2.0,OMG-LIL,,OUI
FreshMarket,FM-000766,2025-11-08,SKU-20017,Pommes Gala 1kg,33.0,OMG-LIL,,OUI
FreshMarket,FM-000107,2025-07-15,SKU-20013,Filet de poulet 500g,23.0,OMG-LIL,,OUI
FreshMarket,FM-000340,2025-05-01,SKU-20019,Beurre doux 250g,28.0,OMG-LYO,,OUI
FreshMarket,FM-000253,2025-10-22,SKU-20013,Filet de poulet 500g,29.0,OMG-LIL,,OUI
FreshMarket,FM-000326,2025-03-26,SKU-20014,Epinards surgeles 1kg,17.0,OMG-MAR,,OUI
FreshMarket,FM-000076,2025-08-18,SKU-20020,Compote pomme 4x100g,4.0,OMG-MAR,,OUI
FreshMarket,FM-001124,2026-04-23,SKU-20011,Yaourt nature 4x125g,17.0,OMG-MAR,,OUI
FreshMarket,FM-000331,2025-09-25,SKU-20020,Compote pomme 4x100g,1.0,OMG-LIL,,OUI
FreshMarket,FM-001072,2026-03-17,SKU-20013,Filet de poulet 500g,40.0,OMG-MAR,,OUI
FreshMarket,FM-001370,2025-11-07,SKU-20013,Filet de poulet 500g,17.0,OMG-MAR,,OUI
FreshMarket,FM-001186,2025-07-02,SKU-20014,Epinards surgeles 1kg,30.0,OMG-LIL,,OUI
FreshMarket,FM-000771,2026-05-09,SKU-20017,Pommes Gala 1kg,6.0,OMG-LIL,,OUI
FreshMarket,FM-001085,2025-11-10,SKU-20013,Filet de poulet 500g,21.0,OMG-LIL,,OUI
FreshMarket,FM-000616,2025-01-05,SKU-20012,Lait demi-ecreme 1L,37.0,OMG-LIL,,OUI
FreshMarket,FM-000285,2025-07-18,SKU-20011,Yaourt nature 4x125g,7.0,OMG-MAR,,OUI
FreshMarket,FM-000583,2025-11-08,SKU-20017,Pommes Gala 1kg,4.0,OMG-LIL,,OUI
FreshMarket,FM-000923,2025-10-10,SKU-20011,Yaourt nature 4x125g,38.0,OMG-MAR,,OUI
FreshMarket,FM-001257,2025-04-15,SKU-20017,Pommes Gala 1kg,3.0,OMG-LYO,,OUI
FreshMarket,FM-000986,2025-05-22,SKU-20017,Pommes Gala 1kg,37.0,OMG-LYO,,OUI
FreshMarket,FM-000512,2025-03-12,SKU-20019,Beurre doux 250g,40.0,OMG-LYO,,OUI
FreshMarket,FM-000142,2026-06-08,SKU-20020,Compote pomme 4x100g,20.0,OMG-LIL,,OUI
FreshMarket,FM-000194,2026-01-29,SKU-20019,Beurre doux 250g,3.0,OMG-MAR,,OUI
FreshMarket,FM-000148,2025-03-26,SKU-20014,Epinards surgeles 1kg,15.0,OMG-LYO,,OUI
FreshMarket,FM-000675,2025-06-12,SKU-20015,Jus d'orange 1L,1.0,OMG-MAR,,OUI
FreshMarket,FM-000059,2025-09-08,SKU-20012,Lait demi-ecreme 1L,15.0,OMG-MAR,,OUI
FreshMarket,FM-001209,2025-05-22,SKU-20011,Yaourt nature 4x125g,18.0,OMG-LYO,,OUI
FreshMarket,FM-000226,2026-02-11,SKU-20013,Filet de poulet 500g,18.0,OMG-LIL,,OUI
FreshMarket,FM-001398,2025-05-14,SKU-20015,Jus d'orange 1L,28.0,OMG-LIL,,OUI
FreshMarket,FM-000025,2026-07-30,SKU-20019,Beurre doux 250g,1.0,OMG-LYO,,OUI
FreshMarket,FM-000145,2026-01-07,SKU-20019,Beurre doux 250g,22.0,OMG-MAR,,OUI
FreshMarket,FM-000904,2026-06-10,SKU-20020,Compote pomme 4x100g,24.0,OMG-MAR,,OUI
FreshMarket,FM-000114,2025-04-27,SKU-20014,Epinards surgeles 1kg,20.0,OMG-LYO,,OUI
FreshMarket,FM-000041,2025-07-15,SKU-20011,Yaourt nature 4x125g,2.0,OMG-LIL,,OUI
FreshMarket,FM-001358,2025-06-13,SKU-20020,Compote pomme 4x100g,39.0,OMG-LYO,,OUI
FreshMarket,FM-001041,2026-04-14,SKU-20019,Beurre doux 250g,25.0,OMG-LYO,,OUI
FreshMarket,FM-000193,2025-02-23,SKU-20018,Pizza surgelee,9.0,OMG-MAR,,OUI
FreshMarket,FM-000128,2026-03-21,SKU-20015,Jus d'orange 1L,26.0,OMG-MAR,,OUI
FreshMarket,FM-001366,2025-10-03,SKU-20019,Beurre doux 250g,16.0,OMG-LYO,,OUI
FreshMarket,FM-001094,2025-04-24,SKU-20018,Pizza surgelee,21.0,OMG-MAR,,OUI
FreshMarket,FM-000446,2026-02-06,SKU-20019,Beurre doux 250g,38.0,OMG-LIL,,OUI
FreshMarket,FM-000132,2025-06-13,SKU-20018,Pizza surgelee,35.0,OMG-MAR,,OUI
FreshMarket,FM-000239,2026-03-08,SKU-20012,Lait demi-ecreme 1L,30.0,OMG-LIL,,OUI
FreshMarket,FM-000810,2025-12-09,SKU-20011,Yaourt nature 4x125g,,OMG-LYO,,OUI
FreshMarket,FM-000371,2025-05-30,SKU-20017,Pommes Gala 1kg,29.0,OMG-LYO,,OUI
FreshMarket,FM-001361,2025-04-18,SKU-20018,Pizza surgelee,23.0,OMG-MAR,,OUI
FreshMarket,FM-000389,2025-05-15,SKU-20012,Lait demi-ecreme 1L,39.0,OMG-LIL,,OUI
FreshMarket,FM-000591,2025-03-05,SKU-20012,Lait demi-ecreme 1L,24.0,OMG-LIL,,OUI
FreshMarket,FM-000207,2025-06-19,SKU-20014,Epinards surgeles 1kg,20.0,OMG-MAR,,OUI
FreshMarket,FM-000831,2025-07-02,SKU-20018,Pizza surgelee,40.0,OMG-LYO,,OUI
FreshMarket,FM-000802,2026-06-19,SKU-20015,Jus d'orange 1L,11.0,OMG-LIL,,OUI
FreshMarket,FM-000771,2026-05-09,SKU-20012,Lait demi-ecreme 1L,18.0,OMG-LIL,,OUI
FreshMarket,FM-000866,2026-05-14,SKU-20013,Filet de poulet 500g,2.0,OMG-LYO,,OUI
FreshMarket,FM-000039,2025-11-22,SKU-20018,Pizza surgelee,15.0,OMG-LIL,,OUI
FreshMarket,FM-000239,2026-03-08,SKU-20012,Lait demi-ecreme 1L,9.0,OMG-LIL,,OUI
FreshMarket,FM-000960,2025-03-28,SKU-20018,Pizza surgelee,14.0,OMG-MAR,,OUI
FreshMarket,FM-000632,2026-04-11,SKU-20011,Yaourt nature 4x125g,40.0,OMG-LIL,,OUI
FreshMarket,FM-000571,2025-01-17,SKU-20018,Pizza surgelee,2.0,OMG-LIL,,OUI
FreshMarket,FM-000179,2025-12-23,SKU-20011,Yaourt nature 4x125g,6.0,OMG-LIL,,OUI
FreshMarket,FM-000795,2026-03-13,SKU-20019,Beurre doux 250g,14.0,OMG-LYO,,OUI
FreshMarket,FM-000185,2025-10-04,SKU-20017,Pommes Gala 1kg,12.0,OMG-LYO,,OUI
FreshMarket,FM-000486,2025-03-28,SKU-20020,Compote pomme 4x100g,3.0,OMG-LYO,,OUI
FreshMarket,FM-000120,2025-11-07,SKU-20016,Fromage rape 200g,12.0,OMG-LIL,,OUI
FreshMarket,FM-001089,2025-08-30,SKU-20020,Compote pomme 4x100g,9.0,OMG-MAR,,OUI
FreshMarket,FM-000190,2026-04-27,SKU-20017,Pommes Gala 1kg,39.0,OMG-LIL,,OUI
FreshMarket,FM-000209,2026-04-20,SKU-20014,Epinards surgeles 1kg,14.0,OMG-MAR,,OUI
FreshMarket,FM-000494,2025-10-15,SKU-20016,Fromage rape 200g,29.0,OMG-LIL,,OUI
FreshMarket,FM-001321,2025-10-10,SKU-20018,Pizza surgelee,9.0,OMG-LIL,,OUI
FreshMarket,FM-000350,2026-03-07,SKU-20014,Epinards surgeles 1kg,32.0,OMG-LYO,,OUI
FreshMarket,FM-001358,2025-06-13,SKU-20015,Jus d'orange 1L,38.0,OMG-LYO,,OUI
FreshMarket,FM-000129,2026-06-13,SKU-20013,Filet de poulet 500g,9.0,OMG-LIL,,OUI
FreshMarket,FM-000602,2026-06-12,SKU-20012,Lait demi-ecreme 1L,21.0,OMG-LIL,,OUI
FreshMarket,FM-000564,2026-04-12,SKU-20011,Yaourt nature 4x125g,33.0,OMG-MAR,,OUI
FreshMarket,FM-001042,2025-10-06,SKU-20016,Fromage rape 200g,34.0,OMG-LYO,,OUI
FreshMarket,FM-001265,2026-06-16,SKU-20014,Epinards surgeles 1kg,7.0,OMG-LYO,,OUI
FreshMarket,FM-000212,2025-08-05,SKU-20011,Yaourt nature 4x125g,6.0,OMG-MAR,,OUI
FreshMarket,FM-000655,2026-04-10,SKU-20014,Epinards surgeles 1kg,16.0,OMG-LYO,,OUI
FreshMarket,FM-001295,2025-01-31,SKU-20011,Yaourt nature 4x125g,11.0,OMG-MAR,,OUI
FreshMarket,FM-000080,2025-11-03,SKU-20016,Fromage rape 200g,7.0,OMG-LYO,,OUI
FreshMarket,FM-000481,2026-03-27,SKU-20011,Yaourt nature 4x125g,27.0,OMG-LIL,,OUI
FreshMarket,FM-001184,2025-08-15,SKU-20020,Compote pomme 4x100g,17.0,OMG-MAR,,OUI
FreshMarket,FM-001387,2026-05-26,SKU-20012,Lait demi-ecreme 1L,6.0,OMG-MAR,,OUI
FreshMarket,FM-001396,2025-02-02,SKU-20020,Compote pomme 4x100g,15.0,OMG-LYO,,OUI
FreshMarket,FM-001154,2026-02-25,SKU-20019,Beurre doux 250g,22.0,OMG-LYO,,OUI
FreshMarket,FM-001087,2025-05-03,SKU-20017,Pommes Gala 1kg,28.0,OMG-LIL,,OUI
FreshMarket,FM-000702,2026-02-27,SKU-20014,Epinards surgeles 1kg,20.0,OMG-LIL,,OUI
FreshMarket,FM-001002,2025-02-07,SKU-20011,Yaourt nature 4x125g,10.0,OMG-MAR,,OUI
FreshMarket,FM-000550,2025-10-15,SKU-20018,Pizza surgelee,9.0,OMG-LYO,,OUI
FreshMarket,FM-000904,2026-06-10,SKU-20020,Compote pomme 4x100g,11.0,OMG-MAR,,OUI
FreshMarket,FM-000636,2026-02-07,SKU-20017,Pommes Gala 1kg,27.0,OMG-LIL,,OUI
FreshMarket,FM-000562,2025-01-16,SKU-20015,Jus d'orange 1L,10.0,OMG-LYO,,OUI
FreshMarket,FM-001109,2026-03-12,SKU-20012,Lait demi-ecreme 1L,40.0,OMG-LIL,,OUI
FreshMarket,FM-000741,2025-11-09,SKU-20013,Filet de poulet 500g,1.0,OMG-MAR,,OUI
FreshMarket,FM-000607,2025-07-14,SKU-20015,Jus d'orange 1L,3.0,OMG-MAR,,OUI
FreshMarket,FM-000321,2026-03-02,SKU-20014,Epinards surgeles 1kg,27.0,OMG-MAR,,OUI
FreshMarket,FM-000155,2025-07-12,SKU-20020,Compote pomme 4x100g,1.0,OMG-LIL,,OUI
FreshMarket,FM-001310,2025-12-21,SKU-20012,Lait demi-ecreme 1L,38.0,OMG-LYO,,OUI
FreshMarket,FM-000556,2025-04-01,SKU-20011,Yaourt nature 4x125g,29.0,OMG-LIL,,OUI
FreshMarket,FM-000883,2026-01-29,SKU-20019,Beurre doux 250g,21.0,OMG-LYO,,OUI
FreshMarket,FM-000913,2025-09-26,SKU-20020,Compote pomme 4x100g,36.0,OMG-MAR,,OUI
FreshMarket,FM-000759,2026-07-18,SKU-20012,Lait demi-ecreme 1L,22.0,OMG-LIL,,OUI
FreshMarket,FM-000185,2025-10-04,SKU-20012,Lait demi-ecreme 1L,,OMG-LYO,,OUI
FreshMarket,FM-001292,2025-02-17,SKU-20011,Yaourt nature 4x125g,25.0,OMG-MAR,,OUI
FreshMarket,FM-000397,2025-09-15,SKU-20018,Pizza surgelee,40.0,OMG-LYO,,OUI
FreshMarket,FM-001087,2025-05-03,SKU-20020,Compote pomme 4x100g,32.0,OMG-LIL,,OUI
FreshMarket,FM-001355,2025-01-03,SKU-20016,Fromage rape 200g,12.0,OMG-MAR,,OUI
FreshMarket,FM-000755,2026-02-10,SKU-20020,Compote pomme 4x100g,4.0,OMG-LYO,,OUI
FreshMarket,FM-000983,2025-06-04,SKU-20012,Lait demi-ecreme 1L,27.0,OMG-LIL,,OUI
FreshMarket,FM-000575,2025-12-07,SKU-20020,Compote pomme 4x100g,30.0,OMG-LIL,,OUI
FreshMarket,FM-000528,2026-01-26,SKU-20013,Filet de poulet 500g,40.0,OMG-LIL,,OUI
FreshMarket,FM-000977,2026-03-14,SKU-20018,Pizza surgelee,18.0,OMG-LIL,,OUI
FreshMarket,FM-000957,2025-01-24,SKU-20020,Compote pomme 4x100g,29.0,OMG-LYO,,OUI
FreshMarket,FM-000741,2025-11-09,SKU-20011,Yaourt nature 4x125g,8.0,OMG-MAR,,OUI
FreshMarket,FM-001109,2026-03-12,SKU-20012,Lait demi-ecreme 1L,1.0,OMG-LIL,,OUI
FreshMarket,FM-000977,2026-03-14,SKU-20011,Yaourt nature 4x125g,27.0,OMG-LIL,,OUI
FreshMarket,FM-000674,2025-11-28,SKU-20015,Jus d'orange 1L,27.0,OMG-LYO,,OUI
FreshMarket,FM-000587,2026-07-18,SKU-20019,Beurre doux 250g,35.0,OMG-LIL,,OUI
FreshMarket,FM-000821,2025-04-06,SKU-20016,Fromage rape 200g,1.0,OMG-MAR,,OUI
FreshMarket,FM-001342,2025-05-06,SKU-20018,Pizza surgelee,18.0,OMG-MAR,,OUI
FreshMarket,FM-000084,2026-05-30,SKU-20013,Filet de poulet 500g,37.0,OMG-LYO,,OUI
FreshMarket,FM-000185,2025-10-04,SKU-20020,Compote pomme 4x100g,25.0,OMG-LYO,,OUI
FreshMarket,FM-000707,2026-04-14,SKU-20012,Lait demi-ecreme 1L,35.0,OMG-LYO,,OUI
FreshMarket,FM-001093,2026-07-20,SKU-20015,Jus d'orange 1L,10.0,OMG-MAR,,OUI
FreshMarket,FM-000924,2026-01-27,SKU-20014,Epinards surgeles 1kg,17.0,OMG-MAR,,OUI
FreshMarket,FM-000050,2025-08-23,SKU-20011,Yaourt nature 4x125g,4.0,OMG-LYO,,OUI
FreshMarket,FM-001346,2025-05-14,SKU-20018,Pizza surgelee,28.0,OMG-LIL,,OUI
FreshMarket,FM-000572,2025-09-17,SKU-20017,Pommes Gala 1kg,32.0,OMG-LYO,,OUI
FreshMarket,FM-000451,2025-07-04,SKU-20014,Epinards surgeles 1kg,37.0,OMG-LIL,,OUI
FreshMarket,FM-000293,2025-02-05,SKU-20014,Epinards surgeles 1kg,22.0,OMG-LIL,,OUI
FreshMarket,FM-001351,2025-11-27,SKU-20011,Yaourt nature 4x125g,22.0,OMG-LIL,,OUI
FreshMarket,FM-000790,2025-06-20,SKU-20015,Jus d'orange 1L,18.0,OMG-LYO,,OUI
FreshMarket,FM-000214,2025-09-08,SKU-20019,Beurre doux 250g,37.0,OMG-LIL,,OUI
FreshMarket,FM-000179,2025-12-23,SKU-20015,Jus d'orange 1L,6.0,OMG-LIL,,OUI
FreshMarket,FM-000067,2026-01-12,SKU-20014,Epinards surgeles 1kg,16.0,OMG-MAR,,OUI
FreshMarket,FM-001323,2025-06-17,SKU-20013,Filet de poulet 500g,2.0,OMG-MAR,,OUI
FreshMarket,FM-000232,2025-08-25,SKU-20020,Compote pomme 4x100g,32.0,OMG-MAR,,OUI
FreshMarket,FM-001186,2025-07-02,SKU-20016,Fromage rape 200g,14.0,OMG-LIL,,OUI
FreshMarket,FM-000887,2025-08-15,SKU-20012,Lait demi-ecreme 1L,15.0,OMG-LYO,,OUI
FreshMarket,FM-000916,2026-04-22,SKU-20013,Filet de poulet 500g,9.0,OMG-LYO,,OUI
FreshMarket,FM-001321,2025-10-10,SKU-20017,Pommes Gala 1kg,10.0,OMG-LIL,,OUI
FreshMarket,FM-000574,2026-01-20,SKU-20018,Pizza surgelee,28.0,OMG-LYO,,OUI
FreshMarket,FM-000446,2026-02-06,SKU-20015,Jus d'orange 1L,40.0,OMG-LIL,,OUI
FreshMarket,FM-000528,2026-01-26,SKU-20017,Pommes Gala 1kg,13.0,OMG-LIL,,OUI
FreshMarket,FM-000341,2026-03-08,SKU-20017,Pommes Gala 1kg,9.0,OMG-MAR,,OUI
FreshMarket,FM-000047,2026-06-29,SKU-20014,Epinards surgeles 1kg,31.0,OMG-MAR,,OUI
FreshMarket,FM-000678,2025-08-03,SKU-20020,Compote pomme 4x100g,16.0,OMG-LYO,,OUI
FreshMarket,FM-000315,2026-07-17,SKU-20018,Pizza surgelee,3.0,OMG-MAR,,OUI
FreshMarket,FM-001384,2026-02-22,SKU-20014,Epinards surgeles 1kg,33.0,OMG-LIL,,OUI
FreshMarket,FM-000500,2025-01-06,SKU-20017,Pommes Gala 1kg,12.0,OMG-LYO,,OUI
FreshMarket,FM-000723,2026-07-18,SKU-20013,Filet de poulet 500g,10.0,OMG-MAR,,OUI
FreshMarket,FM-000920,2026-06-25,SKU-20016,Fromage rape 200g,38.0,OMG-MAR,,OUI
FreshMarket,FM-000638,2025-03-18,SKU-20011,Yaourt nature 4x125g,35.0,OMG-LYO,,OUI
FreshMarket,FM-000194,2026-01-29,SKU-20020,Compote pomme 4x100g,6.0,OMG-MAR,,OUI
FreshMarket,FM-000446,2026-02-06,SKU-20011,Yaourt nature 4x125g,22.0,OMG-LIL,,OUI
FreshMarket,FM-001186,2025-07-02,SKU-20013,Filet de poulet 500g,10.0,OMG-LIL,,OUI
FreshMarket,FM-000004,2025-07-27,SKU-20018,Pizza surgelee,10.0,OMG-LIL,,OUI
FreshMarket,FM-000157,2026-03-03,SKU-20019,Beurre doux 250g,,OMG-MAR,,OUI
FreshMarket,FM-001388,2025-07-15,SKU-20019,Beurre doux 250g,26.0,OMG-MAR,,OUI
FreshMarket,FM-000062,2025-01-29,SKU-20012,Lait demi-ecreme 1L,26.0,OMG-MAR,,OUI
FreshMarket,FM-000027,2025-05-01,SKU-20017,Pommes Gala 1kg,2.0,OMG-MAR,,OUI
FreshMarket,FM-000846,2025-01-24,SKU-20015,Jus d'orange 1L,13.0,OMG-MAR,,OUI
FreshMarket,FM-000502,2026-05-23,SKU-20011,Yaourt nature 4x125g,8.0,OMG-LYO,,OUI
FreshMarket,FM-001322,2026-04-26,SKU-20017,Pommes Gala 1kg,4.0,OMG-LYO,,OUI
FreshMarket,FM-000058,2025-12-31,SKU-20018,Pizza surgelee,6.0,OMG-LYO,,OUI
FreshMarket,FM-000348,2025-09-21,SKU-20018,Pizza surgelee,38.0,OMG-LYO,,OUI
FreshMarket,FM-000978,2025-09-07,SKU-20016,Fromage rape 200g,36.0,OMG-LYO,,OUI
FreshMarket,FM-001194,2025-01-14,SKU-20018,Pizza surgelee,27.0,OMG-LIL,,OUI
FreshMarket,FM-000773,2026-02-20,SKU-20017,Pommes Gala 1kg,23.0,OMG-LIL,,OUI
FreshMarket,FM-001075,2025-07-31,SKU-20011,Yaourt nature 4x125g,37.0,OMG-LYO,,OUI
FreshMarket,FM-000936,2025-05-08,SKU-20012,Lait demi-ecreme 1L,26.0,OMG-LYO,,OUI
FreshMarket,FM-000126,2026-04-21,SKU-20014,Epinards surgeles 1kg,8.0,OMG-LYO,,OUI
FreshMarket,FM-001310,2025-12-21,SKU-20018,Pizza surgelee,1.0,OMG-LYO,,OUI
FreshMarket,FM-001295,2025-01-31,SKU-20015,Jus d'orange 1L,16.0,OMG-MAR,,OUI
FreshMarket,FM-001203,2025-09-30,SKU-20014,Epinards surgeles 1kg,40.0,OMG-MAR,,OUI
FreshMarket,FM-001190,2026-06-28,SKU-20012,Lait demi-ecreme 1L,32.0,OMG-MAR,,OUI
FreshMarket,FM-000453,2025-10-24,SKU-20015,Jus d'orange 1L,18.0,OMG-LIL,,OUI
FreshMarket,FM-000035,2026-03-24,SKU-20014,Epinards surgeles 1kg,10.0,OMG-MAR,,OUI
FreshMarket,FM-000410,2025-05-10,SKU-20013,Filet de poulet 500g,30.0,OMG-LIL,,OUI
FreshMarket,FM-001209,2025-05-22,SKU-20012,Lait demi-ecreme 1L,15.0,OMG-LYO,,OUI
FreshMarket,FM-000311,2026-07-06,SKU-20013,Filet de poulet 500g,21.0,OMG-LIL,,OUI
FreshMarket,FM-000119,2025-11-06,SKU-20018,Pizza surgelee,17.0,OMG-MAR,,OUI
FreshMarket,FM-001245,2026-02-05,SKU-20017,Pommes Gala 1kg,25.0,OMG-MAR,,OUI
FreshMarket,FM-000090,2025-11-20,SKU-20017,Pommes Gala 1kg,21.0,OMG-LIL,,OUI
FreshMarket,FM-001352,2025-12-06,SKU-20016,Fromage rape 200g,38.0,OMG-LIL,,OUI
FreshMarket,FM-001143,2025-07-05,SKU-20016,Fromage rape 200g,34.0,OMG-LIL,,OUI
FreshMarket,FM-000010,2025-05-09,SKU-20019,Beurre doux 250g,29.0,OMG-MAR,,OUI
FreshMarket,FM-000377,2025-05-30,SKU-20016,Fromage rape 200g,9.0,OMG-MAR,,OUI
FreshMarket,FM-000984,2026-01-13,SKU-20011,Yaourt nature 4x125g,33.0,OMG-LIL,,OUI
FreshMarket,FM-001283,2025-05-06,SKU-20014,Epinards surgeles 1kg,13.0,OMG-LYO,,OUI
FreshMarket,FM-001107,2025-02-12,SKU-20014,Epinards surgeles 1kg,33.0,OMG-LIL,,OUI
FreshMarket,FM-000908,2026-03-30,SKU-20019,Beurre doux 250g,13.0,OMG-LIL,,OUI
FreshMarket,FM-000495,2025-05-02,SKU-20013,Filet de poulet 500g,37.0,OMG-LIL,,OUI
FreshMarket,FM-000622,2025-05-30,SKU-20020,Compote pomme 4x100g,5.0,OMG-MAR,,OUI
FreshMarket,FM-001383,2025-08-01,SKU-20015,Jus d'orange 1L,11.0,OMG-MAR,,OUI
FreshMarket,FM-000104,2025-02-14,SKU-20019,Beurre doux 250g,25.0,OMG-LYO,,OUI
FreshMarket,FM-000121,2025-03-21,SKU-20020,Compote pomme 4x100g,28.0,OMG-LIL,,OUI
FreshMarket,FM-000831,2025-07-02,SKU-20015,Jus d'orange 1L,40.0,OMG-LYO,,OUI
FreshMarket,FM-000714,2025-11-26,SKU-20019,Beurre doux 250g,35.0,OMG-LYO,,OUI
FreshMarket,FM-000814,2025-02-23,SKU-20017,Pommes Gala 1kg,22.0,OMG-MAR,,OUI
FreshMarket,FM-000132,2025-06-13,SKU-20018,Pizza surgelee,16.0,OMG-MAR,,OUI
FreshMarket,FM-001184,2025-08-15,SKU-20012,Lait demi-ecreme 1L,40.0,OMG-MAR,,OUI
FreshMarket,FM-000397,2025-09-15,SKU-20013,Filet de poulet 500g,2.0,OMG-LYO,,OUI
FreshMarket,FM-000389,2025-05-15,SKU-20012,Lait demi-ecreme 1L,4.0,OMG-LIL,,OUI
FreshMarket,FM-000912,2025-09-04,SKU-20015,Jus d'orange 1L,10.0,OMG-MAR,,OUI
FreshMarket,FM-000272,2026-06-10,SKU-20019,Beurre doux 250g,39.0,OMG-LIL,,OUI
FreshMarket,FM-000272,2026-06-10,SKU-20020,Compote pomme 4x100g,19.0,OMG-LIL,,OUI
FreshMarket,FM-000180,2025-10-20,SKU-20011,Yaourt nature 4x125g,11.0,OMG-LIL,,OUI
FreshMarket,FM-000530,2025-08-21,SKU-20015,Jus d'orange 1L,40.0,OMG-MAR,,OUI
FreshMarket,FM-000345,2025-10-02,SKU-20019,Beurre doux 250g,1.0,OMG-LIL,,OUI
FreshMarket,FM-001062,2026-07-07,SKU-20017,Pommes Gala 1kg,9.0,OMG-LIL,,OUI
FreshMarket,FM-000341,2026-03-08,SKU-20012,Lait demi-ecreme 1L,,OMG-MAR,,OUI
FreshMarket,FM-000382,2025-12-30,SKU-20016,Fromage rape 200g,36.0,OMG-LYO,,OUI
FreshMarket,FM-001366,2025-10-03,SKU-20019,Beurre doux 250g,15.0,OMG-LYO,,OUI
FreshMarket,FM-000550,2025-10-15,SKU-20016,Fromage rape 200g,26.0,OMG-LYO,,OUI
FreshMarket,FM-000749,2026-01-19,SKU-20017,Pommes Gala 1kg,27.0,OMG-LIL,,OUI
FreshMarket,FM-000873,2025-05-10,SKU-20012,Lait demi-ecreme 1L,9.0,OMG-LYO,,OUI
FreshMarket,FM-001041,2026-04-14,SKU-20016,Fromage rape 200g,30.0,OMG-LYO,,OUI
FreshMarket,FM-000790,2025-06-20,SKU-20018,Pizza surgelee,13.0,OMG-LYO,,OUI
FreshMarket,FM-000920,2026-06-25,SKU-20012,Lait demi-ecreme 1L,8.0,OMG-MAR,,OUI
FreshMarket,FM-000783,2025-03-19,SKU-20019,Beurre doux 250g,8.0,OMG-LYO,,OUI
FreshMarket,FM-001265,2026-06-16,SKU-20015,Jus d'orange 1L,22.0,OMG-LYO,,OUI
FreshMarket,FM-001257,2025-04-15,SKU-20012,Lait demi-ecreme 1L,6.0,OMG-LYO,,OUI
FreshMarket,FM-000512,2025-03-12,SKU-20020,Compote pomme 4x100g,23.0,OMG-LYO,,OUI
FreshMarket,FM-000193,2025-02-23,SKU-20015,Jus d'orange 1L,16.0,OMG-MAR,,OUI
FreshMarket,FM-000326,2025-03-26,SKU-20012,Lait demi-ecreme 1L,5.0,OMG-MAR,,OUI
FreshMarket,FM-000923,2025-10-10,SKU-20018,Pizza surgelee,11.0,OMG-MAR,,OUI
FreshMarket,FM-001184,2025-08-15,SKU-20015,Jus d'orange 1L,9.0,OMG-MAR,,OUI
FreshMarket,FM-001049,2026-06-21,SKU-20015,Jus d'orange 1L,39.0,OMG-LIL,,OUI
FreshMarket,FM-001075,2025-07-31,SKU-20019,Beurre doux 250g,3.0,OMG-LYO,,OUI
FreshMarket,FM-001123,2025-04-03,SKU-20017,Pommes Gala 1kg,1.0,OMG-LIL,,OUI
FreshMarket,FM-000777,2025-10-01,SKU-20013,Filet de poulet 500g,,OMG-LIL,,OUI
FreshMarket,FM-000273,2025-09-10,SKU-20013,Filet de poulet 500g,34.0,OMG-MAR,,OUI
FreshMarket,FM-000318,2026-05-05,SKU-20011,Yaourt nature 4x125g,25.0,OMG-LIL,,OUI
FreshMarket,FM-001104,2025-05-08,SKU-20019,Beurre doux 250g,1.0,OMG-MAR,,OUI
FreshMarket,FM-001111,2025-10-17,SKU-20015,Jus d'orange 1L,10.0,OMG-MAR,,OUI
FreshMarket,FM-000591,2025-03-05,SKU-20014,Epinards surgeles 1kg,29.0,OMG-LIL,,OUI
FreshMarket,FM-001201,2025-04-05,SKU-20018,Pizza surgelee,33.0,OMG-LIL,,OUI
FreshMarket,FM-001168,2025-07-09,SKU-20018,Pizza surgelee,26.0,OMG-LIL,,OUI
FreshMarket,FM-001379,2025-03-12,SKU-20012,Lait demi-ecreme 1L,40.0,OMG-MAR,,OUI
FreshMarket,FM-000321,2026-03-02,SKU-20014,Epinards surgeles 1kg,23.0,OMG-MAR,,OUI
FreshMarket,FM-000673,2026-04-01,SKU-20019,Beurre doux 250g,13.0,OMG-MAR,,OUI
FreshMarket,FM-001021,2026-05-09,SKU-20014,Epinards surgeles 1kg,36.0,OMG-MAR,,OUI
FreshMarket,FM-000495,2025-05-02,SKU-20015,Jus d'orange 1L,31.0,OMG-LIL,,OUI
FreshMarket,FM-000345,2025-10-02,SKU-20020,Compote pomme 4x100g,13.0,OMG-LIL,,OUI
FreshMarket,FM-000462,2026-06-28,SKU-20017,Pommes Gala 1kg,5.0,OMG-LYO,,OUI
FreshMarket,FM-001390,2026-05-12,SKU-20013,Filet de poulet 500g,8.0,OMG-LYO,,OUI
FreshMarket,FM-000866,2026-05-14,SKU-20016,Fromage rape 200g,39.0,OMG-LYO,,OUI
FreshMarket,FM-000431,2025-02-09,SKU-20012,Lait demi-ecreme 1L,28.0,OMG-MAR,,OUI
FreshMarket,FM-000531,2026-05-29,SKU-20020,Compote pomme 4x100g,28.0,OMG-LYO,,OUI
FreshMarket,FM-000749,2026-01-19,SKU-20020,Compote pomme 4x100g,22.0,OMG-LIL,,OUI
FreshMarket,FM-000879,2026-01-13,SKU-20020,Compote pomme 4x100g,7.0,OMG-LIL,,OUI
FreshMarket,FM-000045,2026-07-22,SKU-20014,Epinards surgeles 1kg,30.0,OMG-LIL,,OUI
FreshMarket,FM-000906,2025-05-26,SKU-20019,Beurre doux 250g,30.0,OMG-MAR,,OUI
FreshMarket,FM-000383,2025-02-01,SKU-20012,Lait demi-ecreme 1L,,OMG-MAR,,OUI
FreshMarket,FM-000148,2025-03-26,SKU-20014,Epinards surgeles 1kg,16.0,OMG-LYO,,OUI
FreshMarket,FM-000655,2026-04-10,SKU-20011,Yaourt nature 4x125g,27.0,OMG-LYO,,OUI
FreshMarket,FM-000575,2025-12-07,SKU-20020,Compote pomme 4x100g,22.0,OMG-LIL,,OUI
FreshMarket,FM-001027,2026-06-24,SKU-20014,Epinards surgeles 1kg,10.0,OMG-LYO,,OUI
FreshMarket,FM-000194,2026-01-29,SKU-20012,Lait demi-ecreme 1L,16.0,OMG-MAR,,OUI
FreshMarket,FM-000356,2025-04-15,SKU-20015,Jus d'orange 1L,36.0,OMG-LIL,,OUI
FreshMarket,FM-000597,2025-11-04,SKU-20018,Pizza surgelee,18.0,OMG-LYO,,OUI
FreshMarket,FM-000723,2026-07-18,SKU-20012,Lait demi-ecreme 1L,2.0,OMG-MAR,,OUI
FreshMarket,FM-001322,2026-04-26,SKU-20014,Epinards surgeles 1kg,7.0,OMG-LYO,,OUI
FreshMarket,FM-001358,2025-06-13,SKU-20020,Compote pomme 4x100g,8.0,OMG-LYO,,OUI
FreshMarket,FM-000898,2026-06-30,SKU-20017,Pommes Gala 1kg,2.0,OMG-LIL,,OUI
FreshMarket,FM-000791,2026-01-21,SKU-20015,Jus d'orange 1L,26.0,OMG-MAR,,OUI
FreshMarket,FM-000462,2026-06-28,SKU-20020,Compote pomme 4x100g,1.0,OMG-LYO,,OUI
FreshMarket,FM-001180,2026-01-13,SKU-20017,Pommes Gala 1kg,16.0,OMG-LYO,,OUI
FreshMarket,FM-001048,2025-10-16,SKU-20013,Filet de poulet 500g,39.0,OMG-LYO,,OUI
FreshMarket,FM-001175,2025-03-04,SKU-20018,Pizza surgelee,,OMG-LYO,,OUI
FreshMarket,FM-001174,2025-11-28,SKU-20011,Yaourt nature 4x125g,17.0,OMG-LYO,,OUI
FreshMarket,FM-000957,2025-01-24,SKU-20018,Pizza surgelee,16.0,OMG-LYO,,OUI
FreshMarket,FM-000245,2025-05-20,SKU-20014,Epinards surgeles 1kg,2.0,OMG-LIL,,OUI
FreshMarket,FM-000607,2025-07-14,SKU-20013,Filet de poulet 500g,35.0,OMG-MAR,,OUI
FreshMarket,FM-001147,2026-03-30,SKU-20011,Yaourt nature 4x125g,28.0,OMG-MAR,,OUI
FreshMarket,FM-000114,2025-04-27,SKU-20012,Lait demi-ecreme 1L,19.0,OMG-LYO,,OUI
FreshMarket,FM-000356,2025-04-15,SKU-20019,Beurre doux 250g,21.0,OMG-LIL,,OUI
FreshMarket,FM-001188,2026-05-16,SKU-20014,Epinards surgeles 1kg,31.0,OMG-LYO,,OUI
FreshMarket,FM-000029,2025-06-23,SKU-20015,Jus d'orange 1L,5.0,OMG-LYO,,OUI
FreshMarket,FM-000641,2025-11-30,SKU-20018,Pizza surgelee,,OMG-LYO,,OUI
FreshMarket,FM-000908,2026-03-30,SKU-20020,Compote pomme 4x100g,26.0,OMG-LIL,,OUI
FreshMarket,FM-000776,2025-05-29,SKU-20015,Jus d'orange 1L,20.0,OMG-LYO,,OUI
FreshMarket,FM-001370,2025-11-07,SKU-20017,Pommes Gala 1kg,31.0,OMG-MAR,,OUI
FreshMarket,FM-000132,2025-06-13,SKU-20020,Compote pomme 4x100g,2.0,OMG-MAR,,OUI
FreshMarket,FM-000103,2026-03-27,SKU-20018,Pizza surgelee,5.0,OMG-MAR,,OUI
FreshMarket,FM-000591,2025-03-05,SKU-20019,Beurre doux 250g,26.0,OMG-LIL,,OUI
FreshMarket,FM-000041,2025-07-15,SKU-20011,Yaourt nature 4x125g,35.0,OMG-LIL,,OUI
FreshMarket,FM-000589,2026-03-21,SKU-20020,Compote pomme 4x100g,37.0,OMG-LIL,,OUI
FreshMarket,FM-000913,2025-09-26,SKU-20014,Epinards surgeles 1kg,25.0,OMG-MAR,,OUI
FreshMarket,FM-000010,2025-05-09,SKU-20016,Fromage rape 200g,29.0,OMG-MAR,,OUI
FreshMarket,FM-000103,2026-03-27,SKU-20015,Jus d'orange 1L,18.0,OMG-MAR,,OUI
FreshMarket,FM-001217,2025-09-23,SKU-20016,Fromage rape 200g,21.0,OMG-LYO,,OUI
FreshMarket,FM-000544,2025-03-05,SKU-20020,Compote pomme 4x100g,27.0,OMG-MAR,,OUI
FreshMarket,FM-001143,2025-07-05,SKU-20017,Pommes Gala 1kg,18.0,OMG-LIL,,OUI
FreshMarket,FM-000957,2025-01-24,SKU-20018,Pizza surgelee,33.0,OMG-LYO,,OUI
FreshMarket,FM-000245,2025-05-20,SKU-20014,Epinards surgeles 1kg,11.0,OMG-LIL,,OUI
FreshMarket,FM-000425,2025-01-25,SKU-20018,Pizza surgelee,16.0,OMG-MAR,,OUI
FreshMarket,FM-000636,2026-02-07,SKU-20018,Pizza surgelee,30.0,OMG-LIL,,OUI
FreshMarket,FM-000655,2026-04-10,SKU-20016,Fromage rape 200g,16.0,OMG-LYO,,OUI
FreshMarket,FM-000080,2025-11-03,SKU-20020,Compote pomme 4x100g,25.0,OMG-LYO,,OUI
FreshMarket,FM-000641,2025-11-30,SKU-20013,Filet de poulet 500g,37.0,OMG-LYO,,OUI
FreshMarket,FM-000530,2025-08-21,SKU-20019,Beurre doux 250g,30.0,OMG-MAR,,OUI
FreshMarket,FM-000768,2026-02-20,SKU-20012,Lait demi-ecreme 1L,6.0,OMG-MAR,,OUI
FreshMarket,FM-000916,2026-04-22,SKU-20012,Lait demi-ecreme 1L,27.0,OMG-LYO,,OUI
FreshMarket,FM-000041,2025-07-15,SKU-20011,Yaourt nature 4x125g,23.0,OMG-LIL,,OUI
FreshMarket,FM-000364,2025-07-31,SKU-20020,Compote pomme 4x100g,39.0,OMG-MAR,,OUI
FreshMarket,FM-001308,2025-11-03,SKU-20012,Lait demi-ecreme 1L,21.0,OMG-LYO,,OUI
FreshMarket,FM-000437,2026-06-24,SKU-20020,Compote pomme 4x100g,32.0,OMG-MAR,,OUI
FreshMarket,FM-000206,2026-02-01,SKU-20015,Jus d'orange 1L,35.0,OMG-MAR,,OUI
FreshMarket,FM-001188,2026-05-16,SKU-20014,Epinards surgeles 1kg,23.0,OMG-LYO,,OUI
FreshMarket,FM-000389,2025-05-15,SKU-20015,Jus d'orange 1L,3.0,OMG-LIL,,OUI
FreshMarket,FM-001072,2026-03-17,SKU-20012,Lait demi-ecreme 1L,,OMG-MAR,,OUI
FreshMarket,FM-001383,2025-08-01,SKU-20020,Compote pomme 4x100g,28.0,OMG-MAR,,OUI
FreshMarket,FM-001281,2025-05-18,SKU-20015,Jus d'orange 1L,18.0,OMG-LIL,,OUI
FreshMarket,FM-000047,2026-06-29,SKU-20014,Epinards surgeles 1kg,27.0,OMG-MAR,,OUI
FreshMarket,FM-000914,2026-02-13,SKU-20011,Yaourt nature 4x125g,39.0,OMG-LIL,,OUI
FreshMarket,FM-000326,2025-03-26,SKU-20011,Yaourt nature 4x125g,33.0,OMG-MAR,,OUI
FreshMarket,FM-001127,2026-03-06,SKU-20011,Yaourt nature 4x125g,9.0,OMG-LIL,,OUI
FreshMarket,FM-000396,2025-09-24,SKU-20015,Jus d'orange 1L,29.0,OMG-LYO,,OUI
FreshMarket,FM-000516,2025-12-11,SKU-20015,Jus d'orange 1L,28.0,OMG-MAR,,OUI
FreshMarket,FM-001285,2025-06-09,SKU-20012,Lait demi-ecreme 1L,6.0,OMG-LYO,,OUI
FreshMarket,FM-000190,2026-04-27,SKU-20018,Pizza surgelee,22.0,OMG-LIL,,OUI
FreshMarket,FM-000004,2025-07-27,SKU-20014,Epinards surgeles 1kg,36.0,OMG-LIL,,OUI
FreshMarket,FM-000456,2025-05-30,SKU-20012,Lait demi-ecreme 1L,4.0,OMG-LIL,,OUI
FreshMarket,FM-000556,2025-04-01,SKU-20016,Fromage rape 200g,36.0,OMG-LIL,,OUI
FreshMarket,FM-000883,2026-01-29,SKU-20017,Pommes Gala 1kg,7.0,OMG-LYO,,OUI
FreshMarket,FM-000936,2025-05-08,SKU-20012,Lait demi-ecreme 1L,30.0,OMG-LYO,,OUI
FreshMarket,FM-000368,2025-02-23,SKU-20015,Jus d'orange 1L,40.0,OMG-LYO,,OUI
FreshMarket,FM-000111,2025-08-07,SKU-20019,Beurre doux 250g,27.0,OMG-LIL,,OUI
FreshMarket,FM-000021,2026-03-14,SKU-20019,Beurre doux 250g,14.0,OMG-MAR,,OUI
FreshMarket,FM-000289,2025-02-08,SKU-20011,Yaourt nature 4x125g,19.0,OMG-LIL,,OUI
FreshMarket,FM-000531,2026-05-29,SKU-20020,Compote pomme 4x100g,4.0,OMG-LYO,,OUI
FreshMarket,FM-001310,2025-12-21,SKU-20019,Beurre doux 250g,4.0,OMG-LYO,,OUI
FreshMarket,FM-000958,2025-02-24,SKU-20017,Pommes Gala 1kg,,OMG-MAR,,OUI
FreshMarket,FM-000378,2025-12-30,SKU-20019,Beurre doux 250g,11.0,OMG-MAR,,OUI
FreshMarket,FM-000783,2025-03-19,SKU-20020,Compote pomme 4x100g,26.0,OMG-LYO,,OUI
FreshMarket,FM-000114,2025-04-27,SKU-20014,Epinards surgeles 1kg,27.0,OMG-LYO,,OUI
FreshMarket,FM-001295,2025-01-31,SKU-20020,Compote pomme 4x100g,35.0,OMG-MAR,,OUI
FreshMarket,FM-000198,2025-03-26,SKU-20014,Epinards surgeles 1kg,34.0,OMG-MAR,,OUI
FreshMarket,FM-000993,2025-10-03,SKU-20012,Lait demi-ecreme 1L,28.0,OMG-LYO,,OUI
FreshMarket,FM-001175,2025-03-04,SKU-20020,Compote pomme 4x100g,36.0,OMG-LYO,,OUI
FreshMarket,FM-000371,2025-05-30,SKU-20012,Lait demi-ecreme 1L,16.0,OMG-LYO,,OUI
FreshMarket,FM-000936,2025-05-08,SKU-20016,Fromage rape 200g,9.0,OMG-LYO,,OUI
FreshMarket,FM-000792,2026-04-09,SKU-20020,Compote pomme 4x100g,7.0,OMG-LIL,,OUI
FreshMarket,FM-000726,2025-04-24,SKU-20014,Epinards surgeles 1kg,22.0,OMG-LYO,,OUI
FreshMarket,FM-001312,2026-02-23,SKU-20013,Filet de poulet 500g,9.0,OMG-LIL,,OUI
FreshMarket,FM-000218,2025-08-21,SKU-20013,Filet de poulet 500g,5.0,OMG-LIL,,OUI
FreshMarket,FM-000144,2025-04-28,SKU-20020,Compote pomme 4x100g,31.0,OMG-LIL,,OUI
FreshMarket,FM-001049,2026-06-21,SKU-20014,Epinards surgeles 1kg,32.0,OMG-LIL,,OUI
FreshMarket,FM-000111,2025-08-07,SKU-20015,Jus d'orange 1L,4.0,OMG-LIL,,OUI
FreshMarket,FM-001094,2025-04-24,SKU-20020,Compote pomme 4x100g,35.0,OMG-MAR,,OUI
FreshMarket,FM-001245,2026-02-05,SKU-20020,Compote pomme 4x100g,8.0,OMG-MAR,,OUI
FreshMarket,FM-001310,2025-12-21,SKU-20019,Beurre doux 250g,31.0,OMG-LYO,,OUI
FreshMarket,FM-000492,2025-04-13,SKU-20016,Fromage rape 200g,19.0,OMG-MAR,,OUI
FreshMarket,FM-000845,2026-02-20,SKU-20020,Compote pomme 4x100g,31.0,OMG-LYO,,OUI
FreshMarket,FM-000407,2026-07-31,SKU-20013,Filet de poulet 500g,29.0,OMG-LYO,,OUI
FreshMarket,FM-000262,2026-06-29,SKU-20017,Pommes Gala 1kg,8.0,OMG-LYO,,OUI
FreshMarket,FM-000577,2025-07-02,SKU-20011,Yaourt nature 4x125g,23.0,OMG-LIL,,OUI
FreshMarket,FM-000212,2025-08-05,SKU-20016,Fromage rape 200g,38.0,OMG-MAR,,OUI
FreshMarket,FM-001306,2025-08-12,SKU-20011,Yaourt nature 4x125g,13.0,OMG-MAR,,OUI
FreshMarket,FM-001281,2025-05-18,SKU-20016,Fromage rape 200g,15.0,OMG-LIL,,OUI
FreshMarket,FM-001209,2025-05-22,SKU-20015,Jus d'orange 1L,36.0,OMG-LYO,,OUI
FreshMarket,FM-000623,2026-01-09,SKU-20013,Filet de poulet 500g,16.0,OMG-LIL,,OUI
FreshMarket,FM-001063,2025-10-29,SKU-20016,Fromage rape 200g,26.0,OMG-LIL,,OUI
FreshMarket,FM-001179,2025-07-08,SKU-20013,Filet de poulet 500g,27.0,OMG-LYO,,OUI
FreshMarket,FM-000777,2025-10-01,SKU-20013,Filet de poulet 500g,30.0,OMG-LIL,,OUI
FreshMarket,FM-001044,2026-06-16,SKU-20011,Yaourt nature 4x125g,13.0,OMG-LIL,,OUI
FreshMarket,FM-000281,2025-11-30,SKU-20017,Pommes Gala 1kg,1.0,OMG-MAR,,OUI
FreshMarket,FM-000058,2025-12-31,SKU-20020,Compote pomme 4x100g,3.0,OMG-LYO,,OUI
FreshMarket,FM-000787,2026-01-13,SKU-20014,Epinards surgeles 1kg,27.0,OMG-LYO,,OUI
FreshMarket,FM-000453,2025-10-24,SKU-20011,Yaourt nature 4x125g,7.0,OMG-LIL,,OUI
FreshMarket,FM-001124,2026-04-23,SKU-20016,Fromage rape 200g,23.0,OMG-MAR,,OUI
FreshMarket,FM-000157,2026-03-03,SKU-20020,Compote pomme 4x100g,,OMG-MAR,,OUI
FreshMarket,FM-000641,2025-11-30,SKU-20011,Yaourt nature 4x125g,24.0,OMG-LYO,,OUI
FreshMarket,FM-000114,2025-04-27,SKU-20012,Lait demi-ecreme 1L,4.0,OMG-LYO,,OUI
FreshMarket,FM-000812,2025-02-21,SKU-20014,Epinards surgeles 1kg,40.0,OMG-LYO,,OUI
FreshMarket,FM-000983,2025-06-04,SKU-20011,Yaourt nature 4x125g,9.0,OMG-LIL,,OUI
FreshMarket,FM-001251,2025-01-17,SKU-20013,Filet de poulet 500g,24.0,OMG-LYO,,OUI
FreshMarket,FM-000530,2025-08-21,SKU-20019,Beurre doux 250g,12.0,OMG-MAR,,OUI
FreshMarket,FM-000929,2025-07-09,SKU-20020,Compote pomme 4x100g,22.0,OMG-LIL,,OUI
FreshMarket,FM-000050,2025-08-23,SKU-20019,Beurre doux 250g,19.0,OMG-LYO,,OUI
FreshMarket,FM-000845,2026-02-20,SKU-20015,Jus d'orange 1L,26.0,OMG-LYO,,OUI
FreshMarket,FM-000723,2026-07-18,SKU-20016,Fromage rape 200g,33.0,OMG-MAR,,OUI
FreshMarket,FM-000766,2025-11-08,SKU-20013,Filet de poulet 500g,29.0,OMG-LIL,,OUI
FreshMarket,FM-000486,2025-03-28,SKU-20016,Fromage rape 200g,24.0,OMG-LYO,,OUI
FreshMarket,FM-000285,2025-07-18,SKU-20011,Yaourt nature 4x125g,39.0,OMG-MAR,,OUI
FreshMarket,FM-000266,2025-12-11,SKU-20014,Epinards surgeles 1kg,29.0,OMG-MAR,,OUI
FreshMarket,FM-000741,2025-11-09,SKU-20020,Compote pomme 4x100g,7.0,OMG-MAR,,OUI
FreshMarket,FM-000353,2026-06-18,SKU-20014,Epinards surgeles 1kg,25.0,OMG-LIL,,OUI
FreshMarket,FM-000262,2026-06-29,SKU-20017,Pommes Gala 1kg,10.0,OMG-LYO,,OUI
FreshMarket,FM-001124,2026-04-23,SKU-20011,Yaourt nature 4x125g,32.0,OMG-MAR,,OUI
FreshMarket,FM-000481,2026-03-27,SKU-20018,Pizza surgelee,33.0,OMG-LIL,,OUI
FreshMarket,FM-000005,2025-04-18,SKU-20011,Yaourt nature 4x125g,8.0,OMG-LYO,,OUI
FreshMarket,FM-000705,2025-04-10,SKU-20012,Lait demi-ecreme 1L,36.0,OMG-LIL,,OUI
FreshMarket,FM-000479,2025-03-28,SKU-20013,Filet de poulet 500g,40.0,OMG-LYO,,OUI
FreshMarket,FM-000993,2025-10-03,SKU-20012,Lait demi-ecreme 1L,25.0,OMG-LYO,,OUI
FreshMarket,FM-001353,2025-01-25,SKU-20015,Jus d'orange 1L,22.0,OMG-LYO,,OUI
FreshMarket,FM-000193,2025-02-23,SKU-20015,Jus d'orange 1L,10.0,OMG-MAR,,OUI
FreshMarket,FM-000023,2026-05-23,SKU-20013,Filet de poulet 500g,17.0,OMG-MAR,,OUI
FreshMarket,FM-001179,2025-07-08,SKU-20017,Pommes Gala 1kg,28.0,OMG-LYO,,OUI
FreshMarket,FM-000128,2026-03-21,SKU-20012,Lait demi-ecreme 1L,5.0,OMG-MAR,,OUI
FreshMarket,FM-000684,2026-04-21,SKU-20017,Pommes Gala 1kg,31.0,OMG-MAR,,OUI
FreshMarket,FM-000707,2026-04-14,SKU-20017,Pommes Gala 1kg,5.0,OMG-LYO,,OUI
FreshMarket,FM-001123,2025-04-03,SKU-20020,Compote pomme 4x100g,20.0,OMG-LIL,,OUI
FreshMarket,FM-000458,2025-09-16,SKU-20018,Pizza surgelee,5.0,OMG-LIL,,OUI
FreshMarket,FM-000283,2026-02-09,SKU-20016,Fromage rape 200g,13.0,OMG-MAR,,OUI
FreshMarket,FM-000035,2026-03-24,SKU-20017,Pommes Gala 1kg,15.0,OMG-MAR,,OUI
FreshMarket,FM-000397,2025-09-15,SKU-20019,Beurre doux 250g,34.0,OMG-LYO,,OUI
FreshMarket,FM-000666,2025-03-04,SKU-20013,Filet de poulet 500g,31.0,OMG-LIL,,OUI
FreshMarket,FM-001342,2025-05-06,SKU-20011,Yaourt nature 4x125g,11.0,OMG-MAR,,OUI
FreshMarket,FM-000093,2025-10-13,SKU-20017,Pommes Gala 1kg,36.0,OMG-MAR,,OUI
FreshMarket,FM-000103,2026-03-27,SKU-20018,Pizza surgelee,29.0,OMG-MAR,,OUI
FreshMarket,FM-000671,2026-07-03,SKU-20015,Jus d'orange 1L,39.0,OMG-MAR,,OUI
FreshMarket,FM-000147,2025-04-24,SKU-20018,Pizza surgelee,14.0,OMG-LIL,,OUI
FreshMarket,FM-001290,2026-03-21,SKU-20020,Compote pomme 4x100g,29.0,OMG-LYO,,OUI
FreshMarket,FM-000389,2025-05-15,SKU-20016,Fromage rape 200g,23.0,OMG-LIL,,OUI
FreshMarket,FM-000858,2026-04-05,SKU-20016,Fromage rape 200g,40.0,OMG-LIL,,OUI
FreshMarket,FM-001127,2026-03-06,SKU-20020,Compote pomme 4x100g,2.0,OMG-LIL,,OUI
FreshMarket,FM-000340,2025-05-01,SKU-20020,Compote pomme 4x100g,24.0,OMG-LYO,,OUI
FreshMarket,FM-000045,2026-07-22,SKU-20014,Epinards surgeles 1kg,6.0,OMG-LIL,,OUI
FreshMarket,FM-000564,2026-04-12,SKU-20016,Fromage rape 200g,40.0,OMG-MAR,,OUI
FreshMarket,FM-000336,2025-04-13,SKU-20017,Pommes Gala 1kg,10.0,OMG-LIL,,OUI
FreshMarket,FM-000555,2025-05-09,SKU-20011,Yaourt nature 4x125g,15.0,OMG-LIL,,OUI
FreshMarket,FM-000262,2026-06-29,SKU-20012,Lait demi-ecreme 1L,7.0,OMG-LYO,,OUI
FreshMarket,FM-000532,2025-04-25,SKU-20016,Fromage rape 200g,5.0,OMG-LIL,,OUI
FreshMarket,FM-000335,2025-04-21,SKU-20020,Compote pomme 4x100g,33.0,OMG-MAR,,OUI
FreshMarket,FM-000084,2026-05-30,SKU-20016,Fromage rape 200g,16.0,OMG-LYO,,OUI
FreshMarket,FM-000088,2025-03-04,SKU-20012,Lait demi-ecreme 1L,9.0,OMG-LYO,,OUI
FreshMarket,FM-000374,2025-04-03,SKU-20020,Compote pomme 4x100g,31.0,OMG-MAR,,OUI
FreshMarket,FM-000383,2025-02-01,SKU-20012,Lait demi-ecreme 1L,14.0,OMG-MAR,,OUI
FreshMarket,FM-000883,2026-01-29,SKU-20019,Beurre doux 250g,5.0,OMG-LYO,,OUI
FreshMarket,FM-001285,2025-06-09,SKU-20020,Compote pomme 4x100g,11.0,OMG-LYO,,OUI
FreshMarket,FM-001003,2025-05-26,SKU-20020,Compote pomme 4x100g,17.0,OMG-LIL,,OUI
FreshMarket,FM-001315,2025-06-11,SKU-20018,Pizza surgelee,3.0,OMG-LYO,,OUI
FreshMarket,FM-000705,2025-04-10,SKU-20017,Pommes Gala 1kg,30.0,OMG-LIL,,OUI
FreshMarket,FM-000157,2026-03-03,SKU-20012,Lait demi-ecreme 1L,37.0,OMG-MAR,,OUI
FreshMarket,FM-001065,2025-05-02,SKU-20018,Pizza surgelee,2.0,OMG-MAR,,OUI
FreshMarket,FM-000075,2025-11-26,SKU-20015,Jus d'orange 1L,13.0,OMG-MAR,,OUI
FreshMarket,FM-000192,2025-03-30,SKU-20020,Compote pomme 4x100g,35.0,OMG-LIL,,OUI
FreshMarket,FM-000929,2025-07-09,SKU-20015,Jus d'orange 1L,3.0,OMG-LIL,,OUI
FreshMarket,FM-000272,2026-06-10,SKU-20019,Beurre doux 250g,24.0,OMG-LIL,,OUI
FreshMarket,FM-000977,2026-03-14,SKU-20016,Fromage rape 200g,9.0,OMG-LIL,,OUI
FreshMarket,FM-000633,2026-01-30,SKU-20019,Beurre doux 250g,25.0,OMG-LYO,,OUI
FreshMarket,FM-001175,2025-03-04,SKU-20020,Compote pomme 4x100g,24.0,OMG-LYO,,OUI
FreshMarket,FM-000898,2026-06-30,SKU-20018,Pizza surgelee,26.0,OMG-LIL,,OUI
FreshMarket,FM-000759,2026-07-18,SKU-20017,Pommes Gala 1kg,33.0,OMG-LIL,,OUI
FreshMarket,FM-000914,2026-02-13,SKU-20012,Lait demi-ecreme 1L,24.0,OMG-LIL,,OUI
FreshMarket,FM-000539,2026-06-15,SKU-20013,Filet de poulet 500g,24.0,OMG-LIL,,OUI
FreshMarket,FM-000082,2025-10-16,SKU-20012,Lait demi-ecreme 1L,32.0,OMG-LIL,,OUI
FreshMarket,FM-001290,2026-03-21,SKU-20014,Epinards surgeles 1kg,8.0,OMG-LYO,,OUI
FreshMarket,FM-001281,2025-05-18,SKU-20014,Epinards surgeles 1kg,38.0,OMG-LIL,,OUI
FreshMarket,FM-000601,2025-03-12,SKU-20019,Beurre doux 250g,11.0,OMG-LIL,,OUI
FreshMarket,FM-000103,2026-03-27,SKU-20016,Fromage rape 200g,10.0,OMG-MAR,,OUI
FreshMarket,FM-000744,2025-01-01,SKU-20014,Epinards surgeles 1kg,28.0,OMG-LYO,,OUI
FreshMarket,FM-000705,2025-04-10,SKU-20015,Jus d'orange 1L,17.0,OMG-LIL,,OUI
FreshMarket,FM-000039,2025-11-22,SKU-20018,Pizza surgelee,2.0,OMG-LIL,,OUI
FreshMarket,FM-000133,2026-01-12,SKU-20020,Compote pomme 4x100g,10.0,OMG-LIL,,OUI
FreshMarket,FM-001233,2025-08-21,SKU-20013,Filet de poulet 500g,31.0,OMG-MAR,,OUI
FreshMarket,FM-001282,2025-02-15,SKU-20017,Pommes Gala 1kg,9.0,OMG-LYO,,OUI
FreshMarket,FM-001315,2025-06-11,SKU-20017,Pommes Gala 1kg,36.0,OMG-LYO,,OUI
FreshMarket,FM-000490,2025-11-23,SKU-20015,Jus d'orange 1L,13.0,OMG-LIL,,OUI
FreshMarket,FM-000562,2025-01-16,SKU-20017,Pommes Gala 1kg,26.0,OMG-LYO,,OUI
FreshMarket,FM-001089,2025-08-30,SKU-20020,Compote pomme 4x100g,8.0,OMG-MAR,,OUI
FreshMarket,FM-001065,2025-05-02,SKU-20015,Jus d'orange 1L,37.0,OMG-MAR,,OUI
FreshMarket,FM-000755,2026-02-10,SKU-20014,Epinards surgeles 1kg,26.0,OMG-LYO,,OUI
FreshMarket,FM-000503,2025-02-21,SKU-20020,Compote pomme 4x100g,31.0,OMG-LIL,,OUI
FreshMarket,FM-001179,2025-07-08,SKU-20012,Lait demi-ecreme 1L,21.0,OMG-LYO,,OUI
FreshMarket,FM-000494,2025-10-15,SKU-20016,Fromage rape 200g,10.0,OMG-LIL,,OUI
FreshMarket,FM-000436,2026-04-28,SKU-20018,Pizza surgelee,25.0,OMG-LYO,,OUI
FreshMarket,FM-000914,2026-02-13,SKU-20015,Jus d'orange 1L,33.0,OMG-LIL,,OUI
FreshMarket,FM-000802,2026-06-19,SKU-20013,Filet de poulet 500g,38.0,OMG-LIL,,OUI
FreshMarket,FM-000795,2026-03-13,SKU-20020,Compote pomme 4x100g,,OMG-LYO,,OUI
FreshMarket,FM-000047,2026-06-29,SKU-20018,Pizza surgelee,36.0,OMG-MAR,,OUI
FreshMarket,FM-000986,2025-05-22,SKU-20017,Pommes Gala 1kg,2.0,OMG-LYO,,OUI
FreshMarket,FM-000503,2025-02-21,SKU-20015,Jus d'orange 1L,31.0,OMG-LIL,,OUI
FreshMarket,FM-001002,2025-02-07,SKU-20011,Yaourt nature 4x125g,16.0,OMG-MAR,,OUI
FreshMarket,FM-001384,2026-02-22,SKU-20016,Fromage rape 200g,15.0,OMG-LIL,,OUI
FreshMarket,FM-000023,2026-05-23,SKU-20015,Jus d'orange 1L,19.0,OMG-MAR,,OUI
FreshMarket,FM-000921,2025-03-05,SKU-20013,Filet de poulet 500g,20.0,OMG-LIL,,OUI
FreshMarket,FM-001308,2025-11-03,SKU-20016,Fromage rape 200g,13.0,OMG-LYO,,OUI
FreshMarket,FM-000285,2025-07-18,SKU-20018,Pizza surgelee,25.0,OMG-MAR,,OUI
FreshMarket,FM-000479,2025-03-28,SKU-20016,Fromage rape 200g,15.0,OMG-LYO,,OUI
FreshMarket,FM-001085,2025-11-10,SKU-20018,Pizza surgelee,10.0,OMG-LIL,,OUI
FreshMarket,FM-000607,2025-07-14,SKU-20016,Fromage rape 200g,14.0,OMG-MAR,,OUI
FreshMarket,FM-000148,2025-03-26,SKU-20011,Yaourt nature 4x125g,7.0,OMG-LYO,,OUI
FreshMarket,FM-001039,2025-05-14,SKU-20016,Fromage rape 200g,7.0,OMG-LYO,,OUI
FreshMarket,FM-001346,2025-05-14,SKU-20018,Pizza surgelee,7.0,OMG-LIL,,OUI
FreshMarket,FM-001383,2025-08-01,SKU-20017,Pommes Gala 1kg,32.0,OMG-MAR,,OUI
FreshMarket,FM-000245,2025-05-20,SKU-20018,Pizza surgelee,34.0,OMG-LIL,,OUI
FreshMarket,FM-000912,2025-09-04,SKU-20015,Jus d'orange 1L,,OMG-MAR,,OUI
FreshMarket,FM-000714,2025-11-26,SKU-20018,Pizza surgelee,32.0,OMG-LYO,,OUI
FreshMarket,FM-000481,2026-03-27,SKU-20013,Filet de poulet 500g,37.0,OMG-LIL,,OUI
FreshMarket,FM-000398,2025-02-16,SKU-20018,Pizza surgelee,1.0,OMG-LYO,,OUI
FreshMarket,FM-000400,2025-10-01,SKU-20015,Jus d'orange 1L,25.0,OMG-MAR,,OUI
FreshMarket,FM-000944,2026-02-04,SKU-20020,Compote pomme 4x100g,31.0,OMG-MAR,,OUI
FreshMarket,FM-000571,2025-01-17,SKU-20018,Pizza surgelee,32.0,OMG-LIL,,OUI
FreshMarket,FM-000795,2026-03-13,SKU-20012,Lait demi-ecreme 1L,36.0,OMG-LYO,,OUI
FreshMarket,FM-000145,2026-01-07,SKU-20013,Filet de poulet 500g,30.0,OMG-MAR,,OUI
FreshMarket,FM-000690,2026-06-12,SKU-20020,Compote pomme 4x100g,15.0,OMG-LIL,,OUI
FreshMarket,FM-000315,2026-07-17,SKU-20019,Beurre doux 250g,29.0,OMG-MAR,,OUI
FreshMarket,FM-001344,2026-06-16,SKU-20014,Epinards surgeles 1kg,19.0,OMG-LYO,,OUI
FreshMarket,FM-000831,2025-07-02,SKU-20012,Lait demi-ecreme 1L,28.0,OMG-LYO,,OUI
FreshMarket,FM-000291,2026-01-07,SKU-20012,Lait demi-ecreme 1L,9.0,OMG-MAR,,OUI
FreshMarket,FM-001147,2026-03-30,SKU-20020,Compote pomme 4x100g,27.0,OMG-MAR,,OUI
FreshMarket,FM-000978,2025-09-07,SKU-20014,Epinards surgeles 1kg,40.0,OMG-LYO,,OUI
FreshMarket,FM-000039,2025-11-22,SKU-20017,Pommes Gala 1kg,22.0,OMG-LIL,,OUI
FreshMarket,FM-000556,2025-04-01,SKU-20018,Pizza surgelee,8.0,OMG-LIL,,OUI
FreshMarket,FM-000857,2025-06-24,SKU-20017,Pommes Gala 1kg,35.0,OMG-LYO,,OUI
FreshMarket,FM-000777,2025-10-01,SKU-20017,Pommes Gala 1kg,34.0,OMG-LIL,,OUI
FreshMarket,FM-000481,2026-03-27,SKU-20011,Yaourt nature 4x125g,28.0,OMG-LIL,,OUI
FreshMarket,FM-000075,2025-11-26,SKU-20017,Pommes Gala 1kg,31.0,OMG-MAR,,OUI
FreshMarket,FM-000318,2026-05-05,SKU-20011,Yaourt nature 4x125g,40.0,OMG-LIL,,OUI
FreshMarket,FM-000835,2026-02-12,SKU-20013,Filet de poulet 500g,10.0,OMG-MAR,,OUI
FreshMarket,FM-000799,2025-08-22,SKU-20017,Pommes Gala 1kg,6.0,OMG-MAR,,OUI
FreshMarket,FM-000403,2026-05-25,SKU-20016,Fromage rape 200g,5.0,OMG-LYO,,OUI
FreshMarket,FM-000045,2026-07-22,SKU-20015,Jus d'orange 1L,29.0,OMG-LIL,,OUI
FreshMarket,FM-000129,2026-06-13,SKU-20019,Beurre doux 250g,38.0,OMG-LIL,,OUI
FreshMarket,FM-000348,2025-09-21,SKU-20012,Lait demi-ecreme 1L,,OMG-LYO,,OUI
FreshMarket,FM-000285,2025-07-18,SKU-20012,Lait demi-ecreme 1L,27.0,OMG-MAR,,OUI
FreshMarket,FM-001162,2025-05-19,SKU-20014,Epinards surgeles 1kg,1.0,OMG-MAR,,OUI
FreshMarket,FM-000037,2026-05-11,SKU-20014,Epinards surgeles 1kg,18.0,OMG-LYO,,OUI
FreshMarket,FM-000555,2025-05-09,SKU-20014,Epinards surgeles 1kg,10.0,OMG-LIL,,OUI
FreshMarket,FM-000201,2026-01-16,SKU-20020,Compote pomme 4x100g,26.0,OMG-MAR,,OUI
FreshMarket,FM-000627,2025-03-23,SKU-20018,Pizza surgelee,,OMG-LYO,,OUI
FreshMarket,FM-000641,2025-11-30,SKU-20014,Epinards surgeles 1kg,29.0,OMG-LYO,,OUI
FreshMarket,FM-000625,2025-06-01,SKU-20014,Epinards surgeles 1kg,31.0,OMG-LIL,,OUI
FreshMarket,FM-001388,2025-07-15,SKU-20011,Yaourt nature 4x125g,35.0,OMG-MAR,,OUI
FreshMarket,FM-001305,2025-01-20,SKU-20020,Compote pomme 4x100g,,OMG-LIL,,OUI
FreshMarket,FM-001334,2026-04-18,SKU-20013,Filet de poulet 500g,10.0,OMG-LYO,,OUI
FreshMarket,FM-000572,2025-09-17,SKU-20011,Yaourt nature 4x125g,32.0,OMG-LYO,,OUI
FreshMarket,FM-000088,2025-03-04,SKU-20015,Jus d'orange 1L,40.0,OMG-LYO,,OUI
FreshMarket,FM-001305,2025-01-20,SKU-20016,Fromage rape 200g,2.0,OMG-LIL,,OUI
FreshMarket,FM-001044,2026-06-16,SKU-20020,Compote pomme 4x100g,37.0,OMG-LIL,,OUI
FreshMarket,FM-001084,2026-01-09,SKU-20019,Beurre doux 250g,13.0,OMG-MAR,,OUI
FreshMarket,FM-000082,2025-10-16,SKU-20015,Jus d'orange 1L,3.0,OMG-LIL,,OUI
FreshMarket,FM-000846,2025-01-24,SKU-20019,Beurre doux 250g,22.0,OMG-MAR,,OUI
FreshMarket,FM-000201,2026-01-16,SKU-20020,Compote pomme 4x100g,25.0,OMG-MAR,,OUI
FreshMarket,FM-000500,2025-01-06,SKU-20019,Beurre doux 250g,30.0,OMG-LYO,,OUI
FreshMarket,FM-000768,2026-02-20,SKU-20013,Filet de poulet 500g,7.0,OMG-MAR,,OUI
FreshMarket,FM-000831,2025-07-02,SKU-20013,Filet de poulet 500g,2.0,OMG-LYO,,OUI
FreshMarket,FM-000539,2026-06-15,SKU-20015,Jus d'orange 1L,2.0,OMG-LIL,,OUI
FreshMarket,FM-000519,2026-05-04,SKU-20012,Lait demi-ecreme 1L,4.0,OMG-LYO,,OUI
FreshMarket,FM-000993,2025-10-03,SKU-20015,Jus d'orange 1L,15.0,OMG-LYO,,OUI
FreshMarket,FM-000651,2025-02-26,SKU-20017,Pommes Gala 1kg,22.0,OMG-LYO,,OUI
FreshMarket,FM-001383,2025-08-01,SKU-20016,Fromage rape 200g,28.0,OMG-MAR,,OUI
FreshMarket,FM-000128,2026-03-21,SKU-20013,Filet de poulet 500g,,OMG-MAR,,OUI
FreshMarket,FM-000721,2025-12-07,SKU-20011,Yaourt nature 4x125g,23.0,OMG-LYO,,OUI
FreshMarket,FM-000719,2026-04-24,SKU-20011,Yaourt nature 4x125g,23.0,OMG-LYO,,OUI
FreshMarket,FM-000004,2025-07-27,SKU-20016,Fromage rape 200g,14.0,OMG-LIL,,OUI
FreshMarket,FM-001111,2025-10-17,SKU-20015,Jus d'orange 1L,30.0,OMG-MAR,,OUI
FreshMarket,FM-000738,2026-05-08,SKU-20018,Pizza surgelee,15.0,OMG-MAR,,OUI
FreshMarket,FM-001281,2025-05-18,SKU-20013,Filet de poulet 500g,4.0,OMG-LIL,,OUI
FreshMarket,FM-000067,2026-01-12,SKU-20018,Pizza surgelee,21.0,OMG-MAR,,OUI
FreshMarket,FM-000506,2026-06-17,SKU-20016,Fromage rape 200g,10.0,OMG-LIL,,OUI
FreshMarket,FM-000378,2025-12-30,SKU-20012,Lait demi-ecreme 1L,34.0,OMG-MAR,,OUI
FreshMarket,FM-001342,2025-05-06,SKU-20020,Compote pomme 4x100g,40.0,OMG-MAR,,OUI
FreshMarket,FM-000729,2025-10-08,SKU-20019,Beurre doux 250g,39.0,OMG-MAR,,OUI
FreshMarket,FM-000531,2026-05-29,SKU-20019,Beurre doux 250g,13.0,OMG-LYO,,OUI
FreshMarket,FM-000126,2026-04-21,SKU-20018,Pizza surgelee,6.0,OMG-LYO,,OUI
FreshMarket,FM-000721,2025-12-07,SKU-20014,Epinards surgeles 1kg,8.0,OMG-LYO,,OUI
FreshMarket,FM-000331,2025-09-25,SKU-20019,Beurre doux 250g,9.0,OMG-LIL,,OUI
FreshMarket,FM-000482,2025-03-06,SKU-20017,Pommes Gala 1kg,14.0,OMG-LYO,,OUI
FreshMarket,FM-001069,2025-05-17,SKU-20019,Beurre doux 250g,11.0,OMG-MAR,,OUI
FreshMarket,FM-000144,2025-04-28,SKU-20017,Pommes Gala 1kg,33.0,OMG-LIL,,OUI
FreshMarket,FM-000741,2025-11-09,SKU-20011,Yaourt nature 4x125g,3.0,OMG-MAR,,OUI
FreshMarket,FM-001310,2025-12-21,SKU-20020,Compote pomme 4x100g,9.0,OMG-LYO,,OUI
FreshMarket,FM-001042,2025-10-06,SKU-20020,Compote pomme 4x100g,37.0,OMG-LYO,,OUI
FreshMarket,FM-000119,2025-11-06,SKU-20015,Jus d'orange 1L,8.0,OMG-MAR,,OUI
FreshMarket,FM-000124,2025-10-25,SKU-20020,Compote pomme 4x100g,10.0,OMG-LIL,,OUI
FreshMarket,FM-001351,2025-11-27,SKU-20011,Yaourt nature 4x125g,14.0,OMG-LIL,,OUI
FreshMarket,FM-000904,2026-06-10,SKU-20013,Filet de poulet 500g,19.0,OMG-MAR,,OUI
FreshMarket,FM-001042,2025-10-06,SKU-20019,Beurre doux 250g,6.0,OMG-LYO,,OUI
FreshMarket,FM-000010,2025-05-09,SKU-20015,Jus d'orange 1L,26.0,OMG-MAR,,OUI
FreshMarket,FM-000111,2025-08-07,SKU-20020,Compote pomme 4x100g,9.0,OMG-LIL,,OUI
FreshMarket,FM-000636,2026-02-07,SKU-20011,Yaourt nature 4x125g,30.0,OMG-LIL,,OUI
FreshMarket,FM-001288,2025-07-03,SKU-20012,Lait demi-ecreme 1L,26.0,OMG-LYO,,OUI
FreshMarket,FM-000237,2025-04-04,SKU-20018,Pizza surgelee,17.0,OMG-LIL,,OUI
FreshMarket,FM-000912,2025-09-04,SKU-20014,Epinards surgeles 1kg,11.0,OMG-MAR,,OUI
FreshMarket,FM-001181,2025-03-20,SKU-20013,Filet de poulet 500g,35.0,OMG-LYO,,OUI
FreshMarket,FM-000978,2025-09-07,SKU-20019,Beurre doux 250g,13.0,OMG-LYO,,OUI
FreshMarket,FM-000047,2026-06-29,SKU-20014,Epinards surgeles 1kg,6.0,OMG-MAR,,OUI
FreshMarket,FM-000928,2025-12-29,SKU-20018,Pizza surgelee,40.0,OMG-LYO,,OUI
FreshMarket,FM-001085,2025-11-10,SKU-20013,Filet de poulet 500g,25.0,OMG-LIL,,OUI
FreshMarket,FM-000539,2026-06-15,SKU-20018,Pizza surgelee,24.0,OMG-LIL,,OUI
FreshMarket,FM-000003,2026-05-13,SKU-20016,Fromage rape 200g,4.0,OMG-LIL,,OUI
FreshMarket,FM-000574,2026-01-20,SKU-20011,Yaourt nature 4x125g,11.0,OMG-LYO,,OUI
FreshMarket,FM-001305,2025-01-20,SKU-20017,Pommes Gala 1kg,36.0,OMG-LIL,,OUI
FreshMarket,FM-000555,2025-05-09,SKU-20013,Filet de poulet 500g,36.0,OMG-LIL,,OUI
FreshMarket,FM-000623,2026-01-09,SKU-20015,Jus d'orange 1L,38.0,OMG-LIL,,OUI
FreshMarket,FM-000589,2026-03-21,SKU-20019,Beurre doux 250g,39.0,OMG-LIL,,OUI
FreshMarket,FM-000356,2025-04-15,SKU-20020,Compote pomme 4x100g,4.0,OMG-LIL,,OUI
FreshMarket,FM-000592,2026-01-16,SKU-20013,Filet de poulet 500g,33.0,OMG-MAR,,OUI
FreshMarket,FM-001379,2025-03-12,SKU-20013,Filet de poulet 500g,39.0,OMG-MAR,,OUI
FreshMarket,FM-000075,2025-11-26,SKU-20012,Lait demi-ecreme 1L,16.0,OMG-MAR,,OUI
FreshMarket,FM-001010,2025-04-22,SKU-20013,Filet de poulet 500g,,OMG-LYO,,OUI
FreshMarket,FM-000407,2026-07-31,SKU-20014,Epinards surgeles 1kg,,OMG-LYO,,OUI
FreshMarket,FM-000378,2025-12-30,SKU-20015,Jus d'orange 1L,17.0,OMG-MAR,,OUI
FreshMarket,FM-001070,2026-03-13,SKU-20012,Lait demi-ecreme 1L,10.0,OMG-LYO,,OUI
FreshMarket,FM-001136,2026-01-09,SKU-20018,Pizza surgelee,31.0,OMG-LYO,,OUI
FreshMarket,FM-000389,2025-05-15,SKU-20020,Compote pomme 4x100g,25.0,OMG-LIL,,OUI
FreshMarket,FM-000119,2025-11-06,SKU-20011,Yaourt nature 4x125g,22.0,OMG-MAR,,OUI
FreshMarket,FM-000675,2025-06-12,SKU-20011,Yaourt nature 4x125g,7.0,OMG-MAR,,OUI
FreshMarket,FM-001384,2026-02-22,SKU-20018,Pizza surgelee,20.0,OMG-LIL,,OUI
FreshMarket,FM-000082,2025-10-16,SKU-20017,Pommes Gala 1kg,38.0,OMG-LIL,,OUI
FreshMarket,FM-000350,2026-03-07,SKU-20015,Jus d'orange 1L,12.0,OMG-LYO,,OUI
FreshMarket,FM-000137,2026-05-24,SKU-20019,Beurre doux 250g,1.0,OMG-MAR,,OUI
FreshMarket,FM-000914,2026-02-13,SKU-20015,Jus d'orange 1L,22.0,OMG-LIL,,OUI
FreshMarket,FM-000456,2025-05-30,SKU-20012,Lait demi-ecreme 1L,6.0,OMG-LIL,,OUI
FreshMarket,FM-000107,2025-07-15,SKU-20013,Filet de poulet 500g,22.0,OMG-LIL,,OUI
FreshMarket,FM-000726,2025-04-24,SKU-20011,Yaourt nature 4x125g,25.0,OMG-LYO,,OUI
FreshMarket,FM-001282,2025-02-15,SKU-20020,Compote pomme 4x100g,9.0,OMG-LYO,,OUI
FreshMarket,FM-000120,2025-11-07,SKU-20015,Jus d'orange 1L,6.0,OMG-LIL,,OUI
FreshMarket,FM-000338,2026-06-26,SKU-20018,Pizza surgelee,25.0,OMG-LYO,,OUI
FreshMarket,FM-000386,2025-11-05,SKU-20015,Jus d'orange 1L,39.0,OMG-LIL,,OUI
FreshMarket,FM-001351,2025-11-27,SKU-20012,Lait demi-ecreme 1L,36.0,OMG-LIL,,OUI
FreshMarket,FM-001076,2026-06-25,SKU-20019,Beurre doux 250g,28.0,OMG-LYO,,OUI
FreshMarket,FM-001087,2025-05-03,SKU-20014,Epinards surgeles 1kg,32.0,OMG-LIL,,OUI
FreshMarket,FM-000090,2025-11-20,SKU-20015,Jus d'orange 1L,24.0,OMG-LIL,,OUI
FreshMarket,FM-000027,2025-05-01,SKU-20013,Filet de poulet 500g,12.0,OMG-MAR,,OUI
FreshMarket,FM-000155,2025-07-12,SKU-20015,Jus d'orange 1L,38.0,OMG-LIL,,OUI
FreshMarket,FM-000879,2026-01-13,SKU-20015,Jus d'orange 1L,17.0,OMG-LIL,,OUI
FreshMarket,FM-000636,2026-02-07,SKU-20019,Beurre doux 250g,40.0,OMG-LIL,,OUI
FreshMarket,FM-001065,2025-05-02,SKU-20020,Compote pomme 4x100g,12.0,OMG-MAR,,OUI
FreshMarket,FM-000378,2025-12-30,SKU-20019,Beurre doux 250g,24.0,OMG-MAR,,OUI
FreshMarket,FM-000120,2025-11-07,SKU-20018,Pizza surgelee,32.0,OMG-LIL,,OUI
FreshMarket,FM-000456,2025-05-30,SKU-20020,Compote pomme 4x100g,8.0,OMG-LIL,,OUI
FreshMarket,FM-000326,2025-03-26,SKU-20012,Lait demi-ecreme 1L,18.0,OMG-MAR,,OUI
FreshMarket,FM-000209,2026-04-20,SKU-20020,Compote pomme 4x100g,9.0,OMG-MAR,,OUI
FreshMarket,FM-000512,2025-03-12,SKU-20016,Fromage rape 200g,11.0,OMG-LYO,,OUI
FreshMarket,FM-001076,2026-06-25,SKU-20013,Filet de poulet 500g,,OMG-LYO,,OUI
FreshMarket,FM-000616,2025-01-05,SKU-20017,Pommes Gala 1kg,5.0,OMG-LIL,,OUI
FreshMarket,FM-000495,2025-05-02,SKU-20018,Pizza surgelee,22.0,OMG-LIL,,OUI
FreshMarket,FM-000623,2026-01-09,SKU-20011,Yaourt nature 4x125g,9.0,OMG-LIL,,OUI
FreshMarket,FM-000015,2025-07-14,SKU-20018,Pizza surgelee,36.0,OMG-LIL,,OUI
FreshMarket,FM-000582,2026-06-14,SKU-20018,Pizza surgelee,10.0,OMG-MAR,,OUI
FreshMarket,FM-000293,2025-02-05,SKU-20020,Compote pomme 4x100g,37.0,OMG-LIL,,OUI
FreshMarket,FM-001063,2025-10-29,SKU-20014,Epinards surgeles 1kg,16.0,OMG-LIL,,OUI
FreshMarket,FM-000675,2025-06-12,SKU-20013,Filet de poulet 500g,32.0,OMG-MAR,,OUI
FreshMarket,FM-001292,2025-02-17,SKU-20011,Yaourt nature 4x125g,24.0,OMG-MAR,,OUI
FreshMarket,FM-000926,2025-03-23,SKU-20013,Filet de poulet 500g,27.0,OMG-MAR,,OUI
FreshMarket,FM-001167,2025-01-19,SKU-20017,Pommes Gala 1kg,10.0,OMG-LIL,,OUI
FreshMarket,FM-000160,2026-06-29,SKU-20012,Lait demi-ecreme 1L,31.0,OMG-LIL,,OUI
FreshMarket,FM-000887,2025-08-15,SKU-20016,Fromage rape 200g,,OMG-LYO,,OUI
FreshMarket,FM-000887,2025-08-15,SKU-20017,Pommes Gala 1kg,39.0,OMG-LYO,,OUI
FreshMarket,FM-000004,2025-07-27,SKU-20015,Jus d'orange 1L,9.0,OMG-LIL,,OUI
FreshMarket,FM-000495,2025-05-02,SKU-20019,Beurre doux 250g,22.0,OMG-LIL,,OUI
FreshMarket,FM-000766,2025-11-08,SKU-20016,Fromage rape 200g,6.0,OMG-LIL,,OUI
FreshMarket,FM-001044,2026-06-16,SKU-20016,Fromage rape 200g,4.0,OMG-LIL,,OUI
FreshMarket,FM-000133,2026-01-12,SKU-20016,Fromage rape 200g,26.0,OMG-LIL,,OUI
FreshMarket,FM-000010,2025-05-09,SKU-20017,Pommes Gala 1kg,14.0,OMG-MAR,,OUI
FreshMarket,FM-000245,2025-05-20,SKU-20015,Jus d'orange 1L,4.0,OMG-LIL,,OUI
FreshMarket,FM-001180,2026-01-13,SKU-20015,Jus d'orange 1L,16.0,OMG-LYO,,OUI
FreshMarket,FM-000866,2026-05-14,SKU-20016,Fromage rape 200g,22.0,OMG-LYO,,OUI
FreshMarket,FM-000776,2025-05-29,SKU-20016,Fromage rape 200g,2.0,OMG-LYO,,OUI
FreshMarket,FM-001358,2025-06-13,SKU-20020,Compote pomme 4x100g,29.0,OMG-LYO,,OUI
FreshMarket,FM-001203,2025-09-30,SKU-20017,Pommes Gala 1kg,7.0,OMG-MAR,,OUI
FreshMarket,FM-001288,2025-07-03,SKU-20012,Lait demi-ecreme 1L,10.0,OMG-LYO,,OUI
FreshMarket,FM-000226,2026-02-11,SKU-20013,Filet de poulet 500g,24.0,OMG-LIL,,OUI
FreshMarket,FM-000865,2025-03-02,SKU-20019,Beurre doux 250g,5.0,OMG-LYO,,OUI
FreshMarket,FM-001265,2026-06-16,SKU-20013,Filet de poulet 500g,14.0,OMG-LYO,,OUI
FreshMarket,FM-000524,2026-06-10,SKU-20016,Fromage rape 200g,4.0,OMG-MAR,,OUI
FreshMarket,FM-000170,2026-06-08,SKU-20012,Lait demi-ecreme 1L,13.0,OMG-LIL,,OUI
FreshMarket,FM-000924,2026-01-27,SKU-20012,Lait demi-ecreme 1L,33.0,OMG-MAR,,OUI
FreshMarket,FM-000923,2025-10-10,SKU-20017,Pommes Gala 1kg,10.0,OMG-MAR,,OUI
FreshMarket,FM-001070,2026-03-13,SKU-20018,Pizza surgelee,7.0,OMG-LYO,,OUI
FreshMarket,FM-001290,2026-03-21,SKU-20014,Epinards surgeles 1kg,35.0,OMG-LYO,,OUI
FreshMarket,FM-000058,2025-12-31,SKU-20019,Beurre doux 250g,32.0,OMG-LYO,,OUI
FreshMarket,FM-000468,2026-04-24,SKU-20017,Pommes Gala 1kg,22.0,OMG-MAR,,OUI
FreshMarket,FM-000684,2026-04-21,SKU-20012,Lait demi-ecreme 1L,25.0,OMG-MAR,,OUI
FreshMarket,FM-000479,2025-03-28,SKU-20017,Pommes Gala 1kg,11.0,OMG-LYO,,OUI
FreshMarket,FM-000356,2025-04-15,SKU-20018,Pizza surgelee,20.0,OMG-LIL,,OUI
FreshMarket,FM-001144,2025-11-26,SKU-20015,Jus d'orange 1L,13.0,OMG-MAR,,OUI
FreshMarket,FM-000093,2025-10-13,SKU-20020,Compote pomme 4x100g,15.0,OMG-MAR,,OUI
FreshMarket,FM-000289,2025-02-08,SKU-20016,Fromage rape 200g,21.0,OMG-LIL,,OUI
FreshMarket,FM-000671,2026-07-03,SKU-20018,Pizza surgelee,10.0,OMG-MAR,,OUI
FreshMarket,FM-000025,2026-07-30,SKU-20012,Lait demi-ecreme 1L,5.0,OMG-LYO,,OUI
FreshMarket,FM-000592,2026-01-16,SKU-20013,Filet de poulet 500g,10.0,OMG-MAR,,OUI
FreshMarket,FM-000254,2025-10-19,SKU-20019,Beurre doux 250g,6.0,OMG-LYO,,OUI
FreshMarket,FM-000318,2026-05-05,SKU-20012,Lait demi-ecreme 1L,35.0,OMG-LIL,,OUI
FreshMarket,FM-000592,2026-01-16,SKU-20019,Beurre doux 250g,9.0,OMG-MAR,,OUI
FreshMarket,FM-000799,2025-08-22,SKU-20018,Pizza surgelee,40.0,OMG-MAR,,OUI
FreshMarket,FM-001383,2025-08-01,SKU-20017,Pommes Gala 1kg,4.0,OMG-MAR,,OUI
FreshMarket,FM-000936,2025-05-08,SKU-20012,Lait demi-ecreme 1L,23.0,OMG-LYO,,OUI
FreshMarket,FM-001188,2026-05-16,SKU-20013,Filet de poulet 500g,26.0,OMG-LYO,,OUI
FreshMarket,FM-001323,2025-06-17,SKU-20020,Compote pomme 4x100g,38.0,OMG-MAR,,OUI
FreshMarket,FM-000061,2026-03-31,SKU-20012,Lait demi-ecreme 1L,31.0,OMG-LYO,,OUI
FreshMarket,FM-000245,2025-05-20,SKU-20016,Fromage rape 200g,38.0,OMG-LIL,,OUI
FreshMarket,FM-001042,2025-10-06,SKU-20020,Compote pomme 4x100g,7.0,OMG-LYO,,OUI
FreshMarket,FM-001201,2025-04-05,SKU-20020,Compote pomme 4x100g,18.0,OMG-LIL,,OUI
FreshMarket,FM-000291,2026-01-07,SKU-20011,Yaourt nature 4x125g,11.0,OMG-MAR,,OUI
FreshMarket,FM-000651,2025-02-26,SKU-20017,Pommes Gala 1kg,13.0,OMG-LYO,,OUI
FreshMarket,FM-001087,2025-05-03,SKU-20015,Jus d'orange 1L,15.0,OMG-LIL,,OUI
FreshMarket,FM-001295,2025-01-31,SKU-20015,Jus d'orange 1L,35.0,OMG-MAR,,OUI
FreshMarket,FM-001136,2026-01-09,SKU-20018,Pizza surgelee,14.0,OMG-LYO,,OUI
FreshMarket,FM-000398,2025-02-16,SKU-20012,Lait demi-ecreme 1L,25.0,OMG-LYO,,OUI
FreshMarket,FM-000037,2026-05-11,SKU-20018,Pizza surgelee,16.0,OMG-LYO,,OUI
FreshMarket,FM-000203,2026-01-14,SKU-20019,Beurre doux 250g,11.0,OMG-LYO,,OUI
FreshMarket,FM-000602,2026-06-12,SKU-20011,Yaourt nature 4x125g,4.0,OMG-LIL,,OUI
FreshMarket,FM-000441,2025-08-08,SKU-20017,Pommes Gala 1kg,38.0,OMG-LYO,,OUI
FreshMarket,FM-000119,2025-11-06,SKU-20015,Jus d'orange 1L,23.0,OMG-MAR,,OUI
FreshMarket,FM-001283,2025-05-06,SKU-20012,Lait demi-ecreme 1L,17.0,OMG-LYO,,OUI
FreshMarket,FM-000572,2025-09-17,SKU-20019,Beurre doux 250g,19.0,OMG-LYO,,OUI
FreshMarket,FM-000061,2026-03-31,SKU-20016,Fromage rape 200g,21.0,OMG-LYO,,OUI
FreshMarket,FM-000458,2025-09-16,SKU-20015,Jus d'orange 1L,12.0,OMG-LIL,,OUI
FreshMarket,FM-000614,2025-06-27,SKU-20014,Epinards surgeles 1kg,2.0,OMG-MAR,,OUI
FreshMarket,FM-000114,2025-04-27,SKU-20019,Beurre doux 250g,28.0,OMG-LYO,,OUI
FreshMarket,FM-000283,2026-02-09,SKU-20017,Pommes Gala 1kg,9.0,OMG-MAR,,OUI
FreshMarket,FM-000856,2025-10-26,SKU-20011,Yaourt nature 4x125g,18.0,OMG-MAR,,OUI
FreshMarket,FM-001039,2025-05-14,SKU-20013,Filet de poulet 500g,39.0,OMG-LYO,,OUI
FreshMarket,FM-000084,2026-05-30,SKU-20019,Beurre doux 250g,14.0,OMG-LYO,,OUI
FreshMarket,FM-000592,2026-01-16,SKU-20018,Pizza surgelee,30.0,OMG-MAR,,OUI
FreshMarket,FM-000581,2025-05-14,SKU-20019,Beurre doux 250g,27.0,OMG-MAR,,OUI
FreshMarket,FM-000111,2025-08-07,SKU-20018,Pizza surgelee,24.0,OMG-LIL,,OUI
FreshMarket,FM-000010,2025-05-09,SKU-20019,Beurre doux 250g,13.0,OMG-MAR,,OUI
FreshMarket,FM-000050,2025-08-23,SKU-20012,Lait demi-ecreme 1L,1.0,OMG-LYO,,OUI
FreshMarket,FM-000023,2026-05-23,SKU-20019,Beurre doux 250g,10.0,OMG-MAR,,OUI
FreshMarket,FM-000872,2025-09-23,SKU-20017,Pommes Gala 1kg,,OMG-LIL,,OUI
FreshMarket,FM-000226,2026-02-11,SKU-20012,Lait demi-ecreme 1L,2.0,OMG-LIL,,OUI
FreshMarket,FM-000294,2026-06-10,SKU-20011,Yaourt nature 4x125g,1.0,OMG-MAR,,OUI
FreshMarket,FM-000133,2026-01-12,SKU-20016,Fromage rape 200g,21.0,OMG-LIL,,OUI
FreshMarket,FM-001350,2025-11-08,SKU-20020,Compote pomme 4x100g,28.0,OMG-LYO,,OUI
FreshMarket,FM-000375,2026-06-17,SKU-20011,Yaourt nature 4x125g,23.0,OMG-LYO,,OUI
FreshMarket,FM-001174,2025-11-28,SKU-20012,Lait demi-ecreme 1L,11.0,OMG-LYO,,OUI
FreshMarket,FM-001353,2025-01-25,SKU-20017,Pommes Gala 1kg,7.0,OMG-LYO,,OUI
FreshMarket,FM-000394,2025-09-07,SKU-20015,Jus d'orange 1L,11.0,OMG-LYO,,OUI
FreshMarket,FM-000666,2025-03-04,SKU-20017,Pommes Gala 1kg,25.0,OMG-LIL,,OUI
FreshMarket,FM-000148,2025-03-26,SKU-20017,Pommes Gala 1kg,22.0,OMG-LYO,,OUI
FreshMarket,FM-001387,2026-05-26,SKU-20017,Pommes Gala 1kg,2.0,OMG-MAR,,OUI
FreshMarket,FM-001365,2026-05-09,SKU-20020,Compote pomme 4x100g,23.0,OMG-MAR,,OUI
FreshMarket,FM-000502,2026-05-23,SKU-20018,Pizza surgelee,16.0,OMG-LYO,,OUI
FreshMarket,FM-001155,2025-06-09,SKU-20020,Compote pomme 4x100g,25.0,OMG-MAR,,OUI
FreshMarket,FM-000084,2026-05-30,SKU-20014,Epinards surgeles 1kg,,OMG-LYO,,OUI
FreshMarket,FM-000340,2025-05-01,SKU-20017,Pommes Gala 1kg,14.0,OMG-LYO,,OUI
FreshMarket,FM-001162,2025-05-19,SKU-20016,Fromage rape 200g,11.0,OMG-MAR,,OUI
FreshMarket,FM-000506,2026-06-17,SKU-20016,Fromage rape 200g,7.0,OMG-LIL,,OUI
FreshMarket,FM-000495,2025-05-02,SKU-20015,Jus d'orange 1L,37.0,OMG-LIL,,OUI
FreshMarket,FM-000212,2025-08-05,SKU-20018,Pizza surgelee,32.0,OMG-MAR,,OUI
FreshMarket,FM-000602,2026-06-12,SKU-20015,Jus d'orange 1L,25.0,OMG-LIL,,OUI
FreshMarket,FM-000025,2026-07-30,SKU-20011,Yaourt nature 4x125g,24.0,OMG-LYO,,OUI
FreshMarket,FM-000931,2025-05-09,SKU-20015,Jus d'orange 1L,20.0,OMG-LIL,,OUI
FreshMarket,FM-000777,2025-10-01,SKU-20016,Fromage rape 200g,8.0,OMG-LIL,,OUI
FreshMarket,FM-000371,2025-05-30,SKU-20017,Pommes Gala 1kg,1.0,OMG-LYO,,OUI
FreshMarket,FM-001370,2025-11-07,SKU-20011,Yaourt nature 4x125g,28.0,OMG-MAR,,OUI
FreshMarket,FM-000987,2026-04-30,SKU-20011,Yaourt nature 4x125g,15.0,OMG-LYO,,OUI
FreshMarket,FM-001086,2025-05-15,SKU-20011,Yaourt nature 4x125g,26.0,OMG-MAR,,OUI
FreshMarket,FM-001032,2025-05-14,SKU-20013,Filet de poulet 500g,5.0,OMG-LYO,,OUI
FreshMarket,FM-001134,2026-03-11,SKU-20013,Filet de poulet 500g,20.0,OMG-LYO,,OUI
FreshMarket,FM-001257,2025-04-15,SKU-20014,Epinards surgeles 1kg,3.0,OMG-LYO,,OUI
FreshMarket,FM-000857,2025-06-24,SKU-20011,Yaourt nature 4x125g,20.0,OMG-LYO,,OUI
MedioTex,MTX-000159,2026-06-07,SKU-30027,Short de sport,17.0,OMG-LIL,,
MedioTex,MTX-000118,2025-04-14,SKU-30022,Jean coupe droite,30.0,OMG-LIL,,
MedioTex,MTX-000186,2025-03-05,SKU-30023,Veste softshell,25.0,OMG-LYO,,
MedioTex,MTX-000265,2025-02-08,SKU-30026,Chemise popeline,20.0,OMG-LYO,,
MedioTex,MTX-000847,2025-09-26,SKU-30030,Robe ete,40.0,OMG-LYO,,
MedioTex,MTX-001399,2025-06-18,SKU-30026,Chemise popeline,16.0,OMG-MAR,,
MedioTex,MTX-001016,2025-10-19,SKU-30022,Jean coupe droite,38.0,OMG-MAR,,
MedioTex,MTX-000077,2026-01-21,SKU-30026,Chemise popeline,15.0,OMG-MAR,,
MedioTex,MTX-000158,2025-04-27,SKU-30024,Chaussettes x3,38.0,OMG-MAR,,
MedioTex,MTX-000393,2026-07-26,SKU-30027,Short de sport,21.0,OMG-MAR,,
MedioTex,MTX-001150,2026-03-20,SKU-30023,Veste softshell,2.0,OMG-MAR,,
MedioTex,MTX-000141,2025-09-12,SKU-30023,Veste softshell,26.0,OMG-LYO,,
MedioTex,MTX-000011,2025-06-28,SKU-30022,Jean coupe droite,4.0,OMG-MAR,,
MedioTex,MTX-000934,2025-01-21,SKU-30026,Chemise popeline,33.0,OMG-MAR,,
MedioTex,MTX-001258,2026-03-06,SKU-30030,Robe ete,7.0,OMG-LIL,,
MedioTex,MTX-001270,2026-05-01,SKU-30029,Casquette coton,19.0,OMG-LIL,,
MedioTex,MTX-000186,2025-03-05,SKU-30022,Jean coupe droite,6.0,OMG-LYO,,
MedioTex,MTX-001347,2025-01-31,SKU-30022,Jean coupe droite,32.0,OMG-LYO,,
MedioTex,MTX-000639,2025-04-18,SKU-30026,Chemise popeline,26.0,OMG-MAR,,
MedioTex,MTX-000440,2026-04-20,SKU-30029,Casquette coton,4.0,OMG-LYO,,
MedioTex,MTX-000419,2025-03-10,SKU-30026,Chemise popeline,9.0,OMG-MAR,,
MedioTex,MTX-001059,2025-01-16,SKU-30024,Chaussettes x3,32.0,OMG-LYO,,
MedioTex,MTX-000249,2025-11-04,SKU-30025,Pull col rond,21.0,OMG-MAR,,
MedioTex,MTX-001243,2026-03-24,SKU-30023,Veste softshell,19.0,OMG-MAR,,
MedioTex,MTX-000724,2025-01-07,SKU-30022,Jean coupe droite,28.0,OMG-MAR,,
MedioTex,MTX-000399,2025-09-03,SKU-30023,Veste softshell,13.0,OMG-LYO,,
MedioTex,MTX-001193,2025-06-02,SKU-30028,Doudoune legere,38.0,OMG-MAR,,
MedioTex,MTX-001397,2025-09-15,SKU-30021,T-shirt coton uni,3.0,OMG-LYO,,
MedioTex,MTX-000244,2026-05-05,SKU-30029,Casquette coton,32.0,OMG-LYO,,
MedioTex,MTX-000105,2025-05-27,SKU-30021,T-shirt coton uni,29.0,OMG-MAR,,
MedioTex,MTX-000044,2025-09-23,SKU-30027,Short de sport,12.0,OMG-MAR,,
MedioTex,MTX-001267,2025-05-31,SKU-30029,Casquette coton,9.0,OMG-LIL,,
MedioTex,MTX-000620,2026-03-11,SKU-30030,Robe ete,27.0,OMG-LYO,,
MedioTex,MTX-000236,2025-09-05,SKU-30023,Veste softshell,38.0,OMG-LIL,,
MedioTex,MTX-001356,2026-05-18,SKU-30024,Chaussettes x3,30.0,OMG-LIL,,
MedioTex,MTX-000238,2025-02-01,SKU-30027,Short de sport,33.0,OMG-MAR,,
MedioTex,MTX-000959,2025-04-04,SKU-30026,Chemise popeline,26.0,OMG-MAR,,
MedioTex,MTX-000071,2025-12-04,SKU-30028,Doudoune legere,11.0,OMG-LYO,,
MedioTex,MTX-000115,2026-05-06,SKU-30027,Short de sport,1.0,OMG-LYO,,
MedioTex,MTX-001253,2026-06-04,SKU-30025,Pull col rond,27.0,OMG-LYO,,
MedioTex,MTX-000890,2025-01-23,SKU-30026,Chemise popeline,17.0,OMG-LYO,,
MedioTex,MTX-000390,2026-04-13,SKU-30021,T-shirt coton uni,20.0,OMG-MAR,,
MedioTex,MTX-000640,2025-04-26,SKU-30028,Doudoune legere,15.0,OMG-MAR,,
MedioTex,MTX-001045,2025-02-06,SKU-30027,Short de sport,33.0,OMG-LYO,,
MedioTex,MTX-001035,2026-04-02,SKU-30030,Robe ete,5.0,OMG-LIL,,
MedioTex,MTX-000525,2025-10-23,SKU-30024,Chaussettes x3,16.0,OMG-LIL,,
MedioTex,MTX-000243,2026-04-25,SKU-30028,Doudoune legere,27.0,OMG-MAR,,
MedioTex,MTX-000444,2026-03-25,SKU-30029,Casquette coton,18.0,OMG-LYO,,
MedioTex,MTX-001083,2026-04-27,SKU-30026,Chemise popeline,39.0,OMG-LYO,,
MedioTex,MTX-000330,2026-03-26,SKU-30026,Chemise popeline,38.0,OMG-LIL,,
MedioTex,MTX-000277,2026-03-27,SKU-30028,Doudoune legere,13.0,OMG-MAR,,
MedioTex,MTX-001083,2026-04-27,SKU-30021,T-shirt coton uni,6.0,OMG-LYO,,
MedioTex,MTX-001171,2025-07-29,SKU-30026,Chemise popeline,2.0,OMG-MAR,,
MedioTex,MTX-001317,2025-05-11,SKU-30029,Casquette coton,14.0,OMG-MAR,,
MedioTex,MTX-000834,2026-04-27,SKU-30021,T-shirt coton uni,11.0,OMG-MAR,,
MedioTex,MTX-001073,2026-05-08,SKU-30026,Chemise popeline,39.0,OMG-LYO,,
MedioTex,MTX-000918,2026-04-01,SKU-30029,Casquette coton,1.0,OMG-LYO,,
MedioTex,MTX-000617,2025-03-17,SKU-30028,Doudoune legere,16.0,OMG-MAR,,
MedioTex,MTX-000213,2026-05-09,SKU-30027,Short de sport,14.0,OMG-LIL,,
MedioTex,MTX-001360,2026-01-27,SKU-30028,Doudoune legere,2.0,OMG-MAR,,
MedioTex,MTX-000238,2025-02-01,SKU-30024,Chaussettes x3,23.0,OMG-MAR,,
MedioTex,MTX-000367,2025-11-03,SKU-30027,Short de sport,16.0,OMG-LIL,,
MedioTex,MTX-000138,2025-11-10,SKU-30021,T-shirt coton uni,37.0,OMG-LIL,,
MedioTex,MTX-000166,2026-06-07,SKU-30029,Casquette coton,15.0,OMG-MAR,,
MedioTex,MTX-001316,2026-04-25,SKU-30023,Veste softshell,32.0,OMG-MAR,,
MedioTex,MTX-000875,2025-02-27,SKU-30028,Doudoune legere,28.0,OMG-LYO,,
MedioTex,MTX-000246,2025-06-20,SKU-30026,Chemise popeline,38.0,OMG-LYO,,
MedioTex,MTX-001320,2025-03-09,SKU-30028,Doudoune legere,30.0,OMG-MAR,,
MedioTex,MTX-000576,2026-07-25,SKU-30023,Veste softshell,40.0,OMG-MAR,,
MedioTex,MTX-000069,2025-01-12,SKU-30028,Doudoune legere,17.0,OMG-LIL,,
MedioTex,MTX-000780,2026-07-30,SKU-30025,Pull col rond,18.0,OMG-MAR,,
MedioTex,MTX-000156,2025-12-28,SKU-30022,Jean coupe droite,19.0,OMG-LYO,,
MedioTex,MTX-000685,2025-01-25,SKU-30025,Pull col rond,36.0,OMG-MAR,,
MedioTex,MTX-001128,2025-10-29,SKU-30023,Veste softshell,29.0,OMG-MAR,,
MedioTex,MTX-001083,2026-04-27,SKU-30026,Chemise popeline,38.0,OMG-LYO,,
MedioTex,MTX-000778,2025-12-06,SKU-30022,Jean coupe droite,6.0,OMG-MAR,,
MedioTex,MTX-000650,2025-06-18,SKU-30022,Jean coupe droite,33.0,OMG-MAR,,
MedioTex,MTX-000954,2026-06-15,SKU-30024,Chaussettes x3,2.0,OMG-LYO,,
MedioTex,MTX-000954,2026-06-15,SKU-30030,Robe ete,15.0,OMG-LYO,,
MedioTex,MTX-000903,2025-04-05,SKU-30027,Short de sport,32.0,OMG-MAR,,
MedioTex,MTX-001092,2025-06-27,SKU-30022,Jean coupe droite,25.0,OMG-MAR,,
MedioTex,MTX-001287,2026-07-18,SKU-30026,Chemise popeline,4.0,OMG-LYO,,
MedioTex,MTX-000945,2025-02-05,SKU-30025,Pull col rond,18.0,OMG-MAR,,
MedioTex,MTX-000308,2026-06-23,SKU-30027,Short de sport,27.0,OMG-LIL,,
MedioTex,MTX-000862,2025-06-19,SKU-30028,Doudoune legere,12.0,OMG-MAR,,
MedioTex,MTX-000837,2025-04-11,SKU-30030,Robe ete,40.0,OMG-LIL,,
MedioTex,MTX-000079,2025-07-31,SKU-30028,Doudoune legere,5.0,OMG-MAR,,
MedioTex,MTX-000850,2025-11-30,SKU-30026,Chemise popeline,13.0,OMG-LYO,,
MedioTex,MTX-001125,2025-11-25,SKU-30022,Jean coupe droite,31.0,OMG-LYO,,
MedioTex,MTX-000701,2025-05-20,SKU-30021,T-shirt coton uni,9.0,OMG-MAR,,
MedioTex,MTX-000667,2026-07-25,SKU-30027,Short de sport,28.0,OMG-MAR,,
MedioTex,MTX-000930,2026-04-06,SKU-30024,Chaussettes x3,37.0,OMG-LIL,,
MedioTex,MTX-000963,2025-04-10,SKU-30024,Chaussettes x3,2.0,OMG-MAR,,
MedioTex,MTX-000019,2026-06-09,SKU-30030,Robe ete,3.0,OMG-LYO,,
MedioTex,MTX-000910,2025-04-22,SKU-30026,Chemise popeline,5.0,OMG-LYO,,
MedioTex,MTX-001357,2025-08-16,SKU-30024,Chaussettes x3,32.0,OMG-MAR,,
MedioTex,MTX-000817,2026-02-07,SKU-30023,Veste softshell,23.0,OMG-LIL,,
MedioTex,MTX-001199,2025-05-12,SKU-30027,Short de sport,14.0,OMG-LIL,,
MedioTex,MTX-000369,2025-05-25,SKU-30024,Chaussettes x3,6.0,OMG-LYO,,
MedioTex,MTX-000527,2025-07-27,SKU-30030,Robe ete,25.0,OMG-LIL,,
MedioTex,MTX-000161,2025-11-23,SKU-30027,Short de sport,6.0,OMG-MAR,,
MedioTex,MTX-000202,2025-08-20,SKU-30024,Chaussettes x3,20.0,OMG-MAR,,
MedioTex,MTX-000097,2026-02-14,SKU-30024,Chaussettes x3,26.0,OMG-LIL,,
MedioTex,MTX-001030,2025-03-01,SKU-30026,Chemise popeline,16.0,OMG-LIL,,
MedioTex,MTX-001056,2025-08-12,SKU-30021,T-shirt coton uni,8.0,OMG-MAR,,
MedioTex,MTX-000805,2025-10-02,SKU-30022,Jean coupe droite,32.0,OMG-LYO,,
MedioTex,MTX-000639,2025-04-18,SKU-30027,Short de sport,38.0,OMG-MAR,,
MedioTex,MTX-001326,2026-07-27,SKU-30030,Robe ete,22.0,OMG-LIL,,
MedioTex,MTX-001324,2026-07-30,SKU-30022,Jean coupe droite,28.0,OMG-LYO,,
MedioTex,MTX-000588,2025-01-19,SKU-30022,Jean coupe droite,4.0,OMG-LYO,,
MedioTex,MTX-000871,2025-12-15,SKU-30030,Robe ete,9.0,OMG-LYO,,
MedioTex,MTX-000081,2026-05-19,SKU-30022,Jean coupe droite,9.0,OMG-LYO,,
MedioTex,MTX-000178,2025-01-14,SKU-30022,Jean coupe droite,34.0,OMG-LIL,,
MedioTex,MTX-000990,2025-06-06,SKU-30028,Doudoune legere,8.0,OMG-LYO,,
MedioTex,MTX-001300,2026-06-14,SKU-30026,Chemise popeline,25.0,OMG-LIL,,
MedioTex,MTX-000096,2025-07-31,SKU-30028,Doudoune legere,39.0,OMG-LYO,,
MedioTex,MTX-000304,2026-05-07,SKU-30026,Chemise popeline,9.0,OMG-MAR,,
MedioTex,MTX-001348,2026-07-19,SKU-30022,Jean coupe droite,10.0,OMG-LYO,,
MedioTex,MTX-000496,2025-04-01,SKU-30028,Doudoune legere,23.0,OMG-MAR,,
MedioTex,MTX-000688,2025-02-20,SKU-30027,Short de sport,15.0,OMG-MAR,,
MedioTex,MTX-001277,2025-06-18,SKU-30030,Robe ete,22.0,OMG-LYO,,
MedioTex,MTX-000178,2025-01-14,SKU-30023,Veste softshell,16.0,OMG-LIL,,
MedioTex,MTX-000968,2025-07-10,SKU-30024,Chaussettes x3,15.0,OMG-LYO,,
MedioTex,MTX-000740,2026-07-21,SKU-30023,Veste softshell,12.0,OMG-LIL,,
MedioTex,MTX-001206,2026-01-03,SKU-30030,Robe ete,3.0,OMG-LYO,,
MedioTex,MTX-000195,2026-05-18,SKU-30027,Short de sport,7.0,OMG-MAR,,
MedioTex,MTX-000252,2026-07-21,SKU-30025,Pull col rond,7.0,OMG-MAR,,
MedioTex,MTX-000703,2025-04-19,SKU-30030,Robe ete,35.0,OMG-LIL,,
MedioTex,MTX-000496,2025-04-01,SKU-30030,Robe ete,15.0,OMG-MAR,,
MedioTex,MTX-000875,2025-02-27,SKU-30025,Pull col rond,31.0,OMG-LYO,,
MedioTex,MTX-000096,2025-07-31,SKU-30025,Pull col rond,14.0,OMG-LYO,,
MedioTex,MTX-000463,2025-10-06,SKU-30022,Jean coupe droite,24.0,OMG-MAR,,
MedioTex,MTX-000934,2025-01-21,SKU-30023,Veste softshell,16.0,OMG-MAR,,
MedioTex,MTX-001286,2025-09-04,SKU-30024,Chaussettes x3,29.0,OMG-MAR,,
MedioTex,MTX-000815,2026-04-07,SKU-30028,Doudoune legere,16.0,OMG-LYO,,
MedioTex,MTX-000106,2026-04-19,SKU-30025,Pull col rond,25.0,OMG-MAR,,
MedioTex,MTX-001092,2025-06-27,SKU-30024,Chaussettes x3,16.0,OMG-MAR,,
MedioTex,MTX-000106,2026-04-19,SKU-30027,Short de sport,22.0,OMG-MAR,,
MedioTex,MTX-001394,2026-07-27,SKU-30028,Doudoune legere,29.0,OMG-MAR,,
MedioTex,MTX-000579,2026-07-03,SKU-30029,Casquette coton,3.0,OMG-LYO,,
MedioTex,MTX-000184,2026-01-24,SKU-30021,T-shirt coton uni,7.0,OMG-LYO,,
MedioTex,MTX-000880,2025-05-12,SKU-30029,Casquette coton,35.0,OMG-MAR,,
MedioTex,MTX-001091,2025-08-31,SKU-30026,Chemise popeline,37.0,OMG-LYO,,
MedioTex,MTX-001176,2025-09-14,SKU-30030,Robe ete,34.0,OMG-MAR,,
MedioTex,MTX-000985,2026-03-16,SKU-30022,Jean coupe droite,35.0,OMG-LYO,,
MedioTex,MTX-000354,2025-07-04,SKU-30026,Chemise popeline,26.0,OMG-LIL,,
MedioTex,MTX-000040,2025-01-21,SKU-30030,Robe ete,2.0,OMG-MAR,,
MedioTex,MTX-000504,2025-10-17,SKU-30026,Chemise popeline,30.0,OMG-LYO,,
MedioTex,MTX-000869,2026-05-28,SKU-30026,Chemise popeline,18.0,OMG-LIL,,
MedioTex,MTX-001060,2025-09-26,SKU-30028,Doudoune legere,10.0,OMG-LIL,,
MedioTex,MTX-000171,2026-06-06,SKU-30022,Jean coupe droite,31.0,OMG-MAR,,
MedioTex,MTX-000903,2025-04-05,SKU-30023,Veste softshell,34.0,OMG-MAR,,
MedioTex,MTX-000780,2026-07-30,SKU-30025,Pull col rond,20.0,OMG-MAR,,
MedioTex,MTX-001236,2025-06-02,SKU-30029,Casquette coton,30.0,OMG-LYO,,
MedioTex,MTX-001029,2026-05-03,SKU-30024,Chaussettes x3,21.0,OMG-LIL,,
MedioTex,MTX-000258,2025-10-29,SKU-30025,Pull col rond,29.0,OMG-MAR,,
MedioTex,MTX-000186,2025-03-05,SKU-30026,Chemise popeline,24.0,OMG-LYO,,
MedioTex,MTX-000227,2026-05-03,SKU-30021,T-shirt coton uni,32.0,OMG-MAR,,
MedioTex,MTX-000095,2025-06-17,SKU-30030,Robe ete,6.0,OMG-MAR,,
MedioTex,MTX-000115,2026-05-06,SKU-30023,Veste softshell,19.0,OMG-LYO,,
MedioTex,MTX-000680,2025-10-19,SKU-30026,Chemise popeline,39.0,OMG-LYO,,
MedioTex,MTX-000620,2026-03-11,SKU-30030,Robe ete,1.0,OMG-LYO,,
MedioTex,MTX-000227,2026-05-03,SKU-30026,Chemise popeline,11.0,OMG-MAR,,
MedioTex,MTX-001135,2025-07-26,SKU-30025,Pull col rond,9.0,OMG-MAR,,
MedioTex,MTX-000800,2025-10-18,SKU-30021,T-shirt coton uni,15.0,OMG-LYO,,
MedioTex,MTX-000884,2025-01-07,SKU-30028,Doudoune legere,12.0,OMG-MAR,,
MedioTex,MTX-000877,2025-08-05,SKU-30024,Chaussettes x3,20.0,OMG-MAR,,
MedioTex,MTX-000399,2025-09-03,SKU-30021,T-shirt coton uni,16.0,OMG-LYO,,
MedioTex,MTX-000955,2025-11-14,SKU-30030,Robe ete,16.0,OMG-MAR,,
MedioTex,MTX-000868,2025-06-16,SKU-30021,T-shirt coton uni,10.0,OMG-LIL,,
MedioTex,MTX-001057,2025-11-15,SKU-30030,Robe ete,11.0,OMG-LYO,,
MedioTex,MTX-000276,2026-05-24,SKU-30024,Chaussettes x3,20.0,OMG-LIL,,
MedioTex,MTX-000837,2025-04-11,SKU-30021,T-shirt coton uni,2.0,OMG-LIL,,
MedioTex,MTX-000959,2025-04-04,SKU-30029,Casquette coton,2.0,OMG-MAR,,
MedioTex,MTX-000533,2025-11-12,SKU-30024,Chaussettes x3,20.0,OMG-LYO,,
MedioTex,MTX-000098,2025-01-06,SKU-30023,Veste softshell,17.0,OMG-LYO,,
MedioTex,MTX-000735,2025-08-04,SKU-30021,T-shirt coton uni,16.0,OMG-LYO,,
MedioTex,MTX-000540,2025-07-16,SKU-30026,Chemise popeline,8.0,OMG-LYO,,
MedioTex,MTX-000496,2025-04-01,SKU-30021,T-shirt coton uni,39.0,OMG-MAR,,
MedioTex,MTX-000379,2025-01-15,SKU-30026,Chemise popeline,5.0,OMG-LYO,,
MedioTex,MTX-000305,2025-10-01,SKU-30029,Casquette coton,7.0,OMG-LYO,,
MedioTex,MTX-001128,2025-10-29,SKU-30025,Pull col rond,11.0,OMG-MAR,,
MedioTex,MTX-001278,2025-07-06,SKU-30021,T-shirt coton uni,2.0,OMG-LYO,,
MedioTex,MTX-001373,2025-11-08,SKU-30023,Veste softshell,24.0,OMG-LYO,,
MedioTex,MTX-001357,2025-08-16,SKU-30025,Pull col rond,4.0,OMG-MAR,,
MedioTex,MTX-001045,2025-02-06,SKU-30029,Casquette coton,12.0,OMG-LYO,,
MedioTex,MTX-001128,2025-10-29,SKU-30021,T-shirt coton uni,17.0,OMG-MAR,,
MedioTex,MTX-000352,2026-01-18,SKU-30024,Chaussettes x3,37.0,OMG-LIL,,
MedioTex,MTX-001249,2025-07-23,SKU-30028,Doudoune legere,32.0,OMG-LYO,,
MedioTex,MTX-001347,2025-01-31,SKU-30027,Short de sport,18.0,OMG-LYO,,
MedioTex,MTX-001206,2026-01-03,SKU-30025,Pull col rond,35.0,OMG-LYO,,
MedioTex,MTX-000102,2025-04-25,SKU-30025,Pull col rond,13.0,OMG-MAR,,
MedioTex,MTX-000639,2025-04-18,SKU-30025,Pull col rond,19.0,OMG-MAR,,
MedioTex,MTX-000031,2025-03-31,SKU-30024,Chaussettes x3,17.0,OMG-MAR,,
MedioTex,MTX-000970,2025-12-27,SKU-30026,Chemise popeline,5.0,OMG-LIL,,
MedioTex,MTX-001115,2025-06-29,SKU-30025,Pull col rond,24.0,OMG-LIL,,
MedioTex,MTX-000131,2026-04-23,SKU-30023,Veste softshell,38.0,OMG-LIL,,
MedioTex,MTX-000568,2026-06-08,SKU-30021,T-shirt coton uni,1.0,OMG-LIL,,
MedioTex,MTX-000915,2025-08-01,SKU-30028,Doudoune legere,35.0,OMG-LIL,,
MedioTex,MTX-000178,2025-01-14,SKU-30023,Veste softshell,7.0,OMG-LIL,,
MedioTex,MTX-000390,2026-04-13,SKU-30030,Robe ete,10.0,OMG-MAR,,
MedioTex,MTX-000008,2026-04-19,SKU-30030,Robe ete,21.0,OMG-MAR,,
MedioTex,MTX-000202,2025-08-20,SKU-30026,Chemise popeline,10.0,OMG-MAR,,
MedioTex,MTX-000248,2025-01-01,SKU-30026,Chemise popeline,4.0,OMG-LIL,,
MedioTex,MTX-000557,2025-04-07,SKU-30023,Veste softshell,33.0,OMG-LYO,,
MedioTex,MTX-000130,2025-08-25,SKU-30022,Jean coupe droite,17.0,OMG-LYO,,
MedioTex,MTX-000365,2026-05-12,SKU-30028,Doudoune legere,20.0,OMG-MAR,,
MedioTex,MTX-000244,2026-05-05,SKU-30026,Chemise popeline,37.0,OMG-LYO,,
MedioTex,MTX-001360,2026-01-27,SKU-30028,Doudoune legere,10.0,OMG-MAR,,
MedioTex,MTX-000066,2025-04-17,SKU-30027,Short de sport,22.0,OMG-MAR,,
MedioTex,MTX-000046,2026-06-03,SKU-30028,Doudoune legere,21.0,OMG-MAR,,
MedioTex,MTX-001095,2025-07-12,SKU-30023,Veste softshell,19.0,OMG-LIL,,
MedioTex,MTX-000743,2025-05-07,SKU-30022,Jean coupe droite,2.0,OMG-LIL,,
MedioTex,MTX-000303,2025-08-01,SKU-30027,Short de sport,39.0,OMG-LYO,,
MedioTex,MTX-000514,2025-05-21,SKU-30029,Casquette coton,15.0,OMG-LYO,,
MedioTex,MTX-001199,2025-05-12,SKU-30023,Veste softshell,24.0,OMG-LIL,,
MedioTex,MTX-001239,2026-02-07,SKU-30023,Veste softshell,18.0,OMG-LYO,,
MedioTex,MTX-000391,2025-11-02,SKU-30030,Robe ete,33.0,OMG-MAR,,
MedioTex,MTX-000504,2025-10-17,SKU-30023,Veste softshell,23.0,OMG-LYO,,
MedioTex,MTX-000617,2025-03-17,SKU-30024,Chaussettes x3,7.0,OMG-MAR,,
MedioTex,MTX-000385,2025-10-01,SKU-30026,Chemise popeline,24.0,OMG-LIL,,
MedioTex,MTX-000466,2026-06-11,SKU-30021,T-shirt coton uni,10.0,OMG-LIL,,
MedioTex,MTX-000952,2025-05-19,SKU-30029,Casquette coton,27.0,OMG-LIL,,
MedioTex,MTX-000106,2026-04-19,SKU-30030,Robe ete,4.0,OMG-MAR,,
MedioTex,MTX-001268,2025-04-07,SKU-30030,Robe ete,4.0,OMG-MAR,,
MedioTex,MTX-001160,2026-03-21,SKU-30028,Doudoune legere,28.0,OMG-LYO,,
MedioTex,MTX-000299,2026-06-30,SKU-30028,Doudoune legere,9.0,OMG-LIL,,
MedioTex,MTX-000150,2026-01-06,SKU-30026,Chemise popeline,19.0,OMG-LIL,,
MedioTex,MTX-000520,2025-09-11,SKU-30028,Doudoune legere,30.0,OMG-MAR,,
MedioTex,MTX-000419,2025-03-10,SKU-30030,Robe ete,21.0,OMG-MAR,,
MedioTex,MTX-000408,2026-06-19,SKU-30026,Chemise popeline,26.0,OMG-LIL,,
MedioTex,MTX-000249,2025-11-04,SKU-30023,Veste softshell,11.0,OMG-MAR,,
MedioTex,MTX-000149,2025-03-20,SKU-30023,Veste softshell,27.0,OMG-LIL,,
MedioTex,MTX-000474,2025-08-03,SKU-30023,Veste softshell,31.0,OMG-LYO,,
MedioTex,MTX-000447,2025-11-24,SKU-30021,T-shirt coton uni,39.0,OMG-LIL,,
MedioTex,MTX-000040,2025-01-21,SKU-30022,Jean coupe droite,28.0,OMG-MAR,,
MedioTex,MTX-000687,2026-06-02,SKU-30023,Veste softshell,35.0,OMG-LIL,,
MedioTex,MTX-001214,2025-09-25,SKU-30024,Chaussettes x3,40.0,OMG-LIL,,
MedioTex,MTX-000615,2025-09-08,SKU-30028,Doudoune legere,24.0,OMG-LYO,,
MedioTex,MTX-001141,2025-09-12,SKU-30029,Casquette coton,39.0,OMG-MAR,,
MedioTex,MTX-001160,2026-03-21,SKU-30025,Pull col rond,36.0,OMG-LYO,,
MedioTex,MTX-001004,2025-09-20,SKU-30028,Doudoune legere,36.0,OMG-MAR,,
MedioTex,MTX-000354,2025-07-04,SKU-30027,Short de sport,14.0,OMG-LIL,,
MedioTex,MTX-000260,2026-01-05,SKU-30021,T-shirt coton uni,33.0,OMG-LYO,,
MedioTex,MTX-000174,2026-07-14,SKU-30024,Chaussettes x3,22.0,OMG-MAR,,
MedioTex,MTX-000584,2025-04-28,SKU-30029,Casquette coton,19.0,OMG-MAR,,
MedioTex,MTX-000579,2026-07-03,SKU-30028,Doudoune legere,8.0,OMG-LYO,,
MedioTex,MTX-001125,2025-11-25,SKU-30025,Pull col rond,35.0,OMG-LYO,,
MedioTex,MTX-001198,2025-05-18,SKU-30021,T-shirt coton uni,28.0,OMG-LIL,,
MedioTex,MTX-001192,2026-07-07,SKU-30023,Veste softshell,22.0,OMG-LIL,,
MedioTex,MTX-001252,2025-05-02,SKU-30024,Chaussettes x3,24.0,OMG-LIL,,
MedioTex,MTX-001059,2025-01-16,SKU-30027,Short de sport,29.0,OMG-LYO,,
MedioTex,MTX-000817,2026-02-07,SKU-30021,T-shirt coton uni,10.0,OMG-LIL,,
MedioTex,MTX-000019,2026-06-09,SKU-30030,Robe ete,6.0,OMG-LYO,,
MedioTex,MTX-000178,2025-01-14,SKU-30024,Chaussettes x3,40.0,OMG-LIL,,
MedioTex,MTX-000994,2025-02-05,SKU-30023,Veste softshell,37.0,OMG-LIL,,
MedioTex,MTX-001119,2025-05-04,SKU-30029,Casquette coton,35.0,OMG-MAR,,
MedioTex,MTX-001114,2026-07-13,SKU-30028,Doudoune legere,1.0,OMG-LIL,,
MedioTex,MTX-001050,2025-02-24,SKU-30023,Veste softshell,32.0,OMG-LYO,,
MedioTex,MTX-000379,2025-01-15,SKU-30030,Robe ete,16.0,OMG-LYO,,
MedioTex,MTX-000158,2025-04-27,SKU-30028,Doudoune legere,6.0,OMG-MAR,,
MedioTex,MTX-000079,2025-07-31,SKU-30026,Chemise popeline,8.0,OMG-MAR,,
MedioTex,MTX-001096,2026-03-08,SKU-30025,Pull col rond,30.0,OMG-LIL,,
MedioTex,MTX-000399,2025-09-03,SKU-30029,Casquette coton,2.0,OMG-LYO,,
MedioTex,MTX-000897,2025-01-19,SKU-30028,Doudoune legere,25.0,OMG-MAR,,
MedioTex,MTX-000252,2026-07-21,SKU-30021,T-shirt coton uni,17.0,OMG-MAR,,
MedioTex,MTX-000566,2025-02-05,SKU-30030,Robe ete,6.0,OMG-LYO,,
MedioTex,MTX-000333,2025-01-18,SKU-30023,Veste softshell,9.0,OMG-LIL,,
MedioTex,MTX-000250,2025-05-16,SKU-30023,Veste softshell,25.0,OMG-LIL,,
MedioTex,MTX-000527,2025-07-27,SKU-30030,Robe ete,2.0,OMG-LIL,,
MedioTex,MTX-000440,2026-04-20,SKU-30021,T-shirt coton uni,24.0,OMG-LYO,,
MedioTex,MTX-001249,2025-07-23,SKU-30023,Veste softshell,36.0,OMG-LYO,,
MedioTex,MTX-000118,2025-04-14,SKU-30021,T-shirt coton uni,19.0,OMG-LIL,,
MedioTex,MTX-000444,2026-03-25,SKU-30027,Short de sport,35.0,OMG-LYO,,
MedioTex,MTX-001276,2026-02-27,SKU-30026,Chemise popeline,27.0,OMG-LIL,,
MedioTex,MTX-000448,2026-05-25,SKU-30023,Veste softshell,33.0,OMG-LYO,,
MedioTex,MTX-000044,2025-09-23,SKU-30027,Short de sport,24.0,OMG-MAR,,
MedioTex,MTX-000874,2025-10-29,SKU-30029,Casquette coton,16.0,OMG-MAR,,
MedioTex,MTX-001098,2025-11-04,SKU-30021,T-shirt coton uni,19.0,OMG-LIL,,
MedioTex,MTX-000968,2025-07-10,SKU-30028,Doudoune legere,12.0,OMG-LYO,,
MedioTex,MTX-001235,2025-06-17,SKU-30023,Veste softshell,40.0,OMG-MAR,,
MedioTex,MTX-000557,2025-04-07,SKU-30025,Pull col rond,12.0,OMG-LYO,,
MedioTex,MTX-000465,2026-01-15,SKU-30026,Chemise popeline,3.0,OMG-LYO,,
MedioTex,MTX-000626,2025-12-30,SKU-30026,Chemise popeline,40.0,OMG-MAR,,
MedioTex,MTX-000576,2026-07-25,SKU-30024,Chaussettes x3,19.0,OMG-MAR,,
MedioTex,MTX-000040,2025-01-21,SKU-30023,Veste softshell,4.0,OMG-MAR,,
MedioTex,MTX-000859,2026-07-15,SKU-30030,Robe ete,34.0,OMG-LIL,,
MedioTex,MTX-000224,2026-06-13,SKU-30027,Short de sport,16.0,OMG-MAR,,
MedioTex,MTX-000083,2025-06-18,SKU-30026,Chemise popeline,35.0,OMG-LIL,,
MedioTex,MTX-001119,2025-05-04,SKU-30023,Veste softshell,14.0,OMG-MAR,,
MedioTex,MTX-000953,2026-01-26,SKU-30023,Veste softshell,12.0,OMG-LIL,,
MedioTex,MTX-000258,2025-10-29,SKU-30026,Chemise popeline,12.0,OMG-MAR,,
MedioTex,MTX-001150,2026-03-20,SKU-30026,Chemise popeline,15.0,OMG-MAR,,
MedioTex,MTX-000260,2026-01-05,SKU-30030,Robe ete,40.0,OMG-LYO,,
MedioTex,MTX-001258,2026-03-06,SKU-30021,T-shirt coton uni,2.0,OMG-LIL,,
MedioTex,MTX-000963,2025-04-10,SKU-30027,Short de sport,17.0,OMG-MAR,,
MedioTex,MTX-000649,2025-11-19,SKU-30024,Chaussettes x3,11.0,OMG-LYO,,
MedioTex,MTX-000598,2026-03-12,SKU-30030,Robe ete,4.0,OMG-LIL,,
MedioTex,MTX-000981,2025-08-03,SKU-30022,Jean coupe droite,21.0,OMG-LIL,,
MedioTex,MTX-001356,2026-05-18,SKU-30029,Casquette coton,32.0,OMG-LIL,,
MedioTex,MTX-000943,2025-09-20,SKU-30025,Pull col rond,6.0,OMG-LYO,,
MedioTex,MTX-000952,2025-05-19,SKU-30027,Short de sport,39.0,OMG-LIL,,
MedioTex,MTX-000604,2025-02-20,SKU-30025,Pull col rond,36.0,OMG-LIL,,
MedioTex,MTX-000940,2026-04-08,SKU-30029,Casquette coton,26.0,OMG-LYO,,
MedioTex,MTX-000937,2025-11-25,SKU-30027,Short de sport,17.0,OMG-LIL,,
MedioTex,MTX-000131,2026-04-23,SKU-30030,Robe ete,22.0,OMG-LIL,,
MedioTex,MTX-001277,2025-06-18,SKU-30023,Veste softshell,13.0,OMG-LYO,,
MedioTex,MTX-001192,2026-07-07,SKU-30026,Chemise popeline,22.0,OMG-LIL,,
MedioTex,MTX-001056,2025-08-12,SKU-30029,Casquette coton,21.0,OMG-MAR,,
MedioTex,MTX-001006,2025-08-18,SKU-30025,Pull col rond,29.0,OMG-MAR,,
MedioTex,MTX-000305,2025-10-01,SKU-30027,Short de sport,1.0,OMG-LYO,,
MedioTex,MTX-000448,2026-05-25,SKU-30022,Jean coupe droite,18.0,OMG-LYO,,
MedioTex,MTX-000151,2026-07-16,SKU-30023,Veste softshell,27.0,OMG-MAR,,
MedioTex,MTX-000613,2025-06-12,SKU-30029,Casquette coton,13.0,OMG-MAR,,
MedioTex,MTX-000565,2026-01-20,SKU-30022,Jean coupe droite,31.0,OMG-LYO,,
MedioTex,MTX-000314,2025-01-07,SKU-30030,Robe ete,40.0,OMG-MAR,,
MedioTex,MTX-001326,2026-07-27,SKU-30024,Chaussettes x3,11.0,OMG-LIL,,
MedioTex,MTX-000653,2025-05-18,SKU-30028,Doudoune legere,23.0,OMG-LYO,,
MedioTex,MTX-000504,2025-10-17,SKU-30023,Veste softshell,38.0,OMG-LYO,,
MedioTex,MTX-000594,2025-04-02,SKU-30023,Veste softshell,10.0,OMG-LYO,,
MedioTex,MTX-001036,2025-05-21,SKU-30027,Short de sport,37.0,OMG-LYO,,
MedioTex,MTX-000740,2026-07-21,SKU-30027,Short de sport,39.0,OMG-LIL,,
MedioTex,MTX-000259,2025-03-08,SKU-30027,Short de sport,38.0,OMG-LYO,,
MedioTex,MTX-000588,2025-01-19,SKU-30026,Chemise popeline,17.0,OMG-LYO,,
MedioTex,MTX-000270,2026-02-03,SKU-30028,Doudoune legere,9.0,OMG-LIL,,
MedioTex,MTX-000040,2025-01-21,SKU-30023,Veste softshell,30.0,OMG-MAR,,
MedioTex,MTX-000332,2025-04-02,SKU-30028,Doudoune legere,31.0,OMG-MAR,,
MedioTex,MTX-000342,2025-09-20,SKU-30021,T-shirt coton uni,11.0,OMG-LIL,,
MedioTex,MTX-001047,2025-02-26,SKU-30021,T-shirt coton uni,25.0,OMG-LIL,,
MedioTex,MTX-000259,2025-03-08,SKU-30029,Casquette coton,27.0,OMG-LYO,,
MedioTex,MTX-001119,2025-05-04,SKU-30021,T-shirt coton uni,34.0,OMG-MAR,,
MedioTex,MTX-000349,2026-06-10,SKU-30029,Casquette coton,35.0,OMG-LYO,,
MedioTex,MTX-000447,2025-11-24,SKU-30025,Pull col rond,11.0,OMG-LIL,,
MedioTex,MTX-000695,2025-03-21,SKU-30027,Short de sport,28.0,OMG-MAR,,
MedioTex,MTX-000962,2025-01-21,SKU-30023,Veste softshell,37.0,OMG-LIL,,
MedioTex,MTX-001216,2025-04-14,SKU-30021,T-shirt coton uni,14.0,OMG-LIL,,
MedioTex,MTX-000553,2026-03-27,SKU-30026,Chemise popeline,30.0,OMG-LYO,,
MedioTex,MTX-000491,2025-11-16,SKU-30028,Doudoune legere,38.0,OMG-LIL,,
MedioTex,MTX-000423,2026-02-22,SKU-30027,Short de sport,4.0,OMG-LIL,,
MedioTex,MTX-000569,2026-06-21,SKU-30024,Chaussettes x3,8.0,OMG-MAR,,
MedioTex,MTX-000130,2025-08-25,SKU-30024,Chaussettes x3,23.0,OMG-LYO,,
MedioTex,MTX-001326,2026-07-27,SKU-30024,Chaussettes x3,2.0,OMG-LIL,,
MedioTex,MTX-000650,2025-06-18,SKU-30029,Casquette coton,8.0,OMG-MAR,,
MedioTex,MTX-000732,2025-01-17,SKU-30021,T-shirt coton uni,37.0,OMG-MAR,,
MedioTex,MTX-000135,2025-08-31,SKU-30028,Doudoune legere,32.0,OMG-MAR,,
MedioTex,MTX-000117,2026-03-07,SKU-30026,Chemise popeline,17.0,OMG-MAR,,
MedioTex,MTX-000314,2025-01-07,SKU-30028,Doudoune legere,16.0,OMG-MAR,,
MedioTex,MTX-000032,2026-07-14,SKU-30023,Veste softshell,13.0,OMG-LYO,,
MedioTex,MTX-000117,2026-03-07,SKU-30022,Jean coupe droite,23.0,OMG-MAR,,
MedioTex,MTX-000317,2025-01-19,SKU-30021,T-shirt coton uni,6.0,OMG-LYO,,
MedioTex,MTX-001377,2025-03-17,SKU-30029,Casquette coton,7.0,OMG-LYO,,
MedioTex,MTX-000899,2025-11-05,SKU-30025,Pull col rond,22.0,OMG-LYO,,
MedioTex,MTX-000448,2026-05-25,SKU-30025,Pull col rond,9.0,OMG-LYO,,
MedioTex,MTX-000095,2025-06-17,SKU-30026,Chemise popeline,20.0,OMG-MAR,,
MedioTex,MTX-000385,2025-10-01,SKU-30024,Chaussettes x3,37.0,OMG-LIL,,
MedioTex,MTX-000558,2026-02-13,SKU-30027,Short de sport,5.0,OMG-LYO,,
MedioTex,MTX-000430,2025-06-10,SKU-30023,Veste softshell,5.0,OMG-LYO,,
MedioTex,MTX-001018,2025-12-02,SKU-30024,Chaussettes x3,37.0,OMG-MAR,,
MedioTex,MTX-000295,2026-01-28,SKU-30025,Pull col rond,4.0,OMG-LYO,,
MedioTex,MTX-000514,2025-05-21,SKU-30027,Short de sport,14.0,OMG-LYO,,
MedioTex,MTX-000990,2025-06-06,SKU-30025,Pull col rond,15.0,OMG-LYO,,
MedioTex,MTX-000624,2025-04-24,SKU-30021,T-shirt coton uni,34.0,OMG-MAR,,
MedioTex,MTX-001025,2025-08-19,SKU-30023,Veste softshell,26.0,OMG-MAR,,
MedioTex,MTX-000962,2025-01-21,SKU-30030,Robe ete,24.0,OMG-LIL,,
MedioTex,MTX-000915,2025-08-01,SKU-30028,Doudoune legere,12.0,OMG-LIL,,
MedioTex,MTX-001268,2025-04-07,SKU-30029,Casquette coton,24.0,OMG-MAR,,
MedioTex,MTX-000452,2025-04-01,SKU-30027,Short de sport,25.0,OMG-LIL,,
MedioTex,MTX-000640,2025-04-26,SKU-30024,Chaussettes x3,14.0,OMG-MAR,,
MedioTex,MTX-000918,2026-04-01,SKU-30021,T-shirt coton uni,5.0,OMG-LYO,,
MedioTex,MTX-001129,2025-03-01,SKU-30027,Short de sport,3.0,OMG-LYO,,
MedioTex,MTX-000915,2025-08-01,SKU-30022,Jean coupe droite,3.0,OMG-LIL,,
MedioTex,MTX-000649,2025-11-19,SKU-30030,Robe ete,7.0,OMG-LYO,,
MedioTex,MTX-001399,2025-06-18,SKU-30028,Doudoune legere,33.0,OMG-MAR,,
MedioTex,MTX-000332,2025-04-02,SKU-30026,Chemise popeline,8.0,OMG-MAR,,
MedioTex,MTX-001114,2026-07-13,SKU-30024,Chaussettes x3,16.0,OMG-LIL,,
MedioTex,MTX-000342,2025-09-20,SKU-30027,Short de sport,1.0,OMG-LIL,,
MedioTex,MTX-000499,2025-12-10,SKU-30024,Chaussettes x3,20.0,OMG-LIL,,
MedioTex,MTX-000030,2025-01-22,SKU-30022,Jean coupe droite,39.0,OMG-LIL,,
MedioTex,MTX-001270,2026-05-01,SKU-30030,Robe ete,39.0,OMG-LIL,,
MedioTex,MTX-000154,2025-05-17,SKU-30026,Chemise popeline,6.0,OMG-LYO,,
MedioTex,MTX-000484,2025-12-20,SKU-30026,Chemise popeline,30.0,OMG-LYO,,
MedioTex,MTX-000428,2025-09-16,SKU-30022,Jean coupe droite,34.0,OMG-LYO,,
MedioTex,MTX-000250,2025-05-16,SKU-30025,Pull col rond,19.0,OMG-LIL,,
MedioTex,MTX-000354,2025-07-04,SKU-30026,Chemise popeline,24.0,OMG-LIL,,
MedioTex,MTX-000105,2025-05-27,SKU-30029,Casquette coton,10.0,OMG-MAR,,
MedioTex,MTX-000514,2025-05-21,SKU-30027,Short de sport,8.0,OMG-LYO,,
MedioTex,MTX-000146,2025-06-24,SKU-30028,Doudoune legere,21.0,OMG-LIL,,
MedioTex,MTX-000566,2025-02-05,SKU-30030,Robe ete,17.0,OMG-LYO,,
MedioTex,MTX-000967,2025-03-03,SKU-30028,Doudoune legere,37.0,OMG-MAR,,
MedioTex,MTX-000694,2025-12-22,SKU-30024,Chaussettes x3,13.0,OMG-LIL,,
MedioTex,MTX-000915,2025-08-01,SKU-30021,T-shirt coton uni,31.0,OMG-LIL,,
MedioTex,MTX-000095,2025-06-17,SKU-30026,Chemise popeline,11.0,OMG-MAR,,
MedioTex,MTX-000258,2025-10-29,SKU-30028,Doudoune legere,17.0,OMG-MAR,,
MedioTex,MTX-000536,2025-03-12,SKU-30030,Robe ete,33.0,OMG-MAR,,
MedioTex,MTX-000184,2026-01-24,SKU-30022,Jean coupe droite,22.0,OMG-LYO,,
MedioTex,MTX-000219,2026-05-03,SKU-30022,Jean coupe droite,9.0,OMG-LYO,,
MedioTex,MTX-000822,2025-03-08,SKU-30030,Robe ete,6.0,OMG-LYO,,
MedioTex,MTX-001252,2025-05-02,SKU-30025,Pull col rond,3.0,OMG-LIL,,
MedioTex,MTX-001045,2025-02-06,SKU-30024,Chaussettes x3,23.0,OMG-LYO,,
MedioTex,MTX-000941,2026-05-07,SKU-30029,Casquette coton,37.0,OMG-LYO,,
MedioTex,MTX-001016,2025-10-19,SKU-30022,Jean coupe droite,37.0,OMG-MAR,,
MedioTex,MTX-000399,2025-09-03,SKU-30029,Casquette coton,30.0,OMG-LYO,,
MedioTex,MTX-001331,2025-05-24,SKU-30027,Short de sport,4.0,OMG-LIL,,
MedioTex,MTX-000019,2026-06-09,SKU-30022,Jean coupe droite,37.0,OMG-LYO,,
MedioTex,MTX-000752,2026-01-06,SKU-30021,T-shirt coton uni,10.0,OMG-LYO,,
MedioTex,MTX-001095,2025-07-12,SKU-30025,Pull col rond,14.0,OMG-LIL,,
MedioTex,MTX-000332,2025-04-02,SKU-30028,Doudoune legere,14.0,OMG-MAR,,
MedioTex,MTX-000408,2026-06-19,SKU-30030,Robe ete,25.0,OMG-LIL,,
MedioTex,MTX-000884,2025-01-07,SKU-30028,Doudoune legere,19.0,OMG-MAR,,
MedioTex,MTX-000628,2025-07-05,SKU-30021,T-shirt coton uni,24.0,OMG-LYO,,
MedioTex,MTX-000798,2025-01-04,SKU-30029,Casquette coton,3.0,OMG-MAR,,
MedioTex,MTX-000523,2026-02-23,SKU-30028,Doudoune legere,38.0,OMG-MAR,,
MedioTex,MTX-000352,2026-01-18,SKU-30025,Pull col rond,32.0,OMG-LIL,,
MedioTex,MTX-000463,2025-10-06,SKU-30027,Short de sport,4.0,OMG-MAR,,
MedioTex,MTX-000197,2025-09-28,SKU-30028,Doudoune legere,23.0,OMG-LYO,,
MedioTex,MTX-000973,2026-02-04,SKU-30024,Chaussettes x3,22.0,OMG-LIL,,
MedioTex,MTX-001399,2025-06-18,SKU-30030,Robe ete,8.0,OMG-MAR,,
MedioTex,MTX-000286,2026-05-05,SKU-30022,Jean coupe droite,34.0,OMG-MAR,,
MedioTex,MTX-000246,2025-06-20,SKU-30023,Veste softshell,16.0,OMG-LYO,,
MedioTex,MTX-000643,2026-04-18,SKU-30024,Chaussettes x3,31.0,OMG-MAR,,
MedioTex,MTX-000949,2025-06-13,SKU-30027,Short de sport,3.0,OMG-LIL,,
MedioTex,MTX-000901,2025-01-05,SKU-30029,Casquette coton,32.0,OMG-LIL,,
MedioTex,MTX-001223,2025-05-23,SKU-30021,T-shirt coton uni,21.0,OMG-MAR,,
MedioTex,MTX-001316,2026-04-25,SKU-30025,Pull col rond,27.0,OMG-MAR,,
MedioTex,MTX-001268,2025-04-07,SKU-30028,Doudoune legere,2.0,OMG-MAR,,
MedioTex,MTX-001166,2025-04-09,SKU-30026,Chemise popeline,20.0,OMG-LIL,,
MedioTex,MTX-000249,2025-11-04,SKU-30027,Short de sport,32.0,OMG-MAR,,
MedioTex,MTX-001348,2026-07-19,SKU-30022,Jean coupe droite,22.0,OMG-LYO,,
MedioTex,MTX-000668,2025-07-19,SKU-30028,Doudoune legere,19.0,OMG-LYO,,
MedioTex,MTX-000899,2025-11-05,SKU-30026,Chemise popeline,31.0,OMG-LYO,,
MedioTex,MTX-001098,2025-11-04,SKU-30023,Veste softshell,32.0,OMG-LIL,,
MedioTex,MTX-001263,2025-08-17,SKU-30027,Short de sport,28.0,OMG-MAR,,
MedioTex,MTX-000985,2026-03-16,SKU-30022,Jean coupe droite,37.0,OMG-LYO,,
MedioTex,MTX-000735,2025-08-04,SKU-30022,Jean coupe droite,1.0,OMG-LYO,,
MedioTex,MTX-000869,2026-05-28,SKU-30025,Pull col rond,16.0,OMG-LIL,,
MedioTex,MTX-000118,2025-04-14,SKU-30026,Chemise popeline,12.0,OMG-LIL,,
MedioTex,MTX-000523,2026-02-23,SKU-30029,Casquette coton,11.0,OMG-MAR,,
MedioTex,MTX-001227,2025-12-09,SKU-30026,Chemise popeline,7.0,OMG-MAR,,
MedioTex,MTX-001311,2025-11-09,SKU-30027,Short de sport,27.0,OMG-LIL,,
MedioTex,MTX-000299,2026-06-30,SKU-30027,Short de sport,7.0,OMG-LIL,,
MedioTex,MTX-000171,2026-06-06,SKU-30024,Chaussettes x3,22.0,OMG-MAR,,
MedioTex,MTX-000244,2026-05-05,SKU-30029,Casquette coton,21.0,OMG-LYO,,
MedioTex,MTX-001141,2025-09-12,SKU-30027,Short de sport,38.0,OMG-MAR,,
MedioTex,MTX-000143,2026-07-15,SKU-30021,T-shirt coton uni,29.0,OMG-MAR,,
MedioTex,MTX-000324,2025-08-26,SKU-30026,Chemise popeline,21.0,OMG-MAR,,
MedioTex,MTX-000118,2025-04-14,SKU-30023,Veste softshell,9.0,OMG-LIL,,
MedioTex,MTX-000352,2026-01-18,SKU-30023,Veste softshell,4.0,OMG-LIL,,
MedioTex,MTX-001360,2026-01-27,SKU-30029,Casquette coton,33.0,OMG-MAR,,
MedioTex,MTX-000779,2026-05-08,SKU-30024,Chaussettes x3,30.0,OMG-LYO,,
MedioTex,MTX-001218,2026-05-09,SKU-30026,Chemise popeline,13.0,OMG-LYO,,
MedioTex,MTX-000850,2025-11-30,SKU-30023,Veste softshell,8.0,OMG-LYO,,
MedioTex,MTX-000606,2026-05-23,SKU-30021,T-shirt coton uni,31.0,OMG-LIL,,
MedioTex,MTX-000504,2025-10-17,SKU-30021,T-shirt coton uni,17.0,OMG-LYO,,
MedioTex,MTX-001206,2026-01-03,SKU-30027,Short de sport,19.0,OMG-LYO,,
MedioTex,MTX-001220,2026-04-01,SKU-30024,Chaussettes x3,18.0,OMG-LYO,,
MedioTex,MTX-000937,2025-11-25,SKU-30028,Doudoune legere,33.0,OMG-LIL,,
MedioTex,MTX-000219,2026-05-03,SKU-30030,Robe ete,29.0,OMG-LYO,,
MedioTex,MTX-001008,2025-10-18,SKU-30030,Robe ete,15.0,OMG-LYO,,
MedioTex,MTX-001046,2026-06-14,SKU-30023,Veste softshell,15.0,OMG-LIL,,
MedioTex,MTX-001103,2026-01-18,SKU-30030,Robe ete,3.0,OMG-LIL,,
MedioTex,MTX-000604,2025-02-20,SKU-30024,Chaussettes x3,2.0,OMG-LIL,,
MedioTex,MTX-001096,2026-03-08,SKU-30025,Pull col rond,13.0,OMG-LIL,,
MedioTex,MTX-000734,2026-07-14,SKU-30022,Jean coupe droite,11.0,OMG-MAR,,
MedioTex,MTX-000347,2026-01-26,SKU-30029,Casquette coton,17.0,OMG-LYO,,
MedioTex,MTX-000361,2026-05-30,SKU-30024,Chaussettes x3,11.0,OMG-LYO,,
MedioTex,MTX-000030,2025-01-22,SKU-30025,Pull col rond,3.0,OMG-LIL,,
MedioTex,MTX-000949,2025-06-13,SKU-30027,Short de sport,17.0,OMG-LIL,,
MedioTex,MTX-001137,2025-04-24,SKU-30027,Short de sport,24.0,OMG-LYO,,
MedioTex,MTX-000642,2025-09-21,SKU-30025,Pull col rond,21.0,OMG-LIL,,
MedioTex,MTX-000523,2026-02-23,SKU-30027,Short de sport,17.0,OMG-MAR,,
MedioTex,MTX-000295,2026-01-28,SKU-30024,Chaussettes x3,22.0,OMG-LYO,,
MedioTex,MTX-000586,2026-04-26,SKU-30027,Short de sport,13.0,OMG-MAR,,
MedioTex,MTX-000385,2025-10-01,SKU-30027,Short de sport,28.0,OMG-LIL,,
MedioTex,MTX-000624,2025-04-24,SKU-30030,Robe ete,22.0,OMG-MAR,,
MedioTex,MTX-001060,2025-09-26,SKU-30026,Chemise popeline,15.0,OMG-LIL,,
MedioTex,MTX-000692,2026-01-20,SKU-30024,Chaussettes x3,4.0,OMG-LYO,,
MedioTex,MTX-000031,2025-03-31,SKU-30026,Chemise popeline,28.0,OMG-MAR,,
MedioTex,MTX-000219,2026-05-03,SKU-30024,Chaussettes x3,6.0,OMG-LYO,,
MedioTex,MTX-001061,2025-05-16,SKU-30023,Veste softshell,3.0,OMG-MAR,,
MedioTex,MTX-000613,2025-06-12,SKU-30030,Robe ete,33.0,OMG-MAR,,
MedioTex,MTX-000731,2026-03-12,SKU-30028,Doudoune legere,27.0,OMG-LIL,,
MedioTex,MTX-000767,2026-07-30,SKU-30022,Jean coupe droite,15.0,OMG-LYO,,
MedioTex,MTX-000342,2025-09-20,SKU-30028,Doudoune legere,39.0,OMG-LIL,,
MedioTex,MTX-001226,2025-06-29,SKU-30024,Chaussettes x3,30.0,OMG-LYO,,
MedioTex,MTX-001210,2025-08-19,SKU-30027,Short de sport,6.0,OMG-MAR,,
MedioTex,MTX-000491,2025-11-16,SKU-30028,Doudoune legere,30.0,OMG-LIL,,
MedioTex,MTX-001273,2025-02-12,SKU-30029,Casquette coton,31.0,OMG-MAR,,
MedioTex,MTX-000695,2025-03-21,SKU-30023,Veste softshell,4.0,OMG-MAR,,
MedioTex,MTX-000491,2025-11-16,SKU-30029,Casquette coton,36.0,OMG-LIL,,
MedioTex,MTX-000138,2025-11-10,SKU-30025,Pull col rond,5.0,OMG-LIL,,
MedioTex,MTX-001142,2026-04-24,SKU-30025,Pull col rond,39.0,OMG-MAR,,
MedioTex,MTX-000369,2025-05-25,SKU-30025,Pull col rond,9.0,OMG-LYO,,
MedioTex,MTX-000737,2025-05-18,SKU-30029,Casquette coton,38.0,OMG-LIL,,
MedioTex,MTX-000292,2025-05-21,SKU-30023,Veste softshell,31.0,OMG-LIL,,
MedioTex,MTX-000060,2026-04-02,SKU-30029,Casquette coton,29.0,OMG-MAR,,
MedioTex,MTX-001030,2025-03-01,SKU-30029,Casquette coton,38.0,OMG-LIL,,
MedioTex,MTX-000712,2025-06-27,SKU-30025,Pull col rond,27.0,OMG-MAR,,
MedioTex,MTX-000686,2025-07-07,SKU-30022,Jean coupe droite,7.0,OMG-MAR,,
MedioTex,MTX-000342,2025-09-20,SKU-30027,Short de sport,6.0,OMG-LIL,,
MedioTex,MTX-000596,2025-09-20,SKU-30030,Robe ete,9.0,OMG-LIL,,
MedioTex,MTX-000117,2026-03-07,SKU-30021,T-shirt coton uni,23.0,OMG-MAR,,
MedioTex,MTX-001391,2025-09-23,SKU-30028,Doudoune legere,36.0,OMG-LIL,,
MedioTex,MTX-000243,2026-04-25,SKU-30021,T-shirt coton uni,6.0,OMG-MAR,,
MedioTex,MTX-000688,2025-02-20,SKU-30027,Short de sport,36.0,OMG-MAR,,
MedioTex,MTX-001348,2026-07-19,SKU-30021,T-shirt coton uni,30.0,OMG-LYO,,
MedioTex,MTX-000645,2026-01-15,SKU-30022,Jean coupe droite,25.0,OMG-MAR,,
MedioTex,MTX-000367,2025-11-03,SKU-30029,Casquette coton,40.0,OMG-LIL,,
MedioTex,MTX-000847,2025-09-26,SKU-30022,Jean coupe droite,36.0,OMG-LYO,,
MedioTex,MTX-000692,2026-01-20,SKU-30023,Veste softshell,14.0,OMG-LYO,,
MedioTex,MTX-000166,2026-06-07,SKU-30025,Pull col rond,10.0,OMG-MAR,,
MedioTex,MTX-000598,2026-03-12,SKU-30030,Robe ete,34.0,OMG-LIL,,
MedioTex,MTX-000357,2025-02-16,SKU-30028,Doudoune legere,7.0,OMG-LYO,,
MedioTex,MTX-000028,2025-07-27,SKU-30027,Short de sport,3.0,OMG-LYO,,
MedioTex,MTX-000024,2025-07-15,SKU-30022,Jean coupe droite,28.0,OMG-LIL,,
MedioTex,MTX-000260,2026-01-05,SKU-30030,Robe ete,34.0,OMG-LYO,,
MedioTex,MTX-001320,2025-03-09,SKU-30023,Veste softshell,23.0,OMG-MAR,,
MedioTex,MTX-001377,2025-03-17,SKU-30024,Chaussettes x3,21.0,OMG-LYO,,
MedioTex,MTX-000246,2025-06-20,SKU-30026,Chemise popeline,12.0,OMG-LYO,,
MedioTex,MTX-000367,2025-11-03,SKU-30025,Pull col rond,6.0,OMG-LIL,,
MedioTex,MTX-001235,2025-06-17,SKU-30026,Chemise popeline,17.0,OMG-MAR,,
MedioTex,MTX-000298,2026-01-03,SKU-30022,Jean coupe droite,15.0,OMG-MAR,,
MedioTex,MTX-000915,2025-08-01,SKU-30030,Robe ete,30.0,OMG-LIL,,
MedioTex,MTX-000613,2025-06-12,SKU-30022,Jean coupe droite,18.0,OMG-MAR,,
MedioTex,MTX-000693,2025-09-20,SKU-30027,Short de sport,5.0,OMG-LIL,,
MedioTex,MTX-000390,2026-04-13,SKU-30029,Casquette coton,3.0,OMG-MAR,,
MedioTex,MTX-000730,2025-05-28,SKU-30026,Chemise popeline,20.0,OMG-MAR,,
MedioTex,MTX-001129,2025-03-01,SKU-30025,Pull col rond,12.0,OMG-LYO,,
MedioTex,MTX-000995,2026-07-29,SKU-30023,Veste softshell,27.0,OMG-LYO,,
MedioTex,MTX-000367,2025-11-03,SKU-30027,Short de sport,15.0,OMG-LIL,,
MedioTex,MTX-001254,2026-01-25,SKU-30028,Doudoune legere,40.0,OMG-MAR,,
MedioTex,MTX-001300,2026-06-14,SKU-30023,Veste softshell,16.0,OMG-LIL,,
MedioTex,MTX-001356,2026-05-18,SKU-30027,Short de sport,39.0,OMG-LIL,,
MedioTex,MTX-000417,2026-06-28,SKU-30026,Chemise popeline,25.0,OMG-MAR,,
MedioTex,MTX-000615,2025-09-08,SKU-30025,Pull col rond,8.0,OMG-LYO,,
MedioTex,MTX-001119,2025-05-04,SKU-30027,Short de sport,8.0,OMG-MAR,,
MedioTex,MTX-001399,2025-06-18,SKU-30023,Veste softshell,35.0,OMG-MAR,,
MedioTex,MTX-001216,2025-04-14,SKU-30022,Jean coupe droite,1.0,OMG-LIL,,
MedioTex,MTX-000346,2026-03-29,SKU-30024,Chaussettes x3,30.0,OMG-MAR,,
MedioTex,MTX-000850,2025-11-30,SKU-30026,Chemise popeline,28.0,OMG-LYO,,
MedioTex,MTX-001360,2026-01-27,SKU-30022,Jean coupe droite,6.0,OMG-MAR,,
MedioTex,MTX-000475,2025-08-10,SKU-30022,Jean coupe droite,4.0,OMG-LIL,,
MedioTex,MTX-000292,2025-05-21,SKU-30028,Doudoune legere,8.0,OMG-LIL,,
MedioTex,MTX-000298,2026-01-03,SKU-30028,Doudoune legere,8.0,OMG-MAR,,
MedioTex,MTX-000197,2025-09-28,SKU-30028,Doudoune legere,29.0,OMG-LYO,,
MedioTex,MTX-000605,2025-06-08,SKU-30026,Chemise popeline,35.0,OMG-MAR,,
MedioTex,MTX-001025,2025-08-19,SKU-30024,Chaussettes x3,6.0,OMG-MAR,,
MedioTex,MTX-000153,2025-04-15,SKU-30022,Jean coupe droite,22.0,OMG-LIL,,
MedioTex,MTX-001331,2025-05-24,SKU-30027,Short de sport,6.0,OMG-LIL,,
MedioTex,MTX-001103,2026-01-18,SKU-30021,T-shirt coton uni,13.0,OMG-LIL,,
MedioTex,MTX-001025,2025-08-19,SKU-30030,Robe ete,5.0,OMG-MAR,,
MedioTex,MTX-001210,2025-08-19,SKU-30022,Jean coupe droite,26.0,OMG-MAR,,
MedioTex,MTX-001269,2025-07-18,SKU-30030,Robe ete,40.0,OMG-LIL,,
MedioTex,MTX-001141,2025-09-12,SKU-30030,Robe ete,37.0,OMG-MAR,,
MedioTex,MTX-001356,2026-05-18,SKU-30024,Chaussettes x3,5.0,OMG-LIL,,
MedioTex,MTX-000384,2026-03-10,SKU-30026,Chemise popeline,30.0,OMG-LYO,,
MedioTex,MTX-000499,2025-12-10,SKU-30030,Robe ete,39.0,OMG-LIL,,
MedioTex,MTX-001275,2026-02-09,SKU-30030,Robe ete,28.0,OMG-LYO,,
MedioTex,MTX-001142,2026-04-24,SKU-30025,Pull col rond,18.0,OMG-MAR,,
MedioTex,MTX-000309,2025-06-25,SKU-30024,Chaussettes x3,19.0,OMG-LIL,,
MedioTex,MTX-000859,2026-07-15,SKU-30027,Short de sport,37.0,OMG-LIL,,
MedioTex,MTX-000836,2025-08-05,SKU-30027,Short de sport,5.0,OMG-LYO,,
MedioTex,MTX-001275,2026-02-09,SKU-30027,Short de sport,8.0,OMG-LYO,,
MedioTex,MTX-000485,2025-08-19,SKU-30030,Robe ete,14.0,OMG-LYO,,
MedioTex,MTX-000131,2026-04-23,SKU-30030,Robe ete,3.0,OMG-LIL,,
MedioTex,MTX-000442,2026-01-04,SKU-30022,Jean coupe droite,2.0,OMG-LYO,,
MedioTex,MTX-000452,2025-04-01,SKU-30025,Pull col rond,31.0,OMG-LIL,,
MedioTex,MTX-001331,2025-05-24,SKU-30021,T-shirt coton uni,13.0,OMG-LIL,,
MedioTex,MTX-000878,2025-11-28,SKU-30024,Chaussettes x3,28.0,OMG-MAR,,
MedioTex,MTX-000811,2026-02-16,SKU-30022,Jean coupe droite,4.0,OMG-LIL,,
MedioTex,MTX-001223,2025-05-23,SKU-30021,T-shirt coton uni,31.0,OMG-MAR,,
MedioTex,MTX-000238,2025-02-01,SKU-30023,Veste softshell,6.0,OMG-MAR,,
MedioTex,MTX-000798,2025-01-04,SKU-30023,Veste softshell,26.0,OMG-MAR,,
MedioTex,MTX-001242,2025-10-02,SKU-30029,Casquette coton,19.0,OMG-LYO,,
MedioTex,MTX-000459,2025-05-19,SKU-30023,Veste softshell,35.0,OMG-LIL,,
MedioTex,MTX-000767,2026-07-30,SKU-30021,T-shirt coton uni,10.0,OMG-LYO,,
MedioTex,MTX-000527,2025-07-27,SKU-30026,Chemise popeline,37.0,OMG-LIL,,
MedioTex,MTX-000013,2026-03-24,SKU-30027,Short de sport,27.0,OMG-MAR,,
MedioTex,MTX-000703,2025-04-19,SKU-30029,Casquette coton,14.0,OMG-LIL,,
MedioTex,MTX-001327,2025-04-01,SKU-30028,Doudoune legere,1.0,OMG-MAR,,
MedioTex,MTX-000540,2025-07-16,SKU-30028,Doudoune legere,25.0,OMG-LYO,,
MedioTex,MTX-001377,2025-03-17,SKU-30025,Pull col rond,27.0,OMG-LYO,,
MedioTex,MTX-001286,2025-09-04,SKU-30026,Chemise popeline,25.0,OMG-MAR,,
MedioTex,MTX-000836,2025-08-05,SKU-30028,Doudoune legere,39.0,OMG-LYO,,
MedioTex,MTX-000850,2025-11-30,SKU-30028,Doudoune legere,8.0,OMG-LYO,,
MedioTex,MTX-000302,2026-07-22,SKU-30027,Short de sport,39.0,OMG-LYO,,
MedioTex,MTX-000588,2025-01-19,SKU-30030,Robe ete,17.0,OMG-LYO,,
MedioTex,MTX-000836,2025-08-05,SKU-30028,Doudoune legere,25.0,OMG-LYO,,
MedioTex,MTX-000141,2025-09-12,SKU-30030,Robe ete,20.0,OMG-LYO,,
MedioTex,MTX-000697,2025-07-10,SKU-30027,Short de sport,32.0,OMG-LIL,,
MedioTex,MTX-000167,2026-05-02,SKU-30026,Chemise popeline,25.0,OMG-LYO,,
MedioTex,MTX-000716,2026-04-17,SKU-30029,Casquette coton,15.0,OMG-LYO,,
MedioTex,MTX-000779,2026-05-08,SKU-30022,Jean coupe droite,13.0,OMG-LYO,,
MedioTex,MTX-000087,2026-02-10,SKU-30021,T-shirt coton uni,31.0,OMG-MAR,,
MedioTex,MTX-000934,2025-01-21,SKU-30021,T-shirt coton uni,40.0,OMG-MAR,,
MedioTex,MTX-001025,2025-08-19,SKU-30027,Short de sport,17.0,OMG-MAR,,
MedioTex,MTX-000236,2025-09-05,SKU-30022,Jean coupe droite,13.0,OMG-LIL,,
MedioTex,MTX-000565,2026-01-20,SKU-30023,Veste softshell,20.0,OMG-LYO,,
MedioTex,MTX-000594,2025-04-02,SKU-30025,Pull col rond,19.0,OMG-LYO,,
MedioTex,MTX-000419,2025-03-10,SKU-30025,Pull col rond,34.0,OMG-MAR,,
MedioTex,MTX-000372,2026-02-09,SKU-30025,Pull col rond,21.0,OMG-LYO,,
MedioTex,MTX-001171,2025-07-29,SKU-30028,Doudoune legere,23.0,OMG-MAR,,
MedioTex,MTX-000954,2026-06-15,SKU-30030,Robe ete,27.0,OMG-LYO,,
MedioTex,MTX-001045,2025-02-06,SKU-30029,Casquette coton,4.0,OMG-LYO,,
MedioTex,MTX-000161,2025-11-23,SKU-30028,Doudoune legere,25.0,OMG-MAR,,
MedioTex,MTX-001145,2025-10-08,SKU-30028,Doudoune legere,38.0,OMG-MAR,,
MedioTex,MTX-000333,2025-01-18,SKU-30030,Robe ete,38.0,OMG-LIL,,
MedioTex,MTX-001103,2026-01-18,SKU-30029,Casquette coton,5.0,OMG-LIL,,
MedioTex,MTX-001328,2026-02-14,SKU-30024,Chaussettes x3,32.0,OMG-LIL,,
MedioTex,MTX-000903,2025-04-05,SKU-30028,Doudoune legere,9.0,OMG-MAR,,
MedioTex,MTX-000211,2025-07-13,SKU-30030,Robe ete,18.0,OMG-LYO,,
MedioTex,MTX-000849,2025-01-15,SKU-30027,Short de sport,25.0,OMG-MAR,,
MedioTex,MTX-001354,2026-06-02,SKU-30025,Pull col rond,38.0,OMG-LIL,,
MedioTex,MTX-000811,2026-02-16,SKU-30027,Short de sport,7.0,OMG-LIL,,
MedioTex,MTX-000579,2026-07-03,SKU-30022,Jean coupe droite,40.0,OMG-LYO,,
MedioTex,MTX-000548,2025-04-03,SKU-30025,Pull col rond,32.0,OMG-LIL,,
MedioTex,MTX-000419,2025-03-10,SKU-30025,Pull col rond,28.0,OMG-MAR,,
MedioTex,MTX-001275,2026-02-09,SKU-30021,T-shirt coton uni,19.0,OMG-LYO,,
MedioTex,MTX-000834,2026-04-27,SKU-30028,Doudoune legere,18.0,OMG-MAR,,
MedioTex,MTX-000634,2025-10-18,SKU-30026,Chemise popeline,34.0,OMG-MAR,,
MedioTex,MTX-000704,2026-05-30,SKU-30021,T-shirt coton uni,13.0,OMG-LYO,,
MedioTex,MTX-001064,2025-10-10,SKU-30027,Short de sport,10.0,OMG-MAR,,
MedioTex,MTX-001128,2025-10-29,SKU-30030,Robe ete,8.0,OMG-MAR,,
MedioTex,MTX-001150,2026-03-20,SKU-30029,Casquette coton,38.0,OMG-MAR,,
MedioTex,MTX-000796,2026-06-14,SKU-30028,Doudoune legere,32.0,OMG-LIL,,
MedioTex,MTX-001214,2025-09-25,SKU-30025,Pull col rond,18.0,OMG-LIL,,
MedioTex,MTX-001173,2025-08-03,SKU-30021,T-shirt coton uni,20.0,OMG-LIL,,
MedioTex,MTX-000110,2025-07-04,SKU-30026,Chemise popeline,37.0,OMG-MAR,,
MedioTex,MTX-000153,2025-04-15,SKU-30023,Veste softshell,30.0,OMG-LIL,,
MedioTex,MTX-000897,2025-01-19,SKU-30024,Chaussettes x3,7.0,OMG-MAR,,
MedioTex,MTX-000828,2026-06-08,SKU-30024,Chaussettes x3,34.0,OMG-MAR,,
MedioTex,MTX-000643,2026-04-18,SKU-30027,Short de sport,5.0,OMG-MAR,,
MedioTex,MTX-000276,2026-05-24,SKU-30026,Chemise popeline,17.0,OMG-LIL,,
MedioTex,MTX-000167,2026-05-02,SKU-30028,Doudoune legere,4.0,OMG-LYO,,
MedioTex,MTX-000710,2026-01-06,SKU-30023,Veste softshell,25.0,OMG-LIL,,
MedioTex,MTX-000594,2025-04-02,SKU-30028,Doudoune legere,2.0,OMG-LYO,,
MedioTex,MTX-001360,2026-01-27,SKU-30030,Robe ete,19.0,OMG-MAR,,
MedioTex,MTX-000250,2025-05-16,SKU-30024,Chaussettes x3,38.0,OMG-LIL,,
MedioTex,MTX-000248,2025-01-01,SKU-30026,Chemise popeline,12.0,OMG-LIL,,
MedioTex,MTX-000355,2025-03-19,SKU-30029,Casquette coton,28.0,OMG-LYO,,
MedioTex,MTX-001077,2026-03-06,SKU-30026,Chemise popeline,33.0,OMG-LIL,,
MedioTex,MTX-001212,2025-03-22,SKU-30028,Doudoune legere,14.0,OMG-MAR,,
MedioTex,MTX-000546,2026-05-02,SKU-30028,Doudoune legere,13.0,OMG-MAR,,
MedioTex,MTX-000156,2025-12-28,SKU-30026,Chemise popeline,40.0,OMG-LYO,,
MedioTex,MTX-001303,2025-09-12,SKU-30028,Doudoune legere,12.0,OMG-MAR,,
MedioTex,MTX-001016,2025-10-19,SKU-30022,Jean coupe droite,8.0,OMG-MAR,,
MedioTex,MTX-001391,2025-09-23,SKU-30030,Robe ete,25.0,OMG-LIL,,
MedioTex,MTX-000730,2025-05-28,SKU-30028,Doudoune legere,13.0,OMG-MAR,,
MedioTex,MTX-000588,2025-01-19,SKU-30027,Short de sport,33.0,OMG-LYO,,
MedioTex,MTX-000847,2025-09-26,SKU-30028,Doudoune legere,9.0,OMG-LYO,,
MedioTex,MTX-000534,2025-06-06,SKU-30025,Pull col rond,36.0,OMG-LYO,,
MedioTex,MTX-001239,2026-02-07,SKU-30022,Jean coupe droite,28.0,OMG-LYO,,
MedioTex,MTX-000352,2026-01-18,SKU-30025,Pull col rond,26.0,OMG-LIL,,
MedioTex,MTX-000730,2025-05-28,SKU-30022,Jean coupe droite,5.0,OMG-MAR,,
MedioTex,MTX-000196,2026-01-24,SKU-30028,Doudoune legere,7.0,OMG-MAR,,
MedioTex,MTX-000827,2025-02-12,SKU-30022,Jean coupe droite,22.0,OMG-LIL,,
MedioTex,MTX-000217,2025-12-12,SKU-30023,Veste softshell,31.0,OMG-MAR,,
MedioTex,MTX-000533,2025-11-12,SKU-30024,Chaussettes x3,2.0,OMG-LYO,,
MedioTex,MTX-000320,2026-02-28,SKU-30021,T-shirt coton uni,36.0,OMG-LIL,,
MedioTex,MTX-001368,2025-08-08,SKU-30027,Short de sport,35.0,OMG-MAR,,
MedioTex,MTX-000312,2025-10-06,SKU-30023,Veste softshell,34.0,OMG-MAR,,
MedioTex,MTX-001357,2025-08-16,SKU-30028,Doudoune legere,31.0,OMG-MAR,,
MedioTex,MTX-000465,2026-01-15,SKU-30025,Pull col rond,32.0,OMG-LYO,,
MedioTex,MTX-001206,2026-01-03,SKU-30026,Chemise popeline,16.0,OMG-LYO,,
MedioTex,MTX-000964,2026-02-06,SKU-30027,Short de sport,32.0,OMG-MAR,,
MedioTex,MTX-001270,2026-05-01,SKU-30025,Pull col rond,36.0,OMG-LIL,,
MedioTex,MTX-001316,2026-04-25,SKU-30030,Robe ete,32.0,OMG-MAR,,
MedioTex,MTX-000211,2025-07-13,SKU-30028,Doudoune legere,10.0,OMG-LYO,,
MedioTex,MTX-000520,2025-09-11,SKU-30030,Robe ete,7.0,OMG-MAR,,
MedioTex,MTX-001125,2025-11-25,SKU-30021,T-shirt coton uni,25.0,OMG-LYO,,
MedioTex,MTX-000352,2026-01-18,SKU-30023,Veste softshell,33.0,OMG-LIL,,
MedioTex,MTX-000430,2025-06-10,SKU-30026,Chemise popeline,18.0,OMG-LYO,,
MedioTex,MTX-000711,2025-07-27,SKU-30024,Chaussettes x3,39.0,OMG-MAR,,
MedioTex,MTX-000452,2025-04-01,SKU-30029,Casquette coton,15.0,OMG-LIL,,
MedioTex,MTX-000569,2026-06-21,SKU-30022,Jean coupe droite,9.0,OMG-MAR,,
MedioTex,MTX-000930,2026-04-06,SKU-30030,Robe ete,34.0,OMG-LIL,,
MedioTex,MTX-000801,2025-06-25,SKU-30026,Chemise popeline,35.0,OMG-LIL,,
MedioTex,MTX-000847,2025-09-26,SKU-30025,Pull col rond,3.0,OMG-LYO,,
MedioTex,MTX-000416,2026-04-14,SKU-30021,T-shirt coton uni,7.0,OMG-MAR,,
MedioTex,MTX-000517,2025-03-08,SKU-30027,Short de sport,38.0,OMG-MAR,,
MedioTex,MTX-000417,2026-06-28,SKU-30030,Robe ete,24.0,OMG-MAR,,
MedioTex,MTX-001287,2026-07-18,SKU-30027,Short de sport,18.0,OMG-LYO,,
MedioTex,MTX-001232,2025-06-25,SKU-30022,Jean coupe droite,14.0,OMG-LIL,,
MedioTex,MTX-000996,2026-07-31,SKU-30026,Chemise popeline,8.0,OMG-LYO,,
MedioTex,MTX-000127,2025-08-21,SKU-30026,Chemise popeline,33.0,OMG-LIL,,
MedioTex,MTX-001020,2025-10-01,SKU-30025,Pull col rond,29.0,OMG-LIL,,
MedioTex,MTX-000423,2026-02-22,SKU-30029,Casquette coton,35.0,OMG-LIL,,
MedioTex,MTX-000709,2026-04-17,SKU-30023,Veste softshell,21.0,OMG-LIL,,
MedioTex,MTX-000466,2026-06-11,SKU-30028,Doudoune legere,2.0,OMG-LIL,,
MedioTex,MTX-000822,2025-03-08,SKU-30024,Chaussettes x3,28.0,OMG-LYO,,
MedioTex,MTX-000698,2025-08-02,SKU-30028,Doudoune legere,33.0,OMG-LIL,,
MedioTex,MTX-000995,2026-07-29,SKU-30023,Veste softshell,12.0,OMG-LYO,,
MedioTex,MTX-000523,2026-02-23,SKU-30029,Casquette coton,4.0,OMG-MAR,,
MedioTex,MTX-000599,2025-04-04,SKU-30024,Chaussettes x3,38.0,OMG-LYO,,
MedioTex,MTX-000391,2025-11-02,SKU-30027,Short de sport,10.0,OMG-MAR,,
MedioTex,MTX-001119,2025-05-04,SKU-30027,Short de sport,6.0,OMG-MAR,,
MedioTex,MTX-000934,2025-01-21,SKU-30026,Chemise popeline,24.0,OMG-MAR,,
MedioTex,MTX-000448,2026-05-25,SKU-30021,T-shirt coton uni,19.0,OMG-LYO,,
MedioTex,MTX-000022,2025-04-13,SKU-30024,Chaussettes x3,24.0,OMG-LIL,,
MedioTex,MTX-000044,2025-09-23,SKU-30028,Doudoune legere,10.0,OMG-MAR,,
MedioTex,MTX-000599,2025-04-04,SKU-30029,Casquette coton,39.0,OMG-LYO,,
MedioTex,MTX-000110,2025-07-04,SKU-30024,Chaussettes x3,35.0,OMG-MAR,,
MedioTex,MTX-001218,2026-05-09,SKU-30027,Short de sport,4.0,OMG-LYO,,
MedioTex,MTX-001023,2025-09-01,SKU-30027,Short de sport,13.0,OMG-LIL,,
MedioTex,MTX-000440,2026-04-20,SKU-30021,T-shirt coton uni,36.0,OMG-LYO,,
MedioTex,MTX-001047,2025-02-26,SKU-30030,Robe ete,1.0,OMG-LIL,,
MedioTex,MTX-000743,2025-05-07,SKU-30023,Veste softshell,16.0,OMG-LIL,,
MedioTex,MTX-000955,2025-11-14,SKU-30023,Veste softshell,37.0,OMG-MAR,,
MedioTex,MTX-000805,2025-10-02,SKU-30024,Chaussettes x3,5.0,OMG-LYO,,
MedioTex,MTX-000798,2025-01-04,SKU-30021,T-shirt coton uni,35.0,OMG-MAR,,
MedioTex,MTX-000309,2025-06-25,SKU-30030,Robe ete,13.0,OMG-LIL,,
MedioTex,MTX-001033,2025-12-01,SKU-30028,Doudoune legere,20.0,OMG-LIL,,
MedioTex,MTX-000391,2025-11-02,SKU-30022,Jean coupe droite,15.0,OMG-MAR,,
MedioTex,MTX-000701,2025-05-20,SKU-30030,Robe ete,14.0,OMG-MAR,,
MedioTex,MTX-001354,2026-06-02,SKU-30024,Chaussettes x3,35.0,OMG-LIL,,
MedioTex,MTX-000731,2026-03-12,SKU-30027,Short de sport,5.0,OMG-LIL,,
MedioTex,MTX-000617,2025-03-17,SKU-30021,T-shirt coton uni,38.0,OMG-MAR,,
MedioTex,MTX-000060,2026-04-02,SKU-30030,Robe ete,3.0,OMG-MAR,,
MedioTex,MTX-001053,2025-12-10,SKU-30029,Casquette coton,13.0,OMG-LYO,,
MedioTex,MTX-000988,2026-02-18,SKU-30030,Robe ete,10.0,OMG-LIL,,
MedioTex,MTX-000499,2025-12-10,SKU-30022,Jean coupe droite,10.0,OMG-LIL,,
MedioTex,MTX-001213,2025-04-09,SKU-30029,Casquette coton,16.0,OMG-MAR,,
MedioTex,MTX-001090,2025-10-15,SKU-30027,Short de sport,16.0,OMG-LYO,,
MedioTex,MTX-000890,2025-01-23,SKU-30024,Chaussettes x3,27.0,OMG-LYO,,
MedioTex,MTX-000305,2025-10-01,SKU-30021,T-shirt coton uni,25.0,OMG-LYO,,
MedioTex,MTX-000465,2026-01-15,SKU-30029,Casquette coton,29.0,OMG-LYO,,
MedioTex,MTX-000227,2026-05-03,SKU-30029,Casquette coton,24.0,OMG-MAR,,
MedioTex,MTX-001277,2025-06-18,SKU-30027,Short de sport,7.0,OMG-LYO,,
MedioTex,MTX-000514,2025-05-21,SKU-30026,Chemise popeline,8.0,OMG-LYO,,
MedioTex,MTX-000265,2025-02-08,SKU-30025,Pull col rond,18.0,OMG-LYO,,
MedioTex,MTX-000118,2025-04-14,SKU-30028,Doudoune legere,31.0,OMG-LIL,,
MedioTex,MTX-001263,2025-08-17,SKU-30026,Chemise popeline,2.0,OMG-MAR,,
MedioTex,MTX-000624,2025-04-24,SKU-30025,Pull col rond,24.0,OMG-MAR,,
MedioTex,MTX-000520,2025-09-11,SKU-30022,Jean coupe droite,34.0,OMG-MAR,,
MedioTex,MTX-001191,2026-01-20,SKU-30023,Veste softshell,27.0,OMG-MAR,,
MedioTex,MTX-000319,2025-08-14,SKU-30027,Short de sport,26.0,OMG-LYO,,
MedioTex,MTX-000223,2026-04-24,SKU-30025,Pull col rond,6.0,OMG-MAR,,
MedioTex,MTX-000680,2025-10-19,SKU-30027,Short de sport,22.0,OMG-LYO,,
MedioTex,MTX-000096,2025-07-31,SKU-30028,Doudoune legere,27.0,OMG-LYO,,
MedioTex,MTX-000332,2025-04-02,SKU-30030,Robe ete,11.0,OMG-MAR,,
MedioTex,MTX-000955,2025-11-14,SKU-30028,Doudoune legere,6.0,OMG-MAR,,
MedioTex,MTX-001059,2025-01-16,SKU-30025,Pull col rond,40.0,OMG-LYO,,
MedioTex,MTX-000807,2025-08-31,SKU-30023,Veste softshell,15.0,OMG-LIL,,
MedioTex,MTX-001286,2025-09-04,SKU-30022,Jean coupe droite,13.0,OMG-MAR,,
MedioTex,MTX-000868,2025-06-16,SKU-30030,Robe ete,33.0,OMG-LIL,,
MedioTex,MTX-000248,2025-01-01,SKU-30021,T-shirt coton uni,10.0,OMG-LIL,,
MedioTex,MTX-000264,2026-06-13,SKU-30027,Short de sport,22.0,OMG-MAR,,
MedioTex,MTX-000724,2025-01-07,SKU-30025,Pull col rond,32.0,OMG-MAR,,
MedioTex,MTX-001275,2026-02-09,SKU-30023,Veste softshell,37.0,OMG-LYO,,
MedioTex,MTX-001064,2025-10-10,SKU-30025,Pull col rond,14.0,OMG-MAR,,
MedioTex,MTX-000083,2025-06-18,SKU-30026,Chemise popeline,7.0,OMG-LIL,,
MedioTex,MTX-001368,2025-08-08,SKU-30021,T-shirt coton uni,18.0,OMG-MAR,,
MedioTex,MTX-000789,2026-03-01,SKU-30021,T-shirt coton uni,35.0,OMG-MAR,,
MedioTex,MTX-000044,2025-09-23,SKU-30028,Doudoune legere,7.0,OMG-MAR,,
MedioTex,MTX-001077,2026-03-06,SKU-30028,Doudoune legere,6.0,OMG-LIL,,
MedioTex,MTX-000704,2026-05-30,SKU-30023,Veste softshell,20.0,OMG-LYO,,
MedioTex,MTX-000628,2025-07-05,SKU-30027,Short de sport,14.0,OMG-LYO,,
MedioTex,MTX-000815,2026-04-07,SKU-30021,T-shirt coton uni,2.0,OMG-LYO,,
MedioTex,MTX-001253,2026-06-04,SKU-30029,Casquette coton,37.0,OMG-LYO,,
MedioTex,MTX-000711,2025-07-27,SKU-30027,Short de sport,30.0,OMG-MAR,,
MedioTex,MTX-000520,2025-09-11,SKU-30024,Chaussettes x3,19.0,OMG-MAR,,
MedioTex,MTX-001263,2025-08-17,SKU-30026,Chemise popeline,16.0,OMG-MAR,,
MedioTex,MTX-001091,2025-08-31,SKU-30025,Pull col rond,36.0,OMG-LYO,,
MedioTex,MTX-000811,2026-02-16,SKU-30021,T-shirt coton uni,16.0,OMG-LIL,,
MedioTex,MTX-000077,2026-01-21,SKU-30024,Chaussettes x3,40.0,OMG-MAR,,
MedioTex,MTX-001096,2026-03-08,SKU-30030,Robe ete,30.0,OMG-LIL,,
MedioTex,MTX-000979,2026-07-15,SKU-30027,Short de sport,32.0,OMG-LIL,,
MedioTex,MTX-001213,2025-04-09,SKU-30024,Chaussettes x3,32.0,OMG-MAR,,
MedioTex,MTX-000990,2025-06-06,SKU-30024,Chaussettes x3,23.0,OMG-LYO,,
MedioTex,MTX-000525,2025-10-23,SKU-30026,Chemise popeline,4.0,OMG-LIL,,
MedioTex,MTX-000903,2025-04-05,SKU-30022,Jean coupe droite,3.0,OMG-MAR,,
MedioTex,MTX-000463,2025-10-06,SKU-30029,Casquette coton,22.0,OMG-MAR,,
MedioTex,MTX-000988,2026-02-18,SKU-30030,Robe ete,23.0,OMG-LIL,,
MedioTex,MTX-000384,2026-03-10,SKU-30027,Short de sport,7.0,OMG-LYO,,
MedioTex,MTX-000890,2025-01-23,SKU-30027,Short de sport,29.0,OMG-LYO,,
MedioTex,MTX-000320,2026-02-28,SKU-30025,Pull col rond,24.0,OMG-LIL,,
MedioTex,MTX-000127,2025-08-21,SKU-30024,Chaussettes x3,8.0,OMG-LIL,,
MedioTex,MTX-000096,2025-07-31,SKU-30029,Casquette coton,8.0,OMG-LYO,,
MedioTex,MTX-001137,2025-04-24,SKU-30028,Doudoune legere,33.0,OMG-LYO,,
MedioTex,MTX-000642,2025-09-21,SKU-30027,Short de sport,35.0,OMG-LIL,,
MedioTex,MTX-001394,2026-07-27,SKU-30024,Chaussettes x3,19.0,OMG-MAR,,
MedioTex,MTX-000365,2026-05-12,SKU-30024,Chaussettes x3,6.0,OMG-MAR,,
MedioTex,MTX-000945,2025-02-05,SKU-30021,T-shirt coton uni,27.0,OMG-MAR,,
MedioTex,MTX-001395,2026-06-17,SKU-30028,Doudoune legere,23.0,OMG-LIL,,
MedioTex,MTX-001121,2025-11-02,SKU-30027,Short de sport,7.0,OMG-MAR,,
MedioTex,MTX-000742,2025-01-11,SKU-30022,Jean coupe droite,35.0,OMG-MAR,,
MedioTex,MTX-000615,2025-09-08,SKU-30029,Casquette coton,30.0,OMG-LYO,,
MedioTex,MTX-000259,2025-03-08,SKU-30024,Chaussettes x3,36.0,OMG-LYO,,
MedioTex,MTX-001047,2025-02-26,SKU-30024,Chaussettes x3,37.0,OMG-LIL,,
MedioTex,MTX-000195,2026-05-18,SKU-30021,T-shirt coton uni,7.0,OMG-MAR,,
MedioTex,MTX-000131,2026-04-23,SKU-30023,Veste softshell,40.0,OMG-LIL,,
MedioTex,MTX-000890,2025-01-23,SKU-30021,T-shirt coton uni,36.0,OMG-LYO,,
MedioTex,MTX-001386,2025-05-05,SKU-30023,Veste softshell,10.0,OMG-LIL,,
MedioTex,MTX-000869,2026-05-28,SKU-30026,Chemise popeline,16.0,OMG-LIL,,
MedioTex,MTX-001235,2025-06-17,SKU-30028,Doudoune legere,18.0,OMG-MAR,,
MedioTex,MTX-001213,2025-04-09,SKU-30024,Chaussettes x3,27.0,OMG-MAR,,
MedioTex,MTX-000359,2025-05-11,SKU-30030,Robe ete,26.0,OMG-LYO,,
MedioTex,MTX-001258,2026-03-06,SKU-30021,T-shirt coton uni,1.0,OMG-LIL,,
MedioTex,MTX-000889,2025-09-27,SKU-30030,Robe ete,27.0,OMG-LYO,,
MedioTex,MTX-001331,2025-05-24,SKU-30025,Pull col rond,16.0,OMG-LIL,,
MedioTex,MTX-000598,2026-03-12,SKU-30022,Jean coupe droite,13.0,OMG-LIL,,
MedioTex,MTX-000423,2026-02-22,SKU-30030,Robe ete,21.0,OMG-LIL,,
MedioTex,MTX-001137,2025-04-24,SKU-30023,Veste softshell,16.0,OMG-LYO,,
MedioTex,MTX-000599,2025-04-04,SKU-30028,Doudoune legere,6.0,OMG-LYO,,
MedioTex,MTX-000827,2025-02-12,SKU-30030,Robe ete,7.0,OMG-LIL,,
MedioTex,MTX-000667,2026-07-25,SKU-30028,Doudoune legere,2.0,OMG-MAR,,
MedioTex,MTX-000628,2025-07-05,SKU-30027,Short de sport,12.0,OMG-LYO,,
MedioTex,MTX-000330,2026-03-26,SKU-30027,Short de sport,25.0,OMG-LIL,,
MedioTex,MTX-000017,2025-05-01,SKU-30021,T-shirt coton uni,38.0,OMG-LIL,,
MedioTex,MTX-001061,2025-05-16,SKU-30026,Chemise popeline,2.0,OMG-MAR,,
MedioTex,MTX-001033,2025-12-01,SKU-30027,Short de sport,14.0,OMG-LIL,,
MedioTex,MTX-001139,2026-05-17,SKU-30024,Chaussettes x3,39.0,OMG-LIL,,
MedioTex,MTX-000105,2025-05-27,SKU-30022,Jean coupe droite,22.0,OMG-MAR,,
MedioTex,MTX-001367,2026-06-05,SKU-30030,Robe ete,27.0,OMG-MAR,,
MedioTex,MTX-001091,2025-08-31,SKU-30023,Veste softshell,21.0,OMG-LYO,,
MedioTex,MTX-000703,2025-04-19,SKU-30029,Casquette coton,23.0,OMG-LIL,,
MedioTex,MTX-000493,2026-07-07,SKU-30023,Veste softshell,16.0,OMG-LYO,,
MedioTex,MTX-000391,2025-11-02,SKU-30023,Veste softshell,22.0,OMG-MAR,,
MedioTex,MTX-000599,2025-04-04,SKU-30025,Pull col rond,14.0,OMG-LYO,,
MedioTex,MTX-000536,2025-03-12,SKU-30024,Chaussettes x3,8.0,OMG-MAR,,
MedioTex,MTX-000995,2026-07-29,SKU-30030,Robe ete,27.0,OMG-LYO,,
MedioTex,MTX-001060,2025-09-26,SKU-30028,Doudoune legere,35.0,OMG-LIL,,
MedioTex,MTX-000504,2025-10-17,SKU-30021,T-shirt coton uni,10.0,OMG-LYO,,
MedioTex,MTX-000780,2026-07-30,SKU-30024,Chaussettes x3,33.0,OMG-MAR,,
MedioTex,MTX-000031,2025-03-31,SKU-30021,T-shirt coton uni,34.0,OMG-MAR,,
MedioTex,MTX-000369,2025-05-25,SKU-30028,Doudoune legere,1.0,OMG-LYO,,
MedioTex,MTX-000576,2026-07-25,SKU-30023,Veste softshell,12.0,OMG-MAR,,
MedioTex,MTX-000653,2025-05-18,SKU-30023,Veste softshell,14.0,OMG-LYO,,
MedioTex,MTX-001171,2025-07-29,SKU-30024,Chaussettes x3,34.0,OMG-MAR,,
MedioTex,MTX-001171,2025-07-29,SKU-30028,Doudoune legere,26.0,OMG-MAR,,
MedioTex,MTX-001368,2025-08-08,SKU-30030,Robe ete,28.0,OMG-MAR,,
MedioTex,MTX-000732,2025-01-17,SKU-30021,T-shirt coton uni,13.0,OMG-MAR,,
MedioTex,MTX-000889,2025-09-27,SKU-30028,Doudoune legere,32.0,OMG-LYO,,
MedioTex,MTX-000540,2025-07-16,SKU-30029,Casquette coton,16.0,OMG-LYO,,
MedioTex,MTX-001090,2025-10-15,SKU-30024,Chaussettes x3,21.0,OMG-LYO,,
MedioTex,MTX-001236,2025-06-02,SKU-30021,T-shirt coton uni,15.0,OMG-LYO,,
MedioTex,MTX-000815,2026-04-07,SKU-30028,Doudoune legere,8.0,OMG-LYO,,
MedioTex,MTX-000379,2025-01-15,SKU-30029,Casquette coton,25.0,OMG-LYO,,
MedioTex,MTX-000956,2025-05-30,SKU-30028,Doudoune legere,24.0,OMG-MAR,,
MedioTex,MTX-000260,2026-01-05,SKU-30023,Veste softshell,8.0,OMG-LYO,,
MedioTex,MTX-000499,2025-12-10,SKU-30027,Short de sport,9.0,OMG-LIL,,
MedioTex,MTX-000882,2025-04-01,SKU-30024,Chaussettes x3,5.0,OMG-MAR,,
MedioTex,MTX-000517,2025-03-08,SKU-30022,Jean coupe droite,11.0,OMG-MAR,,
MedioTex,MTX-001243,2026-03-24,SKU-30022,Jean coupe droite,10.0,OMG-MAR,,
MedioTex,MTX-000701,2025-05-20,SKU-30026,Chemise popeline,8.0,OMG-MAR,,
MedioTex,MTX-000068,2025-04-29,SKU-30023,Veste softshell,33.0,OMG-MAR,,
MedioTex,MTX-000985,2026-03-16,SKU-30024,Chaussettes x3,5.0,OMG-LYO,,
MedioTex,MTX-000032,2026-07-14,SKU-30026,Chemise popeline,26.0,OMG-LYO,,
MedioTex,MTX-000158,2025-04-27,SKU-30028,Doudoune legere,8.0,OMG-MAR,,
MedioTex,MTX-001029,2026-05-03,SKU-30026,Chemise popeline,24.0,OMG-LIL,,
MedioTex,MTX-000789,2026-03-01,SKU-30024,Chaussettes x3,39.0,OMG-MAR,,
MedioTex,MTX-000941,2026-05-07,SKU-30030,Robe ete,16.0,OMG-LYO,,
MedioTex,MTX-000081,2026-05-19,SKU-30025,Pull col rond,32.0,OMG-LYO,,
MedioTex,MTX-000131,2026-04-23,SKU-30030,Robe ete,10.0,OMG-LIL,,
MedioTex,MTX-001128,2025-10-29,SKU-30029,Casquette coton,32.0,OMG-MAR,,
MedioTex,MTX-000211,2025-07-13,SKU-30024,Chaussettes x3,26.0,OMG-LYO,,
MedioTex,MTX-001247,2026-05-01,SKU-30030,Robe ete,36.0,OMG-LYO,,
MedioTex,MTX-000930,2026-04-06,SKU-30026,Chemise popeline,4.0,OMG-LIL,,
MedioTex,MTX-000807,2025-08-31,SKU-30029,Casquette coton,7.0,OMG-LIL,,
MedioTex,MTX-000778,2025-12-06,SKU-30028,Doudoune legere,40.0,OMG-MAR,,
MedioTex,MTX-000850,2025-11-30,SKU-30030,Robe ete,24.0,OMG-LYO,,
MedioTex,MTX-000153,2025-04-15,SKU-30025,Pull col rond,13.0,OMG-LIL,,
MedioTex,MTX-000653,2025-05-18,SKU-30027,Short de sport,11.0,OMG-LYO,,
MedioTex,MTX-000227,2026-05-03,SKU-30030,Robe ete,11.0,OMG-MAR,,
MedioTex,MTX-000972,2025-12-21,SKU-30027,Short de sport,39.0,OMG-MAR,,
MedioTex,MTX-001023,2025-09-01,SKU-30025,Pull col rond,32.0,OMG-LIL,,
MedioTex,MTX-000868,2025-06-16,SKU-30027,Short de sport,6.0,OMG-LIL,,
MedioTex,MTX-000019,2026-06-09,SKU-30024,Chaussettes x3,38.0,OMG-LYO,,
MedioTex,MTX-000875,2025-02-27,SKU-30028,Doudoune legere,27.0,OMG-LYO,,
MedioTex,MTX-000905,2026-01-02,SKU-30029,Casquette coton,31.0,OMG-LIL,,
MedioTex,MTX-000956,2025-05-30,SKU-30024,Chaussettes x3,12.0,OMG-MAR,,
MedioTex,MTX-000390,2026-04-13,SKU-30026,Chemise popeline,35.0,OMG-MAR,,
MedioTex,MTX-000475,2025-08-10,SKU-30028,Doudoune legere,3.0,OMG-LIL,,
MedioTex,MTX-000385,2025-10-01,SKU-30026,Chemise popeline,39.0,OMG-LIL,,
MedioTex,MTX-001240,2025-01-19,SKU-30022,Jean coupe droite,21.0,OMG-MAR,,
MedioTex,MTX-001270,2026-05-01,SKU-30028,Doudoune legere,6.0,OMG-LIL,,
MedioTex,MTX-000309,2025-06-25,SKU-30030,Robe ete,35.0,OMG-LIL,,
MedioTex,MTX-000263,2025-08-11,SKU-30027,Short de sport,32.0,OMG-LYO,,
MedioTex,MTX-000693,2025-09-20,SKU-30026,Chemise popeline,26.0,OMG-LIL,,
MedioTex,MTX-000905,2026-01-02,SKU-30023,Veste softshell,11.0,OMG-LIL,,
MedioTex,MTX-000964,2026-02-06,SKU-30023,Veste softshell,23.0,OMG-MAR,,
MedioTex,MTX-000072,2025-01-23,SKU-30025,Pull col rond,23.0,OMG-LIL,,
MedioTex,MTX-000686,2025-07-07,SKU-30027,Short de sport,2.0,OMG-MAR,,
MedioTex,MTX-000158,2025-04-27,SKU-30021,T-shirt coton uni,30.0,OMG-MAR,,
MedioTex,MTX-000990,2025-06-06,SKU-30021,T-shirt coton uni,9.0,OMG-LYO,,
MedioTex,MTX-000634,2025-10-18,SKU-30028,Doudoune legere,18.0,OMG-MAR,,
MedioTex,MTX-001239,2026-02-07,SKU-30026,Chemise popeline,30.0,OMG-LYO,,
MedioTex,MTX-000197,2025-09-28,SKU-30028,Doudoune legere,7.0,OMG-LYO,,
MedioTex,MTX-001206,2026-01-03,SKU-30026,Chemise popeline,8.0,OMG-LYO,,
MedioTex,MTX-001236,2025-06-02,SKU-30022,Jean coupe droite,9.0,OMG-LYO,,
MedioTex,MTX-000154,2025-05-17,SKU-30027,Short de sport,33.0,OMG-LYO,,
MedioTex,MTX-001113,2025-04-30,SKU-30027,Short de sport,12.0,OMG-MAR,,
MedioTex,MTX-001354,2026-06-02,SKU-30021,T-shirt coton uni,2.0,OMG-LIL,,
MedioTex,MTX-001236,2025-06-02,SKU-30022,Jean coupe droite,38.0,OMG-LYO,,
MedioTex,MTX-000918,2026-04-01,SKU-30027,Short de sport,27.0,OMG-LYO,,
MedioTex,MTX-000110,2025-07-04,SKU-30028,Doudoune legere,13.0,OMG-MAR,,
MedioTex,MTX-001316,2026-04-25,SKU-30028,Doudoune legere,29.0,OMG-MAR,,
MedioTex,MTX-000525,2025-10-23,SKU-30026,Chemise popeline,27.0,OMG-LIL,,
MedioTex,MTX-000604,2025-02-20,SKU-30030,Robe ete,7.0,OMG-LIL,,
MedioTex,MTX-000639,2025-04-18,SKU-30021,T-shirt coton uni,31.0,OMG-MAR,,
MedioTex,MTX-000244,2026-05-05,SKU-30021,T-shirt coton uni,25.0,OMG-LYO,,
MedioTex,MTX-000213,2026-05-09,SKU-30022,Jean coupe droite,35.0,OMG-LIL,,
MedioTex,MTX-000031,2025-03-31,SKU-30029,Casquette coton,13.0,OMG-MAR,,
MedioTex,MTX-000445,2025-03-29,SKU-30023,Veste softshell,34.0,OMG-LIL,,
MedioTex,MTX-000069,2025-01-12,SKU-30026,Chemise popeline,40.0,OMG-LIL,,
MedioTex,MTX-000642,2025-09-21,SKU-30030,Robe ete,3.0,OMG-LIL,,
MedioTex,MTX-000688,2025-02-20,SKU-30024,Chaussettes x3,17.0,OMG-MAR,,
MedioTex,MTX-001377,2025-03-17,SKU-30030,Robe ete,12.0,OMG-LYO,,
MedioTex,MTX-000985,2026-03-16,SKU-30028,Doudoune legere,40.0,OMG-LYO,,
MedioTex,MTX-000862,2025-06-19,SKU-30025,Pull col rond,18.0,OMG-MAR,,
MedioTex,MTX-001113,2025-04-30,SKU-30027,Short de sport,2.0,OMG-MAR,,
MedioTex,MTX-001357,2025-08-16,SKU-30022,Jean coupe droite,10.0,OMG-MAR,,
MedioTex,MTX-000150,2026-01-06,SKU-30021,T-shirt coton uni,6.0,OMG-LIL,,
MedioTex,MTX-000943,2025-09-20,SKU-30021,T-shirt coton uni,12.0,OMG-LYO,,
MedioTex,MTX-001347,2025-01-31,SKU-30029,Casquette coton,15.0,OMG-LYO,,
MedioTex,MTX-000448,2026-05-25,SKU-30028,Doudoune legere,6.0,OMG-LYO,,
MedioTex,MTX-000568,2026-06-08,SKU-30027,Short de sport,8.0,OMG-LIL,,
MedioTex,MTX-000701,2025-05-20,SKU-30023,Veste softshell,6.0,OMG-MAR,,
MedioTex,MTX-000954,2026-06-15,SKU-30027,Short de sport,27.0,OMG-LYO,,
MedioTex,MTX-000342,2025-09-20,SKU-30022,Jean coupe droite,10.0,OMG-LIL,,
MedioTex,MTX-001046,2026-06-14,SKU-30022,Jean coupe droite,30.0,OMG-LIL,,
MedioTex,MTX-000013,2026-03-24,SKU-30027,Short de sport,23.0,OMG-MAR,,
MedioTex,MTX-000688,2025-02-20,SKU-30022,Jean coupe droite,19.0,OMG-MAR,,
MedioTex,MTX-000710,2026-01-06,SKU-30021,T-shirt coton uni,33.0,OMG-LIL,,
MedioTex,MTX-000650,2025-06-18,SKU-30026,Chemise popeline,5.0,OMG-MAR,,
MedioTex,MTX-000692,2026-01-20,SKU-30021,T-shirt coton uni,22.0,OMG-LYO,,
MedioTex,MTX-001090,2025-10-15,SKU-30028,Doudoune legere,24.0,OMG-LYO,,
MedioTex,MTX-000683,2025-10-14,SKU-30026,Chemise popeline,2.0,OMG-LYO,,
MedioTex,MTX-000861,2026-05-23,SKU-30026,Chemise popeline,17.0,OMG-LIL,,
MedioTex,MTX-000553,2026-03-27,SKU-30029,Casquette coton,32.0,OMG-LYO,,
MedioTex,MTX-001213,2025-04-09,SKU-30021,T-shirt coton uni,34.0,OMG-MAR,,
MedioTex,MTX-001267,2025-05-31,SKU-30028,Doudoune legere,36.0,OMG-LIL,,
MedioTex,MTX-000885,2025-06-16,SKU-30028,Doudoune legere,36.0,OMG-MAR,,
MedioTex,MTX-001145,2025-10-08,SKU-30022,Jean coupe droite,19.0,OMG-MAR,,
MedioTex,MTX-000202,2025-08-20,SKU-30022,Jean coupe droite,9.0,OMG-MAR,,
MedioTex,MTX-000779,2026-05-08,SKU-30029,Casquette coton,25.0,OMG-LYO,,
MedioTex,MTX-000154,2025-05-17,SKU-30023,Veste softshell,9.0,OMG-LYO,,
MedioTex,MTX-001317,2025-05-11,SKU-30023,Veste softshell,35.0,OMG-MAR,,
MedioTex,MTX-001151,2026-04-23,SKU-30027,Short de sport,15.0,OMG-MAR,,
MedioTex,MTX-000894,2025-01-11,SKU-30029,Casquette coton,7.0,OMG-LYO,,
MedioTex,MTX-000359,2025-05-11,SKU-30022,Jean coupe droite,6.0,OMG-LYO,,
MedioTex,MTX-000643,2026-04-18,SKU-30027,Short de sport,14.0,OMG-MAR,,
MedioTex,MTX-000778,2025-12-06,SKU-30027,Short de sport,7.0,OMG-MAR,,
MedioTex,MTX-000868,2025-06-16,SKU-30030,Robe ete,36.0,OMG-LIL,,
MedioTex,MTX-000426,2025-05-16,SKU-30024,Chaussettes x3,6.0,OMG-LIL,,
MedioTex,MTX-000303,2025-08-01,SKU-30025,Pull col rond,29.0,OMG-LYO,,
MedioTex,MTX-000961,2025-07-10,SKU-30026,Chemise popeline,29.0,OMG-LIL,,
MedioTex,MTX-000981,2025-08-03,SKU-30025,Pull col rond,8.0,OMG-LIL,,
MedioTex,MTX-000146,2025-06-24,SKU-30025,Pull col rond,14.0,OMG-LIL,,
MedioTex,MTX-000969,2026-07-24,SKU-30023,Veste softshell,34.0,OMG-LYO,,
MedioTex,MTX-000964,2026-02-06,SKU-30023,Veste softshell,38.0,OMG-MAR,,
MedioTex,MTX-000263,2025-08-11,SKU-30027,Short de sport,17.0,OMG-LYO,,
MedioTex,MTX-000874,2025-10-29,SKU-30025,Pull col rond,8.0,OMG-MAR,,
MedioTex,MTX-001029,2026-05-03,SKU-30025,Pull col rond,28.0,OMG-LIL,,
MedioTex,MTX-000244,2026-05-05,SKU-30026,Chemise popeline,31.0,OMG-LYO,,
MedioTex,MTX-000224,2026-06-13,SKU-30021,T-shirt coton uni,16.0,OMG-MAR,,
MedioTex,MTX-000767,2026-07-30,SKU-30030,Robe ete,26.0,OMG-LYO,,
MedioTex,MTX-000586,2026-04-26,SKU-30025,Pull col rond,6.0,OMG-MAR,,
MedioTex,MTX-000994,2025-02-05,SKU-30021,T-shirt coton uni,9.0,OMG-LIL,,
MedioTex,MTX-000605,2025-06-08,SKU-30023,Veste softshell,16.0,OMG-MAR,,
MedioTex,MTX-000972,2025-12-21,SKU-30023,Veste softshell,22.0,OMG-MAR,,
MedioTex,MTX-000692,2026-01-20,SKU-30023,Veste softshell,32.0,OMG-LYO,,
MedioTex,MTX-000981,2025-08-03,SKU-30027,Short de sport,10.0,OMG-LIL,,
MedioTex,MTX-000716,2026-04-17,SKU-30023,Veste softshell,5.0,OMG-LYO,,
MedioTex,MTX-000943,2025-09-20,SKU-30027,Short de sport,26.0,OMG-LYO,,
MedioTex,MTX-000596,2025-09-20,SKU-30028,Doudoune legere,29.0,OMG-LIL,,
MedioTex,MTX-000182,2026-01-05,SKU-30025,Pull col rond,35.0,OMG-MAR,,
MedioTex,MTX-001347,2025-01-31,SKU-30022,Jean coupe droite,29.0,OMG-LYO,,
MedioTex,MTX-001036,2025-05-21,SKU-30022,Jean coupe droite,7.0,OMG-LYO,,
MedioTex,MTX-000874,2025-10-29,SKU-30023,Veste softshell,26.0,OMG-MAR,,
MedioTex,MTX-000440,2026-04-20,SKU-30023,Veste softshell,19.0,OMG-LYO,,
MedioTex,MTX-000732,2025-01-17,SKU-30023,Veste softshell,19.0,OMG-MAR,,
MedioTex,MTX-000141,2025-09-12,SKU-30030,Robe ete,22.0,OMG-LYO,,
MedioTex,MTX-000743,2025-05-07,SKU-30025,Pull col rond,35.0,OMG-LIL,,
MedioTex,MTX-000412,2026-05-08,SKU-30023,Veste softshell,22.0,OMG-LIL,,
MedioTex,MTX-000868,2025-06-16,SKU-30022,Jean coupe droite,15.0,OMG-LIL,,
MedioTex,MTX-000070,2026-01-15,SKU-30030,Robe ete,5.0,OMG-MAR,,
MedioTex,MTX-000653,2025-05-18,SKU-30022,Jean coupe droite,1.0,OMG-LYO,,
MedioTex,MTX-000817,2026-02-07,SKU-30028,Doudoune legere,8.0,OMG-LIL,,
MedioTex,MTX-001029,2026-05-03,SKU-30025,Pull col rond,24.0,OMG-LIL,,
MedioTex,MTX-000620,2026-03-11,SKU-30027,Short de sport,7.0,OMG-LYO,,
MedioTex,MTX-000861,2026-05-23,SKU-30028,Doudoune legere,2.0,OMG-LIL,,
MedioTex,MTX-000324,2025-08-26,SKU-30030,Robe ete,37.0,OMG-MAR,,
MedioTex,MTX-001394,2026-07-27,SKU-30030,Robe ete,6.0,OMG-MAR,,
MedioTex,MTX-000527,2025-07-27,SKU-30026,Chemise popeline,25.0,OMG-LIL,,
MedioTex,MTX-000372,2026-02-09,SKU-30028,Doudoune legere,25.0,OMG-LYO,,
MedioTex,MTX-000317,2025-01-19,SKU-30022,Jean coupe droite,4.0,OMG-LYO,,
MedioTex,MTX-000412,2026-05-08,SKU-30030,Robe ete,11.0,OMG-LIL,,
MedioTex,MTX-000568,2026-06-08,SKU-30021,T-shirt coton uni,11.0,OMG-LIL,,
MedioTex,MTX-000959,2025-04-04,SKU-30028,Doudoune legere,31.0,OMG-MAR,,
MedioTex,MTX-000143,2026-07-15,SKU-30022,Jean coupe droite,13.0,OMG-MAR,,
MedioTex,MTX-000408,2026-06-19,SKU-30024,Chaussettes x3,28.0,OMG-LIL,,
MedioTex,MTX-000953,2026-01-26,SKU-30025,Pull col rond,29.0,OMG-LIL,,
MedioTex,MTX-001139,2026-05-17,SKU-30029,Casquette coton,19.0,OMG-LIL,,
MedioTex,MTX-000308,2026-06-23,SKU-30021,T-shirt coton uni,1.0,OMG-LIL,,
MedioTex,MTX-001364,2026-06-08,SKU-30029,Casquette coton,10.0,OMG-LIL,,
MedioTex,MTX-000617,2025-03-17,SKU-30026,Chemise popeline,17.0,OMG-MAR,,
MedioTex,MTX-000393,2026-07-26,SKU-30022,Jean coupe droite,18.0,OMG-MAR,,
MedioTex,MTX-000305,2025-10-01,SKU-30029,Casquette coton,19.0,OMG-LYO,,
MedioTex,MTX-000031,2025-03-31,SKU-30021,T-shirt coton uni,28.0,OMG-MAR,,
MedioTex,MTX-000138,2025-11-10,SKU-30026,Chemise popeline,36.0,OMG-LIL,,
MedioTex,MTX-000834,2026-04-27,SKU-30023,Veste softshell,30.0,OMG-MAR,,
MedioTex,MTX-001008,2025-10-18,SKU-30023,Veste softshell,35.0,OMG-LYO,,
MedioTex,MTX-000694,2025-12-22,SKU-30028,Doudoune legere,19.0,OMG-LIL,,
MedioTex,MTX-001121,2025-11-02,SKU-30023,Veste softshell,13.0,OMG-MAR,,
MedioTex,MTX-000565,2026-01-20,SKU-30028,Doudoune legere,28.0,OMG-LYO,,
MedioTex,MTX-000319,2025-08-14,SKU-30025,Pull col rond,29.0,OMG-LYO,,
MedioTex,MTX-001098,2025-11-04,SKU-30030,Robe ete,3.0,OMG-LIL,,
MedioTex,MTX-000859,2026-07-15,SKU-30029,Casquette coton,30.0,OMG-LIL,,
MedioTex,MTX-000588,2025-01-19,SKU-30024,Chaussettes x3,20.0,OMG-LYO,,
MedioTex,MTX-001125,2025-11-25,SKU-30026,Chemise popeline,32.0,OMG-LYO,,
MedioTex,MTX-000517,2025-03-08,SKU-30024,Chaussettes x3,22.0,OMG-MAR,,
MedioTex,MTX-000817,2026-02-07,SKU-30027,Short de sport,15.0,OMG-LIL,,
MedioTex,MTX-000762,2026-05-21,SKU-30028,Doudoune legere,9.0,OMG-MAR,,
MedioTex,MTX-001229,2026-05-04,SKU-30025,Pull col rond,35.0,OMG-MAR,,
MedioTex,MTX-000710,2026-01-06,SKU-30023,Veste softshell,9.0,OMG-LIL,,
MedioTex,MTX-000962,2025-01-21,SKU-30025,Pull col rond,20.0,OMG-LIL,,
MedioTex,MTX-000493,2026-07-07,SKU-30023,Veste softshell,10.0,OMG-LYO,,
MedioTex,MTX-001300,2026-06-14,SKU-30026,Chemise popeline,4.0,OMG-LIL,,
MedioTex,MTX-000683,2025-10-14,SKU-30026,Chemise popeline,3.0,OMG-LYO,,
MedioTex,MTX-000621,2025-09-21,SKU-30028,Doudoune legere,34.0,OMG-LYO,,
MedioTex,MTX-001235,2025-06-17,SKU-30030,Robe ete,14.0,OMG-MAR,,
MedioTex,MTX-000355,2025-03-19,SKU-30027,Short de sport,13.0,OMG-LYO,,
MedioTex,MTX-000961,2025-07-10,SKU-30025,Pull col rond,37.0,OMG-LIL,,
MedioTex,MTX-001247,2026-05-01,SKU-30024,Chaussettes x3,16.0,OMG-LYO,,
MedioTex,MTX-000143,2026-07-15,SKU-30023,Veste softshell,16.0,OMG-MAR,,
MedioTex,MTX-001249,2025-07-23,SKU-30024,Chaussettes x3,34.0,OMG-LYO,,
MedioTex,MTX-001061,2025-05-16,SKU-30025,Pull col rond,11.0,OMG-MAR,,
MedioTex,MTX-000884,2025-01-07,SKU-30028,Doudoune legere,10.0,OMG-MAR,,
MedioTex,MTX-000862,2025-06-19,SKU-30026,Chemise popeline,5.0,OMG-MAR,,
MedioTex,MTX-001150,2026-03-20,SKU-30023,Veste softshell,25.0,OMG-MAR,,
MedioTex,MTX-000586,2026-04-26,SKU-30021,T-shirt coton uni,35.0,OMG-MAR,,
MedioTex,MTX-000779,2026-05-08,SKU-30027,Short de sport,14.0,OMG-LYO,,
MedioTex,MTX-001113,2025-04-30,SKU-30027,Short de sport,30.0,OMG-MAR,,
MedioTex,MTX-000317,2025-01-19,SKU-30023,Veste softshell,17.0,OMG-LYO,,
MedioTex,MTX-000693,2025-09-20,SKU-30025,Pull col rond,13.0,OMG-LIL,,
MedioTex,MTX-000767,2026-07-30,SKU-30022,Jean coupe droite,19.0,OMG-LYO,,
MedioTex,MTX-000079,2025-07-31,SKU-30028,Doudoune legere,19.0,OMG-MAR,,
MedioTex,MTX-000551,2026-07-26,SKU-30022,Jean coupe droite,36.0,OMG-LIL,,
MedioTex,MTX-000202,2025-08-20,SKU-30026,Chemise popeline,8.0,OMG-MAR,,
MedioTex,MTX-000195,2026-05-18,SKU-30025,Pull col rond,15.0,OMG-MAR,,
MedioTex,MTX-000102,2025-04-25,SKU-30023,Veste softshell,39.0,OMG-MAR,,
MedioTex,MTX-001237,2025-04-16,SKU-30029,Casquette coton,15.0,OMG-MAR,,
MedioTex,MTX-000412,2026-05-08,SKU-30027,Short de sport,3.0,OMG-LIL,,
MedioTex,MTX-000670,2025-05-31,SKU-30026,Chemise popeline,33.0,OMG-LYO,,
MedioTex,MTX-001064,2025-10-10,SKU-30029,Casquette coton,29.0,OMG-MAR,,
MedioTex,MTX-000680,2025-10-19,SKU-30028,Doudoune legere,31.0,OMG-LYO,,
MedioTex,MTX-000823,2025-10-28,SKU-30025,Pull col rond,20.0,OMG-MAR,,
MedioTex,MTX-000972,2025-12-21,SKU-30025,Pull col rond,32.0,OMG-MAR,,
MedioTex,MTX-000391,2025-11-02,SKU-30027,Short de sport,19.0,OMG-MAR,,
MedioTex,MTX-000963,2025-04-10,SKU-30024,Chaussettes x3,38.0,OMG-MAR,,
MedioTex,MTX-000217,2025-12-12,SKU-30022,Jean coupe droite,28.0,OMG-MAR,,
MedioTex,MTX-000515,2026-03-09,SKU-30026,Chemise popeline,32.0,OMG-LIL,,
MedioTex,MTX-001287,2026-07-18,SKU-30021,T-shirt coton uni,7.0,OMG-LYO,,
MedioTex,MTX-000252,2026-07-21,SKU-30022,Jean coupe droite,23.0,OMG-MAR,,
MedioTex,MTX-000412,2026-05-08,SKU-30027,Short de sport,33.0,OMG-LIL,,
MedioTex,MTX-001036,2025-05-21,SKU-30027,Short de sport,27.0,OMG-LYO,,
MedioTex,MTX-000740,2026-07-21,SKU-30021,T-shirt coton uni,20.0,OMG-LIL,,
MedioTex,MTX-000985,2026-03-16,SKU-30023,Veste softshell,33.0,OMG-LYO,,
MedioTex,MTX-001103,2026-01-18,SKU-30024,Chaussettes x3,15.0,OMG-LIL,,
MedioTex,MTX-000871,2025-12-15,SKU-30029,Casquette coton,16.0,OMG-LYO,,
MedioTex,MTX-000517,2025-03-08,SKU-30022,Jean coupe droite,24.0,OMG-MAR,,
MedioTex,MTX-000286,2026-05-05,SKU-30030,Robe ete,9.0,OMG-MAR,,
MedioTex,MTX-000408,2026-06-19,SKU-30027,Short de sport,3.0,OMG-LIL,,
MedioTex,MTX-001171,2025-07-29,SKU-30026,Chemise popeline,40.0,OMG-MAR,,
MedioTex,MTX-000298,2026-01-03,SKU-30021,T-shirt coton uni,22.0,OMG-MAR,,
MedioTex,MTX-001088,2026-04-18,SKU-30029,Casquette coton,32.0,OMG-LIL,,
MedioTex,MTX-000653,2025-05-18,SKU-30025,Pull col rond,10.0,OMG-LYO,,
MedioTex,MTX-000899,2025-11-05,SKU-30030,Robe ete,7.0,OMG-LYO,,
MedioTex,MTX-001121,2025-11-02,SKU-30024,Chaussettes x3,30.0,OMG-MAR,,
MedioTex,MTX-000466,2026-06-11,SKU-30023,Veste softshell,38.0,OMG-LIL,,
MedioTex,MTX-000098,2025-01-06,SKU-30025,Pull col rond,21.0,OMG-LYO,,
MedioTex,MTX-001151,2026-04-23,SKU-30028,Doudoune legere,8.0,OMG-MAR,,
MedioTex,MTX-000376,2026-06-29,SKU-30023,Veste softshell,32.0,OMG-LYO,,
MedioTex,MTX-000615,2025-09-08,SKU-30029,Casquette coton,3.0,OMG-LYO,,
MedioTex,MTX-000304,2026-05-07,SKU-30030,Robe ete,19.0,OMG-MAR,,
MedioTex,MTX-001137,2025-04-24,SKU-30023,Veste softshell,5.0,OMG-LYO,,
MedioTex,MTX-000167,2026-05-02,SKU-30027,Short de sport,27.0,OMG-LYO,,
MedioTex,MTX-000167,2026-05-02,SKU-30023,Veste softshell,20.0,OMG-LYO,,
MedioTex,MTX-001397,2025-09-15,SKU-30022,Jean coupe droite,33.0,OMG-LYO,,
MedioTex,MTX-000430,2025-06-10,SKU-30030,Robe ete,16.0,OMG-LYO,,
MedioTex,MTX-001394,2026-07-27,SKU-30027,Short de sport,14.0,OMG-MAR,,
MedioTex,MTX-000711,2025-07-27,SKU-30023,Veste softshell,29.0,OMG-MAR,,
MedioTex,MTX-001272,2025-05-17,SKU-30023,Veste softshell,15.0,OMG-LYO,,
MedioTex,MTX-000568,2026-06-08,SKU-30028,Doudoune legere,30.0,OMG-LIL,,
MedioTex,MTX-001020,2025-10-01,SKU-30021,T-shirt coton uni,21.0,OMG-LIL,,
MedioTex,MTX-001253,2026-06-04,SKU-30025,Pull col rond,19.0,OMG-LYO,,
MedioTex,MTX-000269,2025-08-10,SKU-30023,Veste softshell,37.0,OMG-LYO,,
MedioTex,MTX-000153,2025-04-15,SKU-30025,Pull col rond,12.0,OMG-LIL,,
MedioTex,MTX-000307,2026-07-29,SKU-30029,Casquette coton,25.0,OMG-MAR,,
MedioTex,MTX-000694,2025-12-22,SKU-30021,T-shirt coton uni,24.0,OMG-LIL,,
MedioTex,MTX-001061,2025-05-16,SKU-30027,Short de sport,20.0,OMG-MAR,,
MedioTex,MTX-000250,2025-05-16,SKU-30030,Robe ete,23.0,OMG-LIL,,
MedioTex,MTX-000959,2025-04-04,SKU-30027,Short de sport,3.0,OMG-MAR,,
MedioTex,MTX-000385,2025-10-01,SKU-30029,Casquette coton,14.0,OMG-LIL,,
MedioTex,MTX-001192,2026-07-07,SKU-30021,T-shirt coton uni,7.0,OMG-LIL,,
MedioTex,MTX-000263,2025-08-11,SKU-30030,Robe ete,39.0,OMG-LYO,,
MedioTex,MTX-001092,2025-06-27,SKU-30026,Chemise popeline,33.0,OMG-MAR,,
MedioTex,MTX-000650,2025-06-18,SKU-30026,Chemise popeline,27.0,OMG-MAR,,
MedioTex,MTX-000399,2025-09-03,SKU-30029,Casquette coton,6.0,OMG-LYO,,
MedioTex,MTX-000861,2026-05-23,SKU-30021,T-shirt coton uni,8.0,OMG-LIL,,
MedioTex,MTX-000952,2025-05-19,SKU-30025,Pull col rond,21.0,OMG-LIL,,
MedioTex,MTX-000762,2026-05-21,SKU-30026,Chemise popeline,19.0,OMG-MAR,,
MedioTex,MTX-000066,2025-04-17,SKU-30021,T-shirt coton uni,19.0,OMG-MAR,,
MedioTex,MTX-000878,2025-11-28,SKU-30023,Veste softshell,3.0,OMG-MAR,,
MedioTex,MTX-001088,2026-04-18,SKU-30024,Chaussettes x3,27.0,OMG-LIL,,
MedioTex,MTX-000953,2026-01-26,SKU-30024,Chaussettes x3,26.0,OMG-LIL,,
MedioTex,MTX-000778,2025-12-06,SKU-30021,T-shirt coton uni,40.0,OMG-MAR,,
MedioTex,MTX-000243,2026-04-25,SKU-30029,Casquette coton,31.0,OMG-MAR,,
MedioTex,MTX-001316,2026-04-25,SKU-30024,Chaussettes x3,28.0,OMG-MAR,,
MedioTex,MTX-000485,2025-08-19,SKU-30030,Robe ete,35.0,OMG-LYO,,
MedioTex,MTX-000259,2025-03-08,SKU-30029,Casquette coton,31.0,OMG-LYO,,
MedioTex,MTX-000307,2026-07-29,SKU-30024,Chaussettes x3,33.0,OMG-MAR,,
MedioTex,MTX-000138,2025-11-10,SKU-30029,Casquette coton,13.0,OMG-LIL,,
MedioTex,MTX-000156,2025-12-28,SKU-30029,Casquette coton,20.0,OMG-LYO,,
MedioTex,MTX-000811,2026-02-16,SKU-30021,T-shirt coton uni,37.0,OMG-LIL,,
MedioTex,MTX-000130,2025-08-25,SKU-30029,Casquette coton,19.0,OMG-LYO,,
MedioTex,MTX-001090,2025-10-15,SKU-30022,Jean coupe droite,2.0,OMG-LYO,,
MedioTex,MTX-000952,2025-05-19,SKU-30026,Chemise popeline,14.0,OMG-LIL,,
MedioTex,MTX-000634,2025-10-18,SKU-30023,Veste softshell,21.0,OMG-MAR,,
MedioTex,MTX-000174,2026-07-14,SKU-30024,Chaussettes x3,25.0,OMG-MAR,,
MedioTex,MTX-001095,2025-07-12,SKU-30021,T-shirt coton uni,20.0,OMG-LIL,,
MedioTex,MTX-000312,2025-10-06,SKU-30029,Casquette coton,15.0,OMG-MAR,,
MedioTex,MTX-001218,2026-05-09,SKU-30028,Doudoune legere,18.0,OMG-LYO,,
MedioTex,MTX-000250,2025-05-16,SKU-30023,Veste softshell,12.0,OMG-LIL,,
MedioTex,MTX-000149,2025-03-20,SKU-30021,T-shirt coton uni,36.0,OMG-LIL,,
MedioTex,MTX-001191,2026-01-20,SKU-30021,T-shirt coton uni,1.0,OMG-MAR,,
MedioTex,MTX-000941,2026-05-07,SKU-30026,Chemise popeline,30.0,OMG-LYO,,
MedioTex,MTX-001214,2025-09-25,SKU-30025,Pull col rond,39.0,OMG-LIL,,
MedioTex,MTX-001364,2026-06-08,SKU-30023,Veste softshell,39.0,OMG-LIL,,
MedioTex,MTX-001214,2025-09-25,SKU-30027,Short de sport,38.0,OMG-LIL,,
MedioTex,MTX-000668,2025-07-19,SKU-30027,Short de sport,36.0,OMG-LYO,,
MedioTex,MTX-001114,2026-07-13,SKU-30021,T-shirt coton uni,18.0,OMG-LIL,,
MedioTex,MTX-000841,2026-05-04,SKU-30024,Chaussettes x3,3.0,OMG-LYO,,
MedioTex,MTX-000861,2026-05-23,SKU-30025,Pull col rond,37.0,OMG-LIL,,
MedioTex,MTX-001253,2026-06-04,SKU-30029,Casquette coton,33.0,OMG-LYO,,
MedioTex,MTX-000897,2025-01-19,SKU-30025,Pull col rond,37.0,OMG-MAR,,
MedioTex,MTX-000161,2025-11-23,SKU-30026,Chemise popeline,8.0,OMG-MAR,,
MedioTex,MTX-000217,2025-12-12,SKU-30022,Jean coupe droite,15.0,OMG-MAR,,
MedioTex,MTX-000384,2026-03-10,SKU-30023,Veste softshell,12.0,OMG-LYO,,
MedioTex,MTX-000693,2025-09-20,SKU-30029,Casquette coton,19.0,OMG-LIL,,
MedioTex,MTX-001223,2025-05-23,SKU-30021,T-shirt coton uni,10.0,OMG-MAR,,
MedioTex,MTX-000246,2025-06-20,SKU-30030,Robe ete,21.0,OMG-LYO,,
MedioTex,MTX-000032,2026-07-14,SKU-30025,Pull col rond,27.0,OMG-LYO,,
MedioTex,MTX-001400,2026-04-01,SKU-30025,Pull col rond,21.0,OMG-LIL,,
MedioTex,MTX-000484,2025-12-20,SKU-30027,Short de sport,12.0,OMG-LYO,,
MedioTex,MTX-000878,2025-11-28,SKU-30026,Chemise popeline,12.0,OMG-MAR,,
MedioTex,MTX-000579,2026-07-03,SKU-30030,Robe ete,7.0,OMG-LYO,,
MedioTex,MTX-001176,2025-09-14,SKU-30025,Pull col rond,39.0,OMG-MAR,,
MedioTex,MTX-000649,2025-11-19,SKU-30027,Short de sport,30.0,OMG-LYO,,
MedioTex,MTX-000568,2026-06-08,SKU-30027,Short de sport,39.0,OMG-LIL,,
MedioTex,MTX-000156,2025-12-28,SKU-30024,Chaussettes x3,15.0,OMG-LYO,,
MedioTex,MTX-001263,2025-08-17,SKU-30027,Short de sport,3.0,OMG-MAR,,
MedioTex,MTX-000930,2026-04-06,SKU-30023,Veste softshell,9.0,OMG-LIL,,
MedioTex,MTX-000934,2025-01-21,SKU-30030,Robe ete,26.0,OMG-MAR,,
MedioTex,MTX-000752,2026-01-06,SKU-30026,Chemise popeline,10.0,OMG-LYO,,
MedioTex,MTX-001239,2026-02-07,SKU-30029,Casquette coton,6.0,OMG-LYO,,
MedioTex,MTX-000452,2025-04-01,SKU-30027,Short de sport,31.0,OMG-LIL,,
MedioTex,MTX-000265,2025-02-08,SKU-30026,Chemise popeline,2.0,OMG-LYO,,
MedioTex,MTX-000423,2026-02-22,SKU-30029,Casquette coton,20.0,OMG-LIL,,
MedioTex,MTX-000683,2025-10-14,SKU-30029,Casquette coton,27.0,OMG-LYO,,
MedioTex,MTX-000569,2026-06-21,SKU-30023,Veste softshell,1.0,OMG-MAR,,
MedioTex,MTX-000008,2026-04-19,SKU-30023,Veste softshell,35.0,OMG-MAR,,
MedioTex,MTX-000442,2026-01-04,SKU-30025,Pull col rond,9.0,OMG-LYO,,
MedioTex,MTX-000286,2026-05-05,SKU-30025,Pull col rond,40.0,OMG-MAR,,
MedioTex,MTX-001137,2025-04-24,SKU-30022,Jean coupe droite,37.0,OMG-LYO,,
MedioTex,MTX-000890,2025-01-23,SKU-30026,Chemise popeline,27.0,OMG-LYO,,
MedioTex,MTX-000013,2026-03-24,SKU-30022,Jean coupe droite,7.0,OMG-MAR,,
MedioTex,MTX-000613,2025-06-12,SKU-30028,Doudoune legere,11.0,OMG-MAR,,
MedioTex,MTX-000694,2025-12-22,SKU-30023,Veste softshell,29.0,OMG-LIL,,
MedioTex,MTX-000715,2025-11-11,SKU-30021,T-shirt coton uni,28.0,OMG-LYO,,
MedioTex,MTX-001016,2025-10-19,SKU-30021,T-shirt coton uni,39.0,OMG-MAR,,
MedioTex,MTX-000143,2026-07-15,SKU-30021,T-shirt coton uni,37.0,OMG-MAR,,
MedioTex,MTX-000964,2026-02-06,SKU-30029,Casquette coton,21.0,OMG-MAR,,
MedioTex,MTX-000566,2025-02-05,SKU-30022,Jean coupe droite,30.0,OMG-LYO,,
MedioTex,MTX-001145,2025-10-08,SKU-30024,Chaussettes x3,14.0,OMG-MAR,,
MedioTex,MTX-000668,2025-07-19,SKU-30030,Robe ete,31.0,OMG-LYO,,
MedioTex,MTX-001276,2026-02-27,SKU-30025,Pull col rond,6.0,OMG-LIL,,
MedioTex,MTX-000295,2026-01-28,SKU-30028,Doudoune legere,21.0,OMG-LYO,,
MedioTex,MTX-000734,2026-07-14,SKU-30024,Chaussettes x3,19.0,OMG-MAR,,
MedioTex,MTX-001223,2025-05-23,SKU-30029,Casquette coton,27.0,OMG-MAR,,
MedioTex,MTX-000862,2025-06-19,SKU-30030,Robe ete,36.0,OMG-MAR,,
MedioTex,MTX-000670,2025-05-31,SKU-30028,Doudoune legere,24.0,OMG-LYO,,
MedioTex,MTX-001141,2025-09-12,SKU-30029,Casquette coton,32.0,OMG-MAR,,
MedioTex,MTX-001229,2026-05-04,SKU-30021,T-shirt coton uni,31.0,OMG-MAR,,
MedioTex,MTX-000060,2026-04-02,SKU-30023,Veste softshell,31.0,OMG-MAR,,
MedioTex,MTX-001311,2025-11-09,SKU-30026,Chemise popeline,36.0,OMG-LIL,,
MedioTex,MTX-000013,2026-03-24,SKU-30027,Short de sport,13.0,OMG-MAR,,
MedioTex,MTX-000140,2025-11-08,SKU-30021,T-shirt coton uni,9.0,OMG-MAR,,
MedioTex,MTX-000171,2026-06-06,SKU-30025,Pull col rond,1.0,OMG-MAR,,
MedioTex,MTX-000961,2025-07-10,SKU-30025,Pull col rond,29.0,OMG-LIL,,
MedioTex,MTX-000442,2026-01-04,SKU-30027,Short de sport,24.0,OMG-LYO,,
MedioTex,MTX-000731,2026-03-12,SKU-30028,Doudoune legere,8.0,OMG-LIL,,
MedioTex,MTX-000417,2026-06-28,SKU-30023,Veste softshell,30.0,OMG-MAR,,
MedioTex,MTX-000475,2025-08-10,SKU-30026,Chemise popeline,40.0,OMG-LIL,,
MedioTex,MTX-001371,2025-03-11,SKU-30022,Jean coupe droite,38.0,OMG-LYO,,
MedioTex,MTX-001129,2025-03-01,SKU-30027,Short de sport,12.0,OMG-LYO,,
MedioTex,MTX-000219,2026-05-03,SKU-30022,Jean coupe droite,38.0,OMG-LYO,,
MedioTex,MTX-001331,2025-05-24,SKU-30021,T-shirt coton uni,18.0,OMG-LIL,,
MedioTex,MTX-001391,2025-09-23,SKU-30029,Casquette coton,4.0,OMG-LIL,,
MedioTex,MTX-001317,2025-05-11,SKU-30024,Chaussettes x3,5.0,OMG-MAR,,
MedioTex,MTX-001198,2025-05-18,SKU-30022,Jean coupe droite,22.0,OMG-LIL,,
MedioTex,MTX-000303,2025-08-01,SKU-30023,Veste softshell,9.0,OMG-LYO,,
MedioTex,MTX-000359,2025-05-11,SKU-30027,Short de sport,40.0,OMG-LYO,,
MedioTex,MTX-000698,2025-08-02,SKU-30026,Chemise popeline,1.0,OMG-LIL,,
MedioTex,MTX-001276,2026-02-27,SKU-30030,Robe ete,25.0,OMG-LIL,,
MedioTex,MTX-001287,2026-07-18,SKU-30023,Veste softshell,26.0,OMG-LYO,,
MedioTex,MTX-000110,2025-07-04,SKU-30025,Pull col rond,29.0,OMG-MAR,,
MedioTex,MTX-000981,2025-08-03,SKU-30028,Doudoune legere,9.0,OMG-LIL,,
MedioTex,MTX-001220,2026-04-01,SKU-30028,Doudoune legere,25.0,OMG-LYO,,
MedioTex,MTX-001145,2025-10-08,SKU-30029,Casquette coton,12.0,OMG-MAR,,
MedioTex,MTX-000447,2025-11-24,SKU-30025,Pull col rond,37.0,OMG-LIL,,
MedioTex,MTX-000248,2025-01-01,SKU-30030,Robe ete,10.0,OMG-LIL,,
MedioTex,MTX-000419,2025-03-10,SKU-30030,Robe ete,40.0,OMG-MAR,,
MedioTex,MTX-000081,2026-05-19,SKU-30021,T-shirt coton uni,3.0,OMG-LYO,,
MedioTex,MTX-000694,2025-12-22,SKU-30023,Veste softshell,14.0,OMG-LIL,,
MedioTex,MTX-001269,2025-07-18,SKU-30027,Short de sport,39.0,OMG-LIL,,
MedioTex,MTX-001247,2026-05-01,SKU-30027,Short de sport,39.0,OMG-LYO,,
MedioTex,MTX-000789,2026-03-01,SKU-30025,Pull col rond,8.0,OMG-MAR,,
MedioTex,MTX-000018,2025-02-14,SKU-30023,Veste softshell,5.0,OMG-LYO,,
MedioTex,MTX-000948,2026-01-05,SKU-30026,Chemise popeline,22.0,OMG-LIL,,
MedioTex,MTX-000412,2026-05-08,SKU-30027,Short de sport,36.0,OMG-LIL,,
MedioTex,MTX-001202,2026-04-27,SKU-30022,Jean coupe droite,11.0,OMG-LYO,,
MedioTex,MTX-000743,2025-05-07,SKU-30021,T-shirt coton uni,35.0,OMG-LIL,,
MedioTex,MTX-000811,2026-02-16,SKU-30022,Jean coupe droite,15.0,OMG-LIL,,
MedioTex,MTX-000349,2026-06-10,SKU-30027,Short de sport,23.0,OMG-LYO,,
MedioTex,MTX-001151,2026-04-23,SKU-30022,Jean coupe droite,16.0,OMG-MAR,,
MedioTex,MTX-000466,2026-06-11,SKU-30024,Chaussettes x3,5.0,OMG-LIL,,
MedioTex,MTX-001348,2026-07-19,SKU-30030,Robe ete,2.0,OMG-LYO,,
MedioTex,MTX-000248,2025-01-01,SKU-30024,Chaussettes x3,9.0,OMG-LIL,,
MedioTex,MTX-000349,2026-06-10,SKU-30021,T-shirt coton uni,17.0,OMG-LYO,,
MedioTex,MTX-001064,2025-10-10,SKU-30028,Doudoune legere,7.0,OMG-MAR,,
MedioTex,MTX-000930,2026-04-06,SKU-30023,Veste softshell,20.0,OMG-LIL,,
MedioTex,MTX-000815,2026-04-07,SKU-30030,Robe ete,1.0,OMG-LYO,,
MedioTex,MTX-000177,2026-05-28,SKU-30029,Casquette coton,36.0,OMG-LIL,,
MedioTex,MTX-000599,2025-04-04,SKU-30023,Veste softshell,2.0,OMG-LYO,,
MedioTex,MTX-000069,2025-01-12,SKU-30027,Short de sport,6.0,OMG-LIL,,
MedioTex,MTX-000259,2025-03-08,SKU-30021,T-shirt coton uni,25.0,OMG-LYO,,
MedioTex,MTX-000271,2026-07-08,SKU-30027,Short de sport,25.0,OMG-LIL,,
MedioTex,MTX-001263,2025-08-17,SKU-30028,Doudoune legere,26.0,OMG-MAR,,
MedioTex,MTX-000308,2026-06-23,SKU-30026,Chemise popeline,36.0,OMG-LIL,,
MedioTex,MTX-001278,2025-07-06,SKU-30023,Veste softshell,31.0,OMG-LYO,,
MedioTex,MTX-000959,2025-04-04,SKU-30021,T-shirt coton uni,19.0,OMG-MAR,,
MedioTex,MTX-000202,2025-08-20,SKU-30022,Jean coupe droite,12.0,OMG-MAR,,
MedioTex,MTX-000308,2026-06-23,SKU-30025,Pull col rond,13.0,OMG-LIL,,
MedioTex,MTX-000878,2025-11-28,SKU-30029,Casquette coton,18.0,OMG-MAR,,
MedioTex,MTX-000184,2026-01-24,SKU-30027,Short de sport,15.0,OMG-LYO,,
MedioTex,MTX-001243,2026-03-24,SKU-30028,Doudoune legere,34.0,OMG-MAR,,
MedioTex,MTX-001220,2026-04-01,SKU-30024,Chaussettes x3,29.0,OMG-LYO,,
MedioTex,MTX-000357,2025-02-16,SKU-30028,Doudoune legere,22.0,OMG-LYO,,
MedioTex,MTX-000779,2026-05-08,SKU-30021,T-shirt coton uni,19.0,OMG-LYO,,
MedioTex,MTX-000869,2026-05-28,SKU-30024,Chaussettes x3,37.0,OMG-LIL,,
MedioTex,MTX-001303,2025-09-12,SKU-30023,Veste softshell,37.0,OMG-MAR,,
MedioTex,MTX-001300,2026-06-14,SKU-30025,Pull col rond,2.0,OMG-LIL,,
MedioTex,MTX-000565,2026-01-20,SKU-30025,Pull col rond,10.0,OMG-LYO,,
MedioTex,MTX-000110,2025-07-04,SKU-30024,Chaussettes x3,20.0,OMG-MAR,,
MedioTex,MTX-000442,2026-01-04,SKU-30027,Short de sport,10.0,OMG-LYO,,
MedioTex,MTX-000762,2026-05-21,SKU-30026,Chemise popeline,40.0,OMG-MAR,,
MedioTex,MTX-001036,2025-05-21,SKU-30022,Jean coupe droite,22.0,OMG-LYO,,
MedioTex,MTX-000271,2026-07-08,SKU-30026,Chemise popeline,30.0,OMG-LIL,,
MedioTex,MTX-001060,2025-09-26,SKU-30023,Veste softshell,19.0,OMG-LIL,,
MedioTex,MTX-000634,2025-10-18,SKU-30028,Doudoune legere,32.0,OMG-MAR,,
MedioTex,MTX-001324,2026-07-30,SKU-30026,Chemise popeline,38.0,OMG-LYO,,
MedioTex,MTX-000432,2025-12-13,SKU-30029,Casquette coton,6.0,OMG-MAR,,
MedioTex,MTX-000354,2025-07-04,SKU-30027,Short de sport,24.0,OMG-LIL,,
MedioTex,MTX-000698,2025-08-02,SKU-30022,Jean coupe droite,8.0,OMG-LIL,,
MedioTex,MTX-000585,2025-09-01,SKU-30025,Pull col rond,34.0,OMG-MAR,,
MedioTex,MTX-001192,2026-07-07,SKU-30028,Doudoune legere,33.0,OMG-LIL,,
MedioTex,MTX-001258,2026-03-06,SKU-30026,Chemise popeline,27.0,OMG-LIL,,
MedioTex,MTX-001374,2025-11-30,SKU-30024,Chaussettes x3,19.0,OMG-LYO,,
MedioTex,MTX-000292,2025-05-21,SKU-30030,Robe ete,2.0,OMG-LIL,,
MedioTex,MTX-000430,2025-06-10,SKU-30025,Pull col rond,40.0,OMG-LYO,,
MedioTex,MTX-000417,2026-06-28,SKU-30025,Pull col rond,21.0,OMG-MAR,,
MedioTex,MTX-000465,2026-01-15,SKU-30021,T-shirt coton uni,3.0,OMG-LYO,,
MedioTex,MTX-000139,2026-04-20,SKU-30027,Short de sport,24.0,OMG-MAR,,
MedioTex,MTX-001327,2025-04-01,SKU-30030,Robe ete,38.0,OMG-MAR,,
MedioTex,MTX-000715,2025-11-11,SKU-30029,Casquette coton,23.0,OMG-LYO,,
MedioTex,MTX-000319,2025-08-14,SKU-30030,Robe ete,6.0,OMG-LYO,,
MedioTex,MTX-000558,2026-02-13,SKU-30024,Chaussettes x3,32.0,OMG-LYO,,
MedioTex,MTX-000314,2025-01-07,SKU-30024,Chaussettes x3,3.0,OMG-MAR,,
MedioTex,MTX-001339,2025-09-29,SKU-30021,T-shirt coton uni,14.0,OMG-LIL,,
MedioTex,MTX-000735,2025-08-04,SKU-30024,Chaussettes x3,35.0,OMG-LYO,,
MedioTex,MTX-001113,2025-04-30,SKU-30021,T-shirt coton uni,32.0,OMG-MAR,,
MedioTex,MTX-001277,2025-06-18,SKU-30029,Casquette coton,21.0,OMG-LYO,,
MedioTex,MTX-001275,2026-02-09,SKU-30021,T-shirt coton uni,23.0,OMG-LYO,,
MedioTex,MTX-000745,2026-06-18,SKU-30028,Doudoune legere,11.0,OMG-LIL,,
MedioTex,MTX-000073,2025-05-20,SKU-30030,Robe ete,25.0,OMG-MAR,,
MedioTex,MTX-001142,2026-04-24,SKU-30029,Casquette coton,15.0,OMG-MAR,,
MedioTex,MTX-000295,2026-01-28,SKU-30023,Veste softshell,5.0,OMG-LYO,,
MedioTex,MTX-000905,2026-01-02,SKU-30021,T-shirt coton uni,21.0,OMG-LIL,,
MedioTex,MTX-000620,2026-03-11,SKU-30024,Chaussettes x3,39.0,OMG-LYO,,
MedioTex,MTX-000656,2025-06-21,SKU-30023,Veste softshell,11.0,OMG-LYO,,
MedioTex,MTX-001059,2025-01-16,SKU-30030,Robe ete,25.0,OMG-LYO,,
MedioTex,MTX-000642,2025-09-21,SKU-30030,Robe ete,2.0,OMG-LIL,,
MedioTex,MTX-000224,2026-06-13,SKU-30022,Jean coupe droite,28.0,OMG-MAR,,
MedioTex,MTX-001192,2026-07-07,SKU-30024,Chaussettes x3,14.0,OMG-LIL,,
MedioTex,MTX-000789,2026-03-01,SKU-30029,Casquette coton,10.0,OMG-MAR,,
MedioTex,MTX-000485,2025-08-19,SKU-30022,Jean coupe droite,40.0,OMG-LYO,,
MedioTex,MTX-000670,2025-05-31,SKU-30021,T-shirt coton uni,25.0,OMG-LYO,,
MedioTex,MTX-000645,2026-01-15,SKU-30025,Pull col rond,14.0,OMG-MAR,,
MedioTex,MTX-000228,2025-01-02,SKU-30024,Chaussettes x3,3.0,OMG-MAR,,
MedioTex,MTX-000610,2025-11-02,SKU-30029,Casquette coton,2.0,OMG-LIL,,
MedioTex,MTX-000161,2025-11-23,SKU-30029,Casquette coton,9.0,OMG-MAR,,
MedioTex,MTX-000548,2025-04-03,SKU-30024,Chaussettes x3,18.0,OMG-LIL,,
MedioTex,MTX-000081,2026-05-19,SKU-30025,Pull col rond,27.0,OMG-LYO,,
MedioTex,MTX-000017,2025-05-01,SKU-30029,Casquette coton,4.0,OMG-LIL,,
MedioTex,MTX-001006,2025-08-18,SKU-30022,Jean coupe droite,33.0,OMG-MAR,,
MedioTex,MTX-001278,2025-07-06,SKU-30029,Casquette coton,18.0,OMG-LYO,,
MedioTex,MTX-000417,2026-06-28,SKU-30021,T-shirt coton uni,6.0,OMG-MAR,,
MedioTex,MTX-000346,2026-03-29,SKU-30024,Chaussettes x3,39.0,OMG-MAR,,
MedioTex,MTX-001371,2025-03-11,SKU-30024,Chaussettes x3,23.0,OMG-LYO,,
MedioTex,MTX-000276,2026-05-24,SKU-30027,Short de sport,22.0,OMG-LIL,,
MedioTex,MTX-001327,2025-04-01,SKU-30023,Veste softshell,37.0,OMG-MAR,,
MedioTex,MTX-000357,2025-02-16,SKU-30025,Pull col rond,24.0,OMG-LYO,,
MedioTex,MTX-000566,2025-02-05,SKU-30026,Chemise popeline,17.0,OMG-LYO,,
MedioTex,MTX-001047,2025-02-26,SKU-30024,Chaussettes x3,8.0,OMG-LIL,,
MedioTex,MTX-000030,2025-01-22,SKU-30023,Veste softshell,38.0,OMG-LIL,,
MedioTex,MTX-001364,2026-06-08,SKU-30027,Short de sport,36.0,OMG-LIL,,
MedioTex,MTX-000354,2025-07-04,SKU-30023,Veste softshell,32.0,OMG-LIL,,
MedioTex,MTX-000973,2026-02-04,SKU-30025,Pull col rond,36.0,OMG-LIL,,
MedioTex,MTX-001327,2025-04-01,SKU-30023,Veste softshell,29.0,OMG-MAR,,
MedioTex,MTX-000534,2025-06-06,SKU-30021,T-shirt coton uni,17.0,OMG-LYO,,
MedioTex,MTX-000593,2026-03-11,SKU-30030,Robe ete,27.0,OMG-LYO,,
MedioTex,MTX-000789,2026-03-01,SKU-30021,T-shirt coton uni,34.0,OMG-MAR,,
MedioTex,MTX-001254,2026-01-25,SKU-30026,Chemise popeline,9.0,OMG-MAR,,
MedioTex,MTX-000312,2025-10-06,SKU-30022,Jean coupe droite,33.0,OMG-MAR,,
MedioTex,MTX-001216,2025-04-14,SKU-30022,Jean coupe droite,37.0,OMG-LIL,,
MedioTex,MTX-001218,2026-05-09,SKU-30024,Chaussettes x3,32.0,OMG-LYO,,
MedioTex,MTX-000796,2026-06-14,SKU-30026,Chemise popeline,13.0,OMG-LIL,,
MedioTex,MTX-000953,2026-01-26,SKU-30028,Doudoune legere,30.0,OMG-LIL,,
MedioTex,MTX-000384,2026-03-10,SKU-30022,Jean coupe droite,37.0,OMG-LYO,,
MedioTex,MTX-000566,2025-02-05,SKU-30027,Short de sport,27.0,OMG-LYO,,
MedioTex,MTX-001006,2025-08-18,SKU-30027,Short de sport,36.0,OMG-MAR,,
MedioTex,MTX-000053,2025-08-26,SKU-30030,Robe ete,7.0,OMG-LIL,,
MedioTex,MTX-001247,2026-05-01,SKU-30028,Doudoune legere,40.0,OMG-LYO,,
MedioTex,MTX-000430,2025-06-10,SKU-30023,Veste softshell,19.0,OMG-LYO,,
MedioTex,MTX-000697,2025-07-10,SKU-30025,Pull col rond,39.0,OMG-LIL,,
MedioTex,MTX-000271,2026-07-08,SKU-30025,Pull col rond,14.0,OMG-LIL,,
MedioTex,MTX-000135,2025-08-31,SKU-30028,Doudoune legere,33.0,OMG-MAR,,
MedioTex,MTX-001092,2025-06-27,SKU-30028,Doudoune legere,37.0,OMG-MAR,,
MedioTex,MTX-001150,2026-03-20,SKU-30026,Chemise popeline,16.0,OMG-MAR,,
MedioTex,MTX-000596,2025-09-20,SKU-30028,Doudoune legere,10.0,OMG-LIL,,
MedioTex,MTX-000150,2026-01-06,SKU-30030,Robe ete,15.0,OMG-LIL,,
MedioTex,MTX-001100,2026-06-24,SKU-30024,Chaussettes x3,29.0,OMG-LIL,,
MedioTex,MTX-001287,2026-07-18,SKU-30025,Pull col rond,33.0,OMG-LYO,,
MedioTex,MTX-000837,2025-04-11,SKU-30030,Robe ete,23.0,OMG-LIL,,
MedioTex,MTX-000432,2025-12-13,SKU-30028,Doudoune legere,37.0,OMG-MAR,,
MedioTex,MTX-000186,2025-03-05,SKU-30021,T-shirt coton uni,20.0,OMG-LYO,,
MedioTex,MTX-000827,2025-02-12,SKU-30025,Pull col rond,37.0,OMG-LIL,,
MedioTex,MTX-001326,2026-07-27,SKU-30027,Short de sport,19.0,OMG-LIL,,
MedioTex,MTX-000286,2026-05-05,SKU-30027,Short de sport,7.0,OMG-MAR,,
MedioTex,MTX-000626,2025-12-30,SKU-30030,Robe ete,37.0,OMG-MAR,,
MedioTex,MTX-000796,2026-06-14,SKU-30024,Chaussettes x3,4.0,OMG-LIL,,
MedioTex,MTX-000167,2026-05-02,SKU-30029,Casquette coton,21.0,OMG-LYO,,
MedioTex,MTX-000105,2025-05-27,SKU-30022,Jean coupe droite,33.0,OMG-MAR,,
MedioTex,MTX-000884,2025-01-07,SKU-30027,Short de sport,15.0,OMG-MAR,,
MedioTex,MTX-000724,2025-01-07,SKU-30024,Chaussettes x3,40.0,OMG-MAR,,
MedioTex,MTX-000547,2026-04-12,SKU-30026,Chemise popeline,11.0,OMG-LIL,,
MedioTex,MTX-000897,2025-01-19,SKU-30025,Pull col rond,28.0,OMG-MAR,,
MedioTex,MTX-000449,2025-08-02,SKU-30022,Jean coupe droite,39.0,OMG-LIL,,
MedioTex,MTX-000911,2025-09-12,SKU-30024,Chaussettes x3,36.0,OMG-LIL,,
MedioTex,MTX-000837,2025-04-11,SKU-30023,Veste softshell,15.0,OMG-LIL,,
MedioTex,MTX-001367,2026-06-05,SKU-30025,Pull col rond,3.0,OMG-MAR,,
MedioTex,MTX-000767,2026-07-30,SKU-30027,Short de sport,11.0,OMG-LYO,,
MedioTex,MTX-000116,2026-02-11,SKU-30029,Casquette coton,35.0,OMG-LYO,,
MedioTex,MTX-000146,2025-06-24,SKU-30028,Doudoune legere,23.0,OMG-LIL,,
MedioTex,MTX-000734,2026-07-14,SKU-30025,Pull col rond,36.0,OMG-MAR,,
MedioTex,MTX-000032,2026-07-14,SKU-30027,Short de sport,25.0,OMG-LYO,,
MedioTex,MTX-000861,2026-05-23,SKU-30023,Veste softshell,29.0,OMG-LIL,,
MedioTex,MTX-001077,2026-03-06,SKU-30025,Pull col rond,6.0,OMG-LIL,,
MedioTex,MTX-001210,2025-08-19,SKU-30021,T-shirt coton uni,20.0,OMG-MAR,,
MedioTex,MTX-001025,2025-08-19,SKU-30022,Jean coupe droite,39.0,OMG-MAR,,
MedioTex,MTX-000305,2025-10-01,SKU-30030,Robe ete,27.0,OMG-LYO,,
MedioTex,MTX-000596,2025-09-20,SKU-30023,Veste softshell,33.0,OMG-LIL,,
MedioTex,MTX-000117,2026-03-07,SKU-30021,T-shirt coton uni,25.0,OMG-MAR,,
MedioTex,MTX-001252,2025-05-02,SKU-30023,Veste softshell,26.0,OMG-LIL,,
MedioTex,MTX-001117,2025-10-07,SKU-30030,Robe ete,17.0,OMG-LIL,,
MedioTex,MTX-000862,2025-06-19,SKU-30022,Jean coupe droite,18.0,OMG-MAR,,
MedioTex,MTX-001199,2025-05-12,SKU-30027,Short de sport,11.0,OMG-LIL,,
MedioTex,MTX-000837,2025-04-11,SKU-30027,Short de sport,5.0,OMG-LIL,,
MedioTex,MTX-000008,2026-04-19,SKU-30029,Casquette coton,1.0,OMG-MAR,,
MedioTex,MTX-001368,2025-08-08,SKU-30024,Chaussettes x3,17.0,OMG-MAR,,
MedioTex,MTX-000365,2026-05-12,SKU-30028,Doudoune legere,35.0,OMG-MAR,,
MedioTex,MTX-000565,2026-01-20,SKU-30022,Jean coupe droite,19.0,OMG-LYO,,
MedioTex,MTX-001083,2026-04-27,SKU-30022,Jean coupe droite,29.0,OMG-LYO,,
MedioTex,MTX-000057,2025-07-26,SKU-30021,T-shirt coton uni,11.0,OMG-LYO,,
MedioTex,MTX-000604,2025-02-20,SKU-30024,Chaussettes x3,36.0,OMG-LIL,,
MedioTex,MTX-001125,2025-11-25,SKU-30021,T-shirt coton uni,32.0,OMG-LYO,,
MedioTex,MTX-001166,2025-04-09,SKU-30022,Jean coupe droite,39.0,OMG-LIL,,
MedioTex,MTX-000730,2025-05-28,SKU-30029,Casquette coton,40.0,OMG-MAR,,
MedioTex,MTX-000964,2026-02-06,SKU-30029,Casquette coton,24.0,OMG-MAR,,
MedioTex,MTX-001397,2025-09-15,SKU-30022,Jean coupe droite,26.0,OMG-LYO,,
MedioTex,MTX-000639,2025-04-18,SKU-30025,Pull col rond,1.0,OMG-MAR,,
MedioTex,MTX-001092,2025-06-27,SKU-30028,Doudoune legere,2.0,OMG-MAR,,
MedioTex,MTX-000649,2025-11-19,SKU-30027,Short de sport,12.0,OMG-LYO,,
MedioTex,MTX-000626,2025-12-30,SKU-30025,Pull col rond,27.0,OMG-MAR,,
MedioTex,MTX-000032,2026-07-14,SKU-30025,Pull col rond,36.0,OMG-LYO,,
MedioTex,MTX-001129,2025-03-01,SKU-30024,Chaussettes x3,1.0,OMG-LYO,,
MedioTex,MTX-001176,2025-09-14,SKU-30029,Casquette coton,10.0,OMG-MAR,,
MedioTex,MTX-000801,2025-06-25,SKU-30021,T-shirt coton uni,4.0,OMG-LIL,,
MedioTex,MTX-000465,2026-01-15,SKU-30026,Chemise popeline,4.0,OMG-LYO,,
MedioTex,MTX-000496,2025-04-01,SKU-30022,Jean coupe droite,21.0,OMG-MAR,,
MedioTex,MTX-000884,2025-01-07,SKU-30024,Chaussettes x3,17.0,OMG-MAR,,
MedioTex,MTX-001223,2025-05-23,SKU-30030,Robe ete,22.0,OMG-MAR,,
MedioTex,MTX-001286,2025-09-04,SKU-30029,Casquette coton,37.0,OMG-MAR,,
MedioTex,MTX-001399,2025-06-18,SKU-30022,Jean coupe droite,1.0,OMG-MAR,,
MedioTex,MTX-000200,2025-06-09,SKU-30030,Robe ete,7.0,OMG-LYO,,
MedioTex,MTX-001303,2025-09-12,SKU-30026,Chemise popeline,25.0,OMG-MAR,,
MedioTex,MTX-001145,2025-10-08,SKU-30026,Chemise popeline,14.0,OMG-MAR,,
MedioTex,MTX-001098,2025-11-04,SKU-30026,Chemise popeline,37.0,OMG-LIL,,
MedioTex,MTX-000442,2026-01-04,SKU-30023,Veste softshell,1.0,OMG-LYO,,
MedioTex,MTX-001319,2025-11-19,SKU-30024,Chaussettes x3,36.0,OMG-LYO,,
MedioTex,MTX-000069,2025-01-12,SKU-30023,Veste softshell,5.0,OMG-LIL,,
MedioTex,MTX-001258,2026-03-06,SKU-30023,Veste softshell,14.0,OMG-LIL,,
MedioTex,MTX-001098,2025-11-04,SKU-30029,Casquette coton,4.0,OMG-LIL,,
MedioTex,MTX-000973,2026-02-04,SKU-30025,Pull col rond,35.0,OMG-LIL,,
MedioTex,MTX-000683,2025-10-14,SKU-30024,Chaussettes x3,1.0,OMG-LYO,,
MedioTex,MTX-000432,2025-12-13,SKU-30026,Chemise popeline,13.0,OMG-MAR,,
MedioTex,MTX-000760,2026-01-06,SKU-30025,Pull col rond,11.0,OMG-LIL,,
MedioTex,MTX-000063,2026-05-01,SKU-30024,Chaussettes x3,18.0,OMG-LIL,,
MedioTex,MTX-000435,2026-01-30,SKU-30026,Chemise popeline,36.0,OMG-LYO,,
MedioTex,MTX-001213,2025-04-09,SKU-30025,Pull col rond,37.0,OMG-MAR,,
MedioTex,MTX-001095,2025-07-12,SKU-30021,T-shirt coton uni,2.0,OMG-LIL,,
MedioTex,MTX-001319,2025-11-19,SKU-30028,Doudoune legere,23.0,OMG-LYO,,
MedioTex,MTX-000996,2026-07-31,SKU-30023,Veste softshell,2.0,OMG-LYO,,
MedioTex,MTX-001254,2026-01-25,SKU-30021,T-shirt coton uni,22.0,OMG-MAR,,
MedioTex,MTX-000171,2026-06-06,SKU-30024,Chaussettes x3,13.0,OMG-MAR,,
MedioTex,MTX-000346,2026-03-29,SKU-30027,Short de sport,37.0,OMG-MAR,,
MedioTex,MTX-000095,2025-06-17,SKU-30026,Chemise popeline,37.0,OMG-MAR,,
MedioTex,MTX-001091,2025-08-31,SKU-30026,Chemise popeline,13.0,OMG-LYO,,
MedioTex,MTX-000258,2025-10-29,SKU-30028,Doudoune legere,3.0,OMG-MAR,,
MedioTex,MTX-001237,2025-04-16,SKU-30023,Veste softshell,16.0,OMG-MAR,,
MedioTex,MTX-000899,2025-11-05,SKU-30023,Veste softshell,6.0,OMG-LYO,,
MedioTex,MTX-000817,2026-02-07,SKU-30025,Pull col rond,34.0,OMG-LIL,,
MedioTex,MTX-001096,2026-03-08,SKU-30026,Chemise popeline,7.0,OMG-LIL,,
MedioTex,MTX-000937,2025-11-25,SKU-30022,Jean coupe droite,39.0,OMG-LIL,,
MedioTex,MTX-000520,2025-09-11,SKU-30028,Doudoune legere,32.0,OMG-MAR,,
MedioTex,MTX-001276,2026-02-27,SKU-30029,Casquette coton,25.0,OMG-LIL,,
MedioTex,MTX-000197,2025-09-28,SKU-30024,Chaussettes x3,34.0,OMG-LYO,,
MedioTex,MTX-001004,2025-09-20,SKU-30025,Pull col rond,22.0,OMG-MAR,,
MedioTex,MTX-000252,2026-07-21,SKU-30024,Chaussettes x3,16.0,OMG-MAR,,
MedioTex,MTX-000649,2025-11-19,SKU-30027,Short de sport,3.0,OMG-LYO,,
MedioTex,MTX-001214,2025-09-25,SKU-30022,Jean coupe droite,27.0,OMG-LIL,,
MedioTex,MTX-000158,2025-04-27,SKU-30029,Casquette coton,29.0,OMG-MAR,,
MedioTex,MTX-000598,2026-03-12,SKU-30024,Chaussettes x3,31.0,OMG-LIL,,
MedioTex,MTX-000466,2026-06-11,SKU-30028,Doudoune legere,40.0,OMG-LIL,,
MedioTex,MTX-000643,2026-04-18,SKU-30029,Casquette coton,25.0,OMG-MAR,,
MedioTex,MTX-001400,2026-04-01,SKU-30030,Robe ete,4.0,OMG-LIL,,
MedioTex,MTX-000576,2026-07-25,SKU-30022,Jean coupe droite,31.0,OMG-MAR,,
MedioTex,MTX-001227,2025-12-09,SKU-30024,Chaussettes x3,14.0,OMG-MAR,,
MedioTex,MTX-000598,2026-03-12,SKU-30030,Robe ete,35.0,OMG-LIL,,
MedioTex,MTX-000066,2025-04-17,SKU-30029,Casquette coton,18.0,OMG-MAR,,
MedioTex,MTX-000154,2025-05-17,SKU-30027,Short de sport,7.0,OMG-LYO,,
MedioTex,MTX-000040,2025-01-21,SKU-30025,Pull col rond,25.0,OMG-MAR,,
MedioTex,MTX-001064,2025-10-10,SKU-30027,Short de sport,24.0,OMG-MAR,,
MedioTex,MTX-000257,2025-03-05,SKU-30025,Pull col rond,26.0,OMG-LIL,,
MedioTex,MTX-000077,2026-01-21,SKU-30024,Chaussettes x3,39.0,OMG-MAR,,
